0.000000000000000000e+00,-6.408910301498278450e-01
2.083333333333333218e-02,-1.296171740843055975e+00
4.166666666666666435e-02,-6.260717814058029962e-01
6.250000000000000000e-02,-1.916297788415621817e-03
8.333333333333332871e-02,-6.517390800502081971e-01
1.041666666666666574e-01,-4.147346365533802759e-01
1.250000000000000000e-01,2.143749729351333011e-01
1.458333333333333148e-01,-1.319508968537118077e-01
1.666666666666666574e-01,-3.161360737366674667e-01
1.875000000000000000e-01,3.609582248038056829e-01
2.083333333333333148e-01,5.070587604470307985e-01
2.291666666666666574e-01,-1.363010637995085428e-01
2.500000000000000000e-01,2.281997338113791463e-01
2.708333333333333148e-01,8.069215342553506254e-01
2.916666666666666297e-01,8.107987227859744794e-02
3.125000000000000000e-01,-4.361471435901143612e-01
3.333333333333333148e-01,2.281958824658575635e-01
3.541666666666666297e-01,7.970716763124789939e-01
3.750000000000000000e-01,1.391881989564997535e-01
3.958333333333333148e-01,-2.762163465246849081e-01
4.166666666666666297e-01,4.183871838335747606e-01
4.375000000000000000e-01,1.040866947283565658e+00
4.583333333333333148e-01,3.974703888650130135e-01
4.791666666666666297e-01,-2.418178196071902319e-01
5.000000000000000000e-01,4.753668652889729840e-01
5.208333333333332593e-01,3.474803043203009145e-01
5.416666666666666297e-01,-2.913658211258213226e-01
5.625000000000000000e-01,1.446996782832309647e-01
5.833333333333332593e-01,4.773267918993061576e-01
6.041666666666666297e-01,-1.573401540316665403e-01
6.250000000000000000e-01,-7.714946764199844820e-01
6.458333333333332593e-01,-5.589155762144720763e-02
6.666666666666666297e-01,5.768993944872274904e-01
6.875000000000000000e-01,-7.159294026059820348e-02
7.083333333333332593e-01,-7.738838614756761158e-01
7.291666666666666297e-01,-9.790670187213976194e-02
7.500000000000000000e-01,5.214098108015372546e-01
7.708333333333332593e-01,-1.534608040378535876e-01
7.916666666666666297e-01,-7.812045679123894582e-01
8.125000000000000000e-01,-1.577667526039362722e-01
8.333333333333332593e-01,4.833712559774185347e-01
8.541666666666666297e-01,-1.269239378908566807e-01
8.750000000000000000e-01,-3.051149365384151491e-01
8.958333333333332593e-01,3.127431751708782404e-01
9.166666666666666297e-01,5.157049458870744951e-01
9.375000000000000000e-01,-1.852532054951419038e-01
9.583333333333332593e-01,-4.462524827079653589e-01
9.791666666666666297e-01,2.025533347345011559e-01
1.000000000000000000e+00,8.019859496622139261e-01
1.020833333333333259e+00,1.241648270326276005e-01
1.041666666666666519e+00,-5.515912607252909661e-01
1.062500000000000000e+00,1.256326416424215775e-01
1.083333333333333259e+00,6.906403674692804806e-01
1.104166666666666519e+00,6.344041396803298816e-02
1.125000000000000000e+00,-5.898440307348906675e-01
1.145833333333333259e+00,1.128891300637887563e-01
1.166666666666666519e+00,3.727280256091711763e-01
1.187500000000000000e+00,-2.421094516795410101e-01
1.208333333333333259e+00,-8.859185025854331430e-01
1.229166666666666519e+00,-1.942162962318387809e-01
1.250000000000000000e+00,4.685794374777879079e-01
1.270833333333333259e+00,-1.554512797686343206e-01
1.291666666666666519e+00,-7.642427681578134457e-01
1.312500000000000000e+00,-8.487054444357292060e-02
1.333333333333333259e+00,5.964923993657513801e-01
1.354166666666666519e+00,-7.179563157537829921e-02
1.375000000000000000e+00,-6.724055483896622665e-01
1.395833333333333259e+00,-2.893158394089540009e-02
1.416666666666666519e+00,6.332617329087235625e-01
1.437500000000000000e+00,-3.278823431849639536e-02
1.458333333333333259e+00,-5.750653410634880558e-01
1.479166666666666519e+00,4.594586038043567411e-02
1.500000000000000000e+00,6.885342486019974118e-01
1.520833333333333259e+00,-1.874005734122419220e-02
1.541666666666666519e+00,-5.195150202506408910e-01
1.562500000000000000e+00,1.042985248227116940e-01
1.583333333333333259e+00,7.149814170633742583e-01
1.604166666666666519e+00,1.810921643512161672e-02
1.625000000000000000e+00,-6.560716905576982061e-01
1.645833333333333259e+00,1.288483239079707410e-04
1.666666666666666519e+00,5.992639703717553834e-01
1.687500000000000000e+00,2.221815764645902747e-02
1.708333333333333259e+00,-3.190506512486498414e-01
1.729166666666666519e+00,3.755377742283675935e-01
1.750000000000000000e+00,8.007847684235704921e-01
1.770833333333333259e+00,1.812363983057012073e-01
1.791666666666666519e+00,-4.632289630864421803e-01
1.812500000000000000e+00,2.124316368704172731e-01
1.833333333333333259e+00,6.117501274287024948e-01
1.854166666666666519e+00,-8.868782510280767695e-03
1.875000000000000000e+00,-6.187500136264127981e-01
1.895833333333333259e+00,7.895962455970068072e-02
1.916666666666666519e+00,6.197799926211050581e-01
1.937500000000000000e+00,-3.545499871349772070e-02
1.958333333333333259e+00,-6.278867877448587320e-01
1.979166666666666519e+00,3.983774257059050083e-02
2.000000000000000000e+00,3.061310428311866394e-01
2.020833333333333037e+00,-3.876163283368786461e-01
2.041666666666666519e+00,-8.726568080335284083e-01
2.062500000000000000e+00,-2.457509661071376472e-01
2.083333333333333037e+00,3.965752340912503948e-01
2.104166666666666519e+00,-3.138739342592895554e-01
2.125000000000000000e+00,-5.706795186370898776e-01
2.145833333333333037e+00,5.680992390798467184e-02
2.166666666666666519e+00,6.600572433721946242e-01
2.187500000000000000e+00,-2.622421145868802927e-02
2.208333333333333037e+00,-7.048620136626613242e-01
2.229166666666666519e+00,-4.157141781897980004e-02
2.250000000000000000e+00,5.615757531909508771e-01
2.270833333333333037e+00,-9.286191214042949227e-02
2.291666666666666519e+00,-6.339028055434222653e-01
2.312500000000000000e+00,7.805061139156510563e-02
2.333333333333333037e+00,7.091156127621629501e-01
2.354166666666666519e+00,8.354082758492209493e-02
2.375000000000000000e+00,-5.454687184710409475e-01
2.395833333333333037e+00,1.561604844279664561e-01
2.416666666666666519e+00,8.389401805685055002e-01
2.437500000000000000e+00,1.908510958757198284e-01
2.458333333333333037e+00,-4.199306353483763798e-01
2.479166666666666519e+00,2.479422181059584007e-01
2.500000000000000000e+00,6.357428923234448304e-01
2.520833333333333037e+00,-4.576295118624110203e-02
2.541666666666666519e+00,-6.554564711172234936e-01
2.562500000000000000e+00,-2.248105118021523352e-02
2.583333333333333037e+00,6.286040472294309733e-01
2.604166666666666519e+00,-6.276028738565836429e-02
2.625000000000000000e+00,-7.041769466172805858e-01
2.645833333333333037e+00,-8.520195318380791027e-02
2.666666666666666519e+00,5.333020684996609972e-01
2.687500000000000000e+00,-1.538063105897680971e-01
2.708333333333333037e+00,-8.407877763774109781e-01
2.729166666666666519e+00,-1.883421972087374052e-01
2.750000000000000000e+00,4.231376475427492401e-01
2.770833333333333037e+00,-2.241159335888279203e-02
2.791666666666666519e+00,-5.119540115159226801e-01
2.812500000000000000e+00,1.893111937326083238e-01
2.833333333333333037e+00,8.104504271834184204e-01
2.854166666666666519e+00,1.761766584305757555e-01
2.875000000000000000e+00,-4.684774736143793583e-01
2.895833333333333037e+00,2.452476204858663189e-01
2.916666666666666519e+00,5.964616789706211897e-01
2.937500000000000000e+00,-3.054280583799209858e-02
2.958333333333333037e+00,-6.372075844268931810e-01
2.979166666666666519e+00,4.628529926875740719e-02
3.000000000000000000e+00,7.328781879017711720e-01
3.020833333333333037e+00,6.931769409174470820e-02
3.041666666666666519e+00,-5.455175210357157134e-01
3.062500000000000000e+00,1.128597022739855349e-01
3.083333333333333037e+00,3.880133752743663567e-01
3.104166666666666519e+00,-3.333004704222486403e-01
3.125000000000000000e+00,-8.245889667994847905e-01
3.145833333333333037e+00,-1.932439592252514493e-01
3.166666666666666519e+00,4.390640792968602546e-01
3.187500000000000000e+00,-2.325807343070792343e-01
3.208333333333333037e+00,-5.639726119203095633e-01
3.229166666666666519e+00,8.489964654745948969e-02
3.250000000000000000e+00,6.843555929566966789e-01
3.270833333333333037e+00,4.698724865436404441e-03
3.291666666666666519e+00,-6.738527212376779207e-01
3.312500000000000000e+00,6.360261456613558462e-04
3.333333333333333037e+00,6.051671480655219648e-01
3.354166666666666519e+00,-3.250987404993516128e-02
3.375000000000000000e+00,-6.920806124451752694e-01
3.395833333333333037e+00,2.181906199675304192e-02
3.416666666666666519e+00,6.557417283342592551e-01
3.437500000000000000e+00,2.742907435221475509e-02
3.458333333333333037e+00,-5.998165285170407035e-01
3.479166666666666519e+00,1.091115920155038832e-01
3.500000000000000000e+00,7.891844561313294815e-01
3.520833333333333037e+00,1.386817709759937400e-01
3.541666666666666519e+00,-4.691316475616989501e-01
3.562500000000000000e+00,2.031202473427221322e-01
3.583333333333333037e+00,8.890707459995362827e-01
3.604166666666666519e+00,2.036982572332149688e-01
3.625000000000000000e+00,-4.119933380423602687e-01
3.645833333333333037e+00,-1.359308129683023392e-02
3.666666666666666519e+00,5.184506549406062703e-01
3.687500000000000000e+00,-2.002726762920901682e-01
3.708333333333333037e+00,-8.463989813610099944e-01
3.729166666666666519e+00,-2.134911070555288726e-01
3.750000000000000000e+00,3.855851079889880961e-01
3.770833333333333037e+00,-3.048742290570063962e-01
3.791666666666666519e+00,-4.316020278999451176e-01
3.812500000000000000e+00,2.265471377935952824e-01
3.833333333333333037e+00,4.272701622439476488e-01
3.854166666666666519e+00,-2.322058655934700899e-01
3.875000000000000000e+00,-5.611694218608790363e-01
3.895833333333333037e+00,1.451728420171463918e-01
3.916666666666666519e+00,7.689399660927641600e-01
3.937500000000000000e+00,1.410226976677532718e-01
3.958333333333333037e+00,-5.033974637581821732e-01
3.979166666666666519e+00,2.065541367876960188e-01
4.000000000000000000e+00,4.020436723150610514e-01
4.020833333333333037e+00,-2.211860582331787173e-01
4.041666666666666075e+00,-7.332035947103996421e-01
4.062500000000000000e+00,-6.668840671373219009e-02
4.083333333333333037e+00,6.124407354138762249e-01
4.104166666666666075e+00,-4.267008717533149476e-02
4.125000000000000000e+00,-6.400988140079679756e-01
4.145833333333333037e+00,1.882427163475325349e-02
4.166666666666666075e+00,6.917380519420170959e-01
4.187500000000000000e+00,-1.112188984060705210e-02
4.208333333333333037e+00,-6.317368364023923100e-01
4.229166666666666075e+00,-1.262976711976505906e-02
4.250000000000000000e+00,6.304458838822996070e-01
4.270833333333333037e+00,-4.257943464395688715e-02
4.291666666666666075e+00,-6.890811754943056977e-01
4.312500000000000000e+00,-7.330202968712100364e-02
4.333333333333333037e+00,5.393200249819644077e-01
4.354166666666666075e+00,-1.502839149213600067e-01
4.375000000000000000e+00,-5.722798283110372974e-01
4.395833333333333037e+00,8.269338391377609176e-02
4.416666666666666075e+00,6.833651014694492876e-01
4.437500000000000000e+00,1.845903060440567955e-02
4.458333333333333037e+00,-6.542692088407265905e-01
4.479166666666666075e+00,2.896849686672964275e-02
4.500000000000000000e+00,6.419247107394114860e-01
4.520833333333333037e+00,2.430031121103976011e-02
4.541666666666666075e+00,-6.175789878602172545e-01
4.562500000000000000e+00,5.355864918099137451e-02
4.583333333333333037e+00,7.040555845076306163e-01
4.604166666666666075e+00,8.430387234990488476e-02
4.625000000000000000e+00,-5.229393461388387454e-01
4.645833333333333037e+00,1.631450673431943110e-01
4.666666666666666075e+00,8.379665500909057041e-01
4.687500000000000000e+00,1.780005068253680267e-01
4.708333333333333037e+00,-4.169168856114526811e-01
4.729166666666666075e+00,1.776303313340155121e-01
4.750000000000000000e+00,3.344203308991852697e-01
4.770833333333333037e+00,-3.435520650020388311e-01
4.791666666666666075e+00,-4.420617348948935321e-01
4.812500000000000000e+00,1.766116945568311780e-01
4.833333333333333037e+00,2.891847607141309617e-01
4.854166666666666075e+00,-4.163269324022054185e-01
4.875000000000000000e+00,-2.806873760593820988e-01
4.895833333333333037e+00,3.565506671229941027e-01
4.916666666666666075e+00,-3.363116260252304035e-01
4.937500000000000000e+00,-3.438660296235262481e-01
4.958333333333333037e+00,2.800944308932372118e-01
4.979166666666666075e+00,8.580691770910613136e-02
5.000000000000000000e+00,-6.179227024760942655e-01
5.020833333333333037e+00,4.508150894699516908e-02
5.041666666666666075e+00,6.892972487097419609e-01
5.062500000000000000e+00,9.443895387037519462e-02
5.083333333333333037e+00,-5.798984234267834381e-01
5.104166666666666075e+00,8.702352296436202672e-02
5.125000000000000000e+00,7.630745070878875991e-01
5.145833333333333037e+00,1.660805478445706862e-01
5.166666666666666075e+00,-4.656287829471751905e-01
5.187500000000000000e+00,1.057226182567233969e-01
5.208333333333333037e+00,3.203145955143538171e-01
5.229166666666666075e+00,-3.080826439074528800e-01
5.250000000000000000e+00,-4.762812998132693876e-01
5.270833333333333037e+00,1.555110888906534039e-01
5.291666666666666075e+00,3.568020166536872706e-01
5.312500000000000000e+00,-2.852327004983946090e-01
5.333333333333333037e+00,-5.019394353347956805e-01
5.354166666666666075e+00,1.265897313892953846e-01
5.375000000000000000e+00,5.824545569331859296e-01
5.395833333333333037e+00,-5.726641863737158555e-02
5.416666666666666075e+00,-7.283065287251692110e-01
5.437500000000000000e+00,-2.665786772082553990e-02
5.458333333333333037e+00,6.273787403631173598e-01
5.479166666666666075e+00,-1.220967620290777655e-02
5.500000000000000000e+00,-6.773482540278474850e-01
5.520833333333333037e+00,2.420573316706919886e-03
5.541666666666666075e+00,6.503288148351418219e-01
5.562500000000000000e+00,-1.887682153937150775e-02
5.583333333333333037e+00,-6.499899381384474095e-01
5.604166666666666075e+00,-2.689238650973230227e-03
5.625000000000000000e+00,6.616841067858292291e-01
5.645833333333333037e+00,-3.274030878479350370e-02
5.666666666666666075e+00,-6.551665452667776446e-01
5.687500000000000000e+00,-3.644375041228979650e-02
5.708333333333333037e+00,6.017263732897837336e-01
5.729166666666666075e+00,-5.009971194307075160e-02
5.750000000000000000e+00,-7.028196436329234853e-01
5.770833333333333037e+00,-6.222392433260287570e-02
5.791666666666666075e+00,5.430487012651011858e-01
5.812500000000000000e+00,-3.636413628310777857e-02
5.833333333333333037e+00,-3.068008609879070425e-01
5.854166666666666075e+00,3.313845718700970666e-01
5.875000000000000000e+00,7.516978254263475545e-01
5.895833333333333037e+00,9.826352475663779895e-02
5.916666666666666075e+00,-5.747548488105346243e-01
5.937500000000000000e+00,1.967537247238054787e-02
5.958333333333333037e+00,6.398001747180980248e-01
5.979166666666666075e+00,-5.777819408660428424e-03
6.000000000000000000e+00,-6.423472976284927416e-01
6.020833333333333037e+00,-5.247273448149057662e-02
6.041666666666666075e+00,6.072918629258600154e-01
6.062500000000000000e+00,-5.362971364611116010e-02
6.083333333333333037e+00,-6.542497257199358929e-01
6.104166666666666075e+00,-2.745007244804981150e-02
6.125000000000000000e+00,6.477226085004554879e-01
6.145833333333333037e+00,1.519818565363045826e-02
6.166666666666666075e+00,-5.746944177449622160e-01
6.187500000000000000e+00,7.933775428418807230e-02
6.208333333333333037e+00,7.324419711309213543e-01
6.229166666666666075e+00,1.394971653326927408e-01
6.250000000000000000e+00,-4.850117680813376686e-01
6.270833333333333037e+00,1.900773288859028687e-01
6.291666666666666075e+00,4.070806352819276719e-01
6.312500000000000000e+00,-1.968482841016376828e-01
6.333333333333333037e+00,-8.587177199887743306e-01
6.354166666666666075e+00,-1.966401578714193077e-01
6.375000000000000000e+00,3.914809258470886011e-01
6.395833333333333037e+00,-2.069283549528775357e-01
6.416666666666666075e+00,-3.104807085260724020e-01
6.437500000000000000e+00,3.167449382882008280e-01
6.458333333333333037e+00,2.253989242212051936e-01
6.479166666666666075e+00,-4.429568053010676243e-01
6.500000000000000000e+00,2.112016189726088344e-01
6.520833333333333037e+00,6.123093196923500292e-01
6.541666666666666075e+00,-2.417317132956287029e-02
6.562500000000000000e+00,-6.870354278733084019e-01
6.583333333333333037e+00,-5.668144379298598046e-02
6.604166666666666075e+00,5.398661148061149051e-01
6.625000000000000000e+00,-1.352901771152290877e-01
6.645833333333333037e+00,-7.465165734161870459e-01
6.666666666666666075e+00,-1.378685243179395836e-01
6.687500000000000000e+00,4.916556100201622259e-01
6.708333333333333037e+00,-8.612098402367406036e-02
6.729166666666666075e+00,-2.587459830347422773e-01
6.750000000000000000e+00,3.533834258388434124e-01
6.770833333333333037e+00,5.081776375211521923e-01
6.791666666666666075e+00,-1.539383540396120631e-01
6.812500000000000000e+00,-3.104137835266517209e-01
6.833333333333333037e+00,3.259249457609013079e-01
6.854166666666666075e+00,4.386963096040376042e-01
6.875000000000000000e+00,-1.889382013371526947e-01
6.895833333333333037e+00,-3.298265571217495751e-01
6.916666666666666075e+00,3.419266233565344537e-01
6.937500000000000000e+00,2.270987469180457963e-01
6.958333333333333037e+00,-3.721451835612079595e-01
6.979166666666666075e+00,1.776736668537428898e-01
7.000000000000000000e+00,4.074278421952358120e-01
7.020833333333333037e+00,-2.677918904383346232e-01
7.041666666666666075e+00,-5.253722078632186987e-01
7.062500000000000000e+00,1.014955305882734582e-01
7.083333333333333037e+00,7.545102239753174178e-01
7.104166666666666075e+00,7.607131486490439909e-02
7.125000000000000000e+00,-5.610915417682550421e-01
7.145833333333333037e+00,6.716539110935085266e-02
7.166666666666666075e+00,4.700789580414004298e-01
7.187500000000000000e+00,-2.434426943242289920e-01
7.208333333333333037e+00,-9.057449363198448733e-01
7.229166666666666075e+00,-2.481199786362849602e-01
7.250000000000000000e+00,3.395769825425543620e-01
7.270833333333333037e+00,-1.520736713689899433e-01
7.291666666666666075e+00,-4.327301344647101478e-01
7.312500000000000000e+00,2.059835202555380940e-01
7.333333333333333037e+00,6.191468048882282638e-01
7.354166666666666075e+00,-5.295922801041397232e-02
7.375000000000000000e+00,-7.040582602443790083e-01
7.395833333333333037e+00,-1.097720834064857959e-01
7.416666666666666075e+00,5.315641571082401207e-01
7.437500000000000000e+00,-1.328220511266843817e-01
7.458333333333333037e+00,-3.741440407059697937e-01
7.479166666666666075e+00,2.359073714609940253e-01
7.500000000000000000e+00,8.489790876873584136e-01
7.520833333333333037e+00,1.984125083104095466e-01
7.541666666666666075e+00,-4.701859657539905757e-01
7.562500000000000000e+00,1.767733467513128431e-01
7.583333333333333037e+00,5.512627854419535067e-01
7.604166666666666075e+00,-5.570939060260195197e-02
7.625000000000000000e+00,-7.382081114315940384e-01
7.645833333333333037e+00,-6.322049241391919372e-02
7.666666666666666075e+00,5.872923130799811986e-01
7.687500000000000000e+00,-3.685181832174755368e-03
7.708333333333333037e+00,-6.647472913746940160e-01
7.729166666666666075e+00,-1.178275456345084793e-02
7.750000000000000000e+00,6.775562675728779016e-01
7.770833333333333037e+00,6.326854969717282673e-02
7.791666666666666075e+00,-5.663907986159626429e-01
7.812500000000000000e+00,8.702327596525627484e-02
7.833333333333333037e+00,6.888238165519879885e-01
7.854166666666666075e+00,4.408368557138206412e-02
7.875000000000000000e+00,-5.777237795888665595e-01
7.895833333333333037e+00,3.245680922436569582e-02
7.916666666666666075e+00,4.891425490543124810e-01
7.937500000000000000e+00,-1.562496560009041247e-01
7.958333333333333037e+00,-8.093117657069065496e-01
7.979166666666666075e+00,-1.528512198801835476e-01
8.000000000000000000e+00,5.050601895171029643e-01
8.020833333333332149e+00,-1.134109602301258679e-01
8.041666666666666075e+00,-8.163309977119288519e-01
8.062500000000000000e+00,-1.341247736766348342e-01
8.083333333333332149e+00,4.883047661353211999e-01
8.104166666666666075e+00,-1.677100868773245823e-01
8.125000000000000000e+00,-4.263478852445689582e-01
8.145833333333332149e+00,2.355794290026003435e-01
8.166666666666666075e+00,7.976094154564182803e-01
8.187500000000000000e+00,1.084502526746612128e-01
8.208333333333332149e+00,-1.729485297772481722e-02
8.229166666666666075e+00,-5.482558882182498872e-01
8.250000000000000000e+00,-9.701433926206699532e-01
8.270833333333332149e+00,-8.692716086565430711e-01
8.291666666666666075e+00,-1.352965812081684538e-01
8.312500000000000000e+00,-5.470642255674060817e-01
8.333333333333332149e+00,-8.380730866522946299e-01
8.354166666666666075e+00,-4.843993283558535590e-03
8.375000000000000000e+00,1.746857949258041331e-01
8.395833333333332149e+00,-2.581845180383443572e-01
8.416666666666666075e+00,-5.431948129296489958e-01
8.437500000000000000e+00,1.693105641814994788e-01
8.458333333333332149e+00,-1.769053982740890207e-01
8.479166666666666075e+00,-5.104951733512022027e-01
8.500000000000000000e+00,2.682662100842944652e-01
8.520833333333332149e+00,-7.812314678851622896e-02
8.541666666666666075e+00,-4.244218261648299295e-01
8.562500000000000000e+00,1.574342752506325271e-01
8.583333333333332149e+00,-1.664325987852345590e-02
8.604166666666666075e+00,-3.894446382034997267e-01
8.625000000000000000e+00,1.522007755537552742e-01
8.645833333333332149e+00,4.837276088109437877e-02
8.666666666666666075e+00,-3.460223264875070814e-01
8.687500000000000000e+00,1.646231015870349423e-01
8.708333333333332149e+00,1.871867324382887887e-03
8.729166666666666075e+00,-3.236462957940822172e-01
8.750000000000000000e+00,4.101709921688669880e-01
8.770833333333332149e+00,-3.731579956041042312e-02
8.791666666666666075e+00,-3.588928313052649477e-01
8.812500000000000000e+00,2.127714576554770032e-01
8.833333333333332149e+00,7.205553717383773871e-02
8.854166666666666075e+00,-3.041269014764667045e-01
8.875000000000000000e+00,9.349280998759489786e-03
8.895833333333332149e+00,2.103801493607335704e-01
8.916666666666666075e+00,-1.513313070981333330e-01
8.937500000000000000e+00,1.144769564496984915e-01
8.958333333333332149e+00,1.253052162093262062e-02
8.979166666666666075e+00,-2.969461320149370254e-01
9.000000000000000000e+00,2.918804115179137182e-01
9.020833333333332149e+00,-4.874621837391097251e-02
9.041666666666666075e+00,-3.531971931026242073e-01
9.062500000000000000e+00,4.361913977600120340e-01
9.083333333333332149e+00,1.810623149804357207e-02
9.104166666666666075e+00,-3.777576013412624056e-01
9.125000000000000000e+00,3.498569597604269665e-01
9.145833333333332149e+00,-1.991190884480296963e-02
9.166666666666666075e+00,-4.115761367238537916e-01
9.187500000000000000e+00,3.204278128055227937e-01
9.208333333333332149e+00,5.228412492803039685e-02
9.229166666666666075e+00,-2.644427803719378578e-01
9.250000000000000000e+00,4.246902863416207596e-01
9.270833333333332149e+00,3.161455646869996972e-02
9.291666666666666075e+00,-3.593604403558438576e-01
9.312500000000000000e+00,1.796772361931718021e-01
9.333333333333332149e+00,1.036411422439472013e-01
9.354166666666666075e+00,-2.837624546952758342e-01
9.375000000000000000e+00,2.448819200925032580e-01
9.395833333333332149e+00,-1.137440378623991999e-01
9.416666666666666075e+00,-2.734838641072783183e-01
9.437500000000000000e+00,4.113713267676938345e-01
9.458333333333332149e+00,2.803500723788331789e-02
9.479166666666666075e+00,-3.602132880543865157e-01
9.500000000000000000e+00,3.446148975230425848e-01
9.520833333333332149e+00,-4.402853333700087329e-02
9.541666666666666075e+00,-3.132064350582433598e-01
9.562500000000000000e+00,3.867831886481862269e-01
9.583333333333332149e+00,-5.590508528656904647e-02
9.604166666666666075e+00,-3.164246002116171685e-01
9.625000000000000000e+00,4.002919471827980913e-01
9.645833333333332149e+00,-1.013924964028428966e-01
9.666666666666666075e+00,-4.259183489815792645e-01
9.687500000000000000e+00,4.217846169968366699e-01
9.708333333333332149e+00,9.475091057295831343e-02
9.729166666666666075e+00,-3.590419273671420219e-01
9.750000000000000000e+00,2.577392854565905278e-01
9.770833333333332149e+00,6.697448922462496956e-02
9.791666666666666075e+00,-3.627586130641539119e-01
9.812500000000000000e+00,3.171288849936023668e-01
9.833333333333332149e+00,-4.506371537489436974e-03
9.854166666666666075e+00,-3.758687674699711101e-01
9.875000000000000000e+00,3.107614571897681643e-01
9.895833333333332149e+00,7.501258564808782614e-02
9.916666666666666075e+00,-1.716630625209737138e-01
9.937500000000000000e+00,7.164250658443038766e-02
9.958333333333332149e+00,4.838579809082735328e-01
9.979166666666666075e+00,-7.052645951367914057e-02
1.000000000000000000e+01,-4.783624415942963060e-01
1.002083333333333215e+01,4.166192071658413321e-01
1.004166666666666607e+01,-2.886709747421523781e-02
1.006250000000000000e+01,-4.271602967829011277e-01
1.008333333333333215e+01,2.356448282752706957e-01
1.010416666666666607e+01,2.769778278812005251e-02
1.012500000000000000e+01,-3.240516942022780289e-01
1.014583333333333215e+01,3.236056191869255416e-01
1.016666666666666607e+01,1.050620157748502342e-01
1.018750000000000000e+01,-1.378693561510011545e-01
1.020833333333333215e+01,1.905793490093199080e-02
1.022916666666666607e+01,2.166635588746664287e-01
1.025000000000000000e+01,-6.375773555698115158e-02
1.027083333333333215e+01,-2.900727559507406683e-01
1.029166666666666607e+01,3.276316486055650401e-01
1.031250000000000000e+01,4.885751091349278818e-02
1.033333333333333215e+01,-4.439988383922364168e-01
1.035416666666666607e+01,1.967857457897250195e-01
1.037500000000000000e+01,1.817227408716829418e-01
1.039583333333333215e+01,-2.397920106049258593e-01
1.041666666666666607e+01,2.945708691462587958e-01
1.043750000000000000e+01,2.251725896413838551e-02
1.045833333333333215e+01,-2.085606997091132286e-01
1.047916666666666607e+01,7.201713542554409597e-03
1.050000000000000000e+01,5.045334757819041061e-01
1.052083333333333215e+01,-6.905491767149322946e-02
1.054166666666666607e+01,-2.772874544977962930e-01
1.056250000000000000e+01,1.002459640225432380e-01
1.058333333333333215e+01,6.024588996105921801e-01
1.060416666666666607e+01,-1.486160959843468854e-03
1.062500000000000000e+01,-4.473765877729427021e-01
1.064583333333333215e+01,1.633695541515156613e-02
1.066666666666666607e+01,2.823102332620791577e-01
1.068750000000000000e+01,-2.526800403891726887e-01
1.070833333333333215e+01,-4.275489835286467866e-01
1.072916666666666607e+01,3.100685400583237383e-01
1.075000000000000000e+01,1.861366805085463427e-01
1.077083333333333215e+01,-2.263877140289500545e-01
1.079166666666666607e+01,-2.816905432847300883e-01
1.081250000000000000e+01,3.169368521845906117e-01
1.083333333333333215e+01,-1.367169824650701915e-02
1.085416666666666607e+01,-2.306296775465636884e-01
1.087500000000000000e+01,9.839596541919035100e-02
1.089583333333333215e+01,2.099847518238377730e-03
1.091666666666666607e+01,-1.867062410771019032e-01
1.093750000000000000e+01,4.015693216600723509e-02
1.095833333333333215e+01,5.148955309068923292e-01
1.097916666666666607e+01,-6.932151805744465878e-02
1.100000000000000000e+01,-2.965170545515801726e-01
1.102083333333333215e+01,1.679505853674344018e-01
1.104166666666666607e+01,-1.185100891200045053e-02
1.106250000000000000e+01,-1.719154077137216852e-01
1.108333333333333215e+01,-4.898313568749761149e-02
1.110416666666666607e+01,3.166118363151164683e-01
1.112500000000000000e+01,5.082709013238605189e-02
1.114583333333333215e+01,-3.231084572630847362e-01
1.116666666666666607e+01,2.579247359257408334e-01
1.118750000000000000e+01,-9.401233526108578042e-02
1.120833333333333215e+01,-2.220103742492799959e-01
1.122916666666666607e+01,1.049785081560492828e-01
1.125000000000000000e+01,5.395646816635762955e-01
1.127083333333333215e+01,-6.231143422539989207e-02
1.129166666666666607e+01,-4.600197898546414810e-01
1.131250000000000000e+01,1.541926304464651121e-01
1.133333333333333215e+01,1.733542275543156208e-01
1.135416666666666607e+01,-3.406446872835988682e-01
1.137500000000000000e+01,-2.096645421031855527e-01
1.139583333333333215e+01,3.763813792795518975e-01
1.141666666666666607e+01,-1.994636913309358328e-01
1.143750000000000000e+01,-3.434820482689529553e-01
1.145833333333333215e+01,2.850161757112880667e-01
1.147916666666666607e+01,5.315168463036303026e-02
1.150000000000000000e+01,-6.312101244027787383e-02
1.152083333333333215e+01,-1.628184006209310031e-01
1.154166666666666607e+01,2.935039935842750358e-01
1.156250000000000000e+01,1.039742759307947240e-01
1.158333333333333215e+01,-3.164319769604263533e-01
1.160416666666666607e+01,2.378106314592998982e-01
1.162500000000000000e+01,-5.617930154692098860e-02
1.164583333333333215e+01,-1.508939115303031819e-01
1.166666666666666607e+01,1.028936961264816652e-01
1.168750000000000000e+01,7.759942829511271012e-02
1.170833333333333215e+01,-4.398937036447966853e-02
1.172916666666666607e+01,-2.015722274164866989e-01
1.175000000000000000e+01,3.203347688828078188e-01
1.177083333333333215e+01,1.322101768164137270e-01
1.179166666666666607e+01,-3.870128938376513617e-01
1.181250000000000000e+01,1.705935509054261334e-01
1.183333333333333215e+01,9.769497949856706387e-02
1.185416666666666607e+01,-4.178667035496331228e-01
1.187500000000000000e+01,1.412765957512879533e-01
1.189583333333333215e+01,2.171260559669517809e-01
1.191666666666666607e+01,-3.365124636920053258e-01
1.193750000000000000e+01,2.026718033529329444e-01
1.195833333333333215e+01,4.281087729902698785e-02
1.197916666666666607e+01,-4.385122737664821635e-01
1.200000000000000000e+01,1.160913674979003607e-01
1.202083333333333215e+01,3.762418297249806587e-01
1.204166666666666607e+01,-2.237617929072806822e-01
1.206250000000000000e+01,-7.935779457337112375e-02
1.208333333333333215e+01,2.898150652437297969e-01
1.210416666666666607e+01,-2.355813911977970854e-01
1.212500000000000000e+01,-2.620923137269921127e-02
1.214583333333333215e+01,2.357543111387754020e-01
1.216666666666666607e+01,-2.797949936115306513e-01
1.218750000000000000e+01,1.271539423235557020e-01
1.220833333333333215e+01,9.372314369531475897e-02
1.222916666666666607e+01,-3.597000267086543634e-01
1.225000000000000000e+01,1.521738110361144647e-01
1.227083333333333215e+01,2.099724292453966634e-01
1.229166666666666607e+01,-3.403797934647208034e-01
1.231250000000000000e+01,1.657251410311151862e-01
1.233333333333333215e+01,1.726566844929964817e-01
1.235416666666666607e+01,-7.924162404114908076e-02
1.237500000000000000e+01,1.542703271015811173e-01
1.239583333333333215e+01,1.359932197781067720e-01
1.241666666666666607e+01,-1.483560331444162272e-01
1.243750000000000000e+01,-1.186429494265996004e-01
1.245833333333333215e+01,3.170797061232797365e-01
1.247916666666666607e+01,-2.650297344089183049e-01
1.250000000000000000e+01,-2.509641089740768938e-01
1.252083333333333215e+01,2.090196225641937355e-01
1.254166666666666607e+01,3.587805786270782393e-01
1.256250000000000000e+01,7.003914326020468928e-02
1.258333333333333215e+01,-2.858864684210412621e-01
1.260416666666666607e+01,1.703238097137723672e-01
1.262500000000000000e+01,-1.999449799431786412e-02
1.264583333333333215e+01,-8.985587835428628101e-02
1.266666666666666607e+01,2.282277693396134177e-01
1.268750000000000000e+01,1.117162407295093085e-01
1.270833333333333215e+01,-1.684959759396860712e-01
1.272916666666666607e+01,-2.679548687566760123e-01
1.275000000000000000e+01,2.151580010476989158e-01
1.277083333333333215e+01,-1.469950680060609360e-01
1.279166666666666607e+01,-2.060064397895040034e-01
1.281250000000000000e+01,3.309868572299874967e-01
1.283333333333333215e+01,7.676075041666988175e-02
1.285416666666666607e+01,-3.649562936700603832e-01
1.287500000000000000e+01,1.620925623174237773e-01
1.289583333333333215e+01,4.467429733516794510e-01
1.291666666666666607e+01,-1.823962307812076467e-01
1.293750000000000000e+01,-3.324431867084962633e-01
1.295833333333333215e+01,1.922768131047339346e-01
1.297916666666666607e+01,-2.545865306322086380e-02
1.300000000000000000e+01,-1.018314302527232734e-01
1.302083333333333215e+01,-4.685603345481307441e-02
1.304166666666666607e+01,3.705399379008894045e-01
1.306250000000000000e+01,1.130770205307736476e-02
1.308333333333333215e+01,-1.950116146630647973e-01
1.310416666666666607e+01,2.552604513742098291e-01
1.312500000000000000e+01,-9.848693704465166787e-02
1.314583333333333215e+01,-1.522582951225768810e-01
1.316666666666666607e+01,1.190158598119521599e-01
1.318750000000000000e+01,1.459508450929135337e-02
1.320833333333333215e+01,-4.190439416171330700e-02
1.322916666666666607e+01,-2.682048370867651244e-01
1.325000000000000000e+01,2.042058431432735299e-01
1.327083333333333215e+01,1.104147335463949581e-01
1.329166666666666607e+01,-4.521295578235027257e-01
1.331250000000000000e+01,4.033266529752841528e-02
1.333333333333333215e+01,4.429922762228831745e-01
1.335416666666666607e+01,-2.447670874779091232e-02
1.337500000000000000e+01,-5.667439944959864473e-01
1.339583333333333215e+01,-1.990775556417576780e-02
1.341666666666666607e+01,5.516667784426676491e-01
1.343750000000000000e+01,1.829940487677667732e-02
1.345833333333333215e+01,-5.302503476305069352e-01
1.347916666666666607e+01,8.971873030415952743e-03
1.350000000000000000e+01,4.379767344519613359e-01
1.352083333333333215e+01,-9.664314489042366563e-02
1.354166666666666607e+01,-3.015517876262308050e-01
1.356250000000000000e+01,1.973726927767828210e-01
1.358333333333333215e+01,9.548688286797545055e-02
1.360416666666666607e+01,-2.840119248069294944e-01
1.362500000000000000e+01,1.480591407145850635e-01
1.364583333333333215e+01,4.040716074814307834e-01
1.366666666666666607e+01,2.585425297697973024e-01
1.368750000000000000e+01,-2.852284786780541204e-01
1.370833333333333215e+01,4.524347637210011930e-03
1.372916666666666607e+01,2.111312147695486308e-02
1.375000000000000000e+01,-1.171481802852875898e-01
1.377083333333333215e+01,2.177188749662129497e-01
1.379166666666666607e+01,9.629315218795292397e-02
1.381250000000000000e+01,-1.408645478589085065e-01
1.383333333333333215e+01,-3.816698417588161307e-01
1.385416666666666607e+01,5.418843269726369982e-02
1.387500000000000000e+01,4.285435304425151970e-01
1.389583333333333215e+01,2.883706741748741642e-01
1.391666666666666607e+01,-1.196930812948205081e-01
1.393750000000000000e+01,-1.653140623112814289e-01
1.395833333333333215e+01,2.441889709558709154e-01
1.397916666666666607e+01,1.454284986186347717e-01
1.400000000000000000e+01,-3.750897636275107305e-01
1.402083333333333215e+01,5.242650798495764736e-02
1.404166666666666607e+01,1.358888517004301633e-02
1.406250000000000000e+01,-1.926176633784850989e-01
1.408333333333333215e+01,1.948183674980052127e-01
1.410416666666666607e+01,-6.144942907172067093e-02
1.412500000000000000e+01,-8.159273964133091639e-02
1.414583333333333215e+01,-2.438439311152177935e-01
1.416666666666666607e+01,1.544257482496599609e-01
1.418750000000000000e+01,1.467712682487098685e-01
1.420833333333333215e+01,-3.509316265600311291e-01
1.422916666666666607e+01,6.439712028853897263e-02
1.425000000000000000e+01,9.027740470462353173e-02
1.427083333333333215e+01,-4.727466395343535299e-03
1.429166666666666607e+01,-6.065467667858704531e-02
1.431250000000000000e+01,2.812592191920281759e-01
1.433333333333333215e+01,-1.035197025974752411e-02
1.435416666666666607e+01,-1.166133803002969982e-01
1.437500000000000000e+01,2.416305418889520551e-01
1.439583333333333215e+01,2.037700238264002206e-02
1.441666666666666607e+01,-2.708662174743055040e-01
1.443750000000000000e+01,-1.081079024246991288e-01
1.445833333333333215e+01,2.441889943341447322e-01
1.447916666666666607e+01,-8.967568071711276567e-02
1.450000000000000000e+01,-1.748784670808004038e-01
1.452083333333333215e+01,7.550013056412910317e-03
1.454166666666666607e+01,8.372799842568762196e-02
1.456250000000000000e+01,1.789175070779570886e-02
1.458333333333333215e+01,-3.959279370047511515e-01
1.460416666666666607e+01,8.787287362117944534e-03
1.462500000000000000e+01,2.992325138963255471e-01
1.464583333333333215e+01,2.455544778921137372e-01
1.466666666666666607e+01,-3.322774054048532877e-01
1.468750000000000000e+01,4.733825456173254564e-02
1.470833333333333215e+01,7.242201497155521805e-02
1.472916666666666607e+01,-1.346536237896955590e-01
1.475000000000000000e+01,1.918963707853767464e-01
1.477083333333333215e+01,-5.242984056008408861e-02
1.479166666666666607e+01,-6.464711033538741991e-02
1.481250000000000000e+01,-9.194801624849990862e-02
1.483333333333333215e+01,1.395032508321387976e-01
1.485416666666666607e+01,1.507275887621832289e-01
1.487500000000000000e+01,-4.041223880333690843e-01
1.489583333333333215e+01,-1.901860388164417631e-02
1.491666666666666607e+01,3.288931685022865037e-01
1.493750000000000000e+01,2.148052645438065789e-01
1.495833333333333215e+01,-3.443423787392063673e-01
1.497916666666666607e+01,2.590457213471764747e-02
1.500000000000000000e+01,1.545570982001961968e-01
1.502083333333333215e+01,1.683658366718914501e-01
1.504166666666666607e+01,-1.345451785541587619e-01
1.506250000000000000e+01,1.789896444373516027e-01
1.508333333333333215e+01,2.314434265102998101e-01
1.510416666666666607e+01,-1.464938514424036775e-01
1.512500000000000000e+01,-1.009983284702784534e-01
1.514583333333333215e+01,1.991272723591978600e-01
1.516666666666666607e+01,3.007535718346172615e-01
1.518750000000000000e+01,-2.850342232795032293e-01
1.520833333333333215e+01,-1.147100159628577781e-01
1.522916666666666607e+01,1.722560560775027727e-01
1.525000000000000000e+01,-4.385192587174605722e-02
1.527083333333333215e+01,-1.944983172577643138e-01
1.529166666666666607e+01,-1.820957348124033759e-01
1.531250000000000000e+01,1.196185200818274535e-01
1.533333333333333215e+01,-6.180921631042579634e-02
1.535416666666666607e+01,-2.800225310731228046e-01
1.537500000000000000e+01,-1.530635539891436747e-02
1.539583333333333215e+01,2.782445761644774529e-01
1.541666666666666607e+01,2.849319609821127641e-01
1.543750000000000000e+01,-1.002887962199901367e-01
1.545833333333333215e+01,-4.105373929133605826e-03
1.547916666666666607e+01,6.755731155737473848e-02
1.550000000000000000e+01,1.390471719155954300e-01
1.552083333333333215e+01,-4.669743228356970643e-01
1.554166666666666607e+01,-1.260712589941664352e-01
1.556250000000000000e+01,5.183471414575406833e-01
1.558333333333333215e+01,2.708220670756989468e-01
1.560416666666666607e+01,-3.595984689766211773e-01
1.562500000000000000e+01,1.307233387910756994e-03
1.564583333333333215e+01,-2.574822159702305074e-02
1.566666666666666607e+01,-4.147423650578707655e-01
1.568750000000000000e+01,-1.026345649384396014e-01
1.570833333333333215e+01,3.239632316727455996e-01
1.572916666666666607e+01,3.384310375451473063e-01
1.575000000000000000e+01,-3.100467959766799453e-01
1.577083333333333215e+01,1.762289609263830575e-02
1.579166666666666607e+01,3.465048229840603233e-04
1.581250000000000000e+01,-2.592752952017992052e-01
1.583333333333333215e+01,4.785119171085948364e-03
1.585416666666666607e+01,2.698308859541979077e-01
1.587500000000000000e+01,3.088961308705123199e-01
1.589583333333333215e+01,-6.254938358285773436e-02
1.591666666666666607e+01,-4.313185132834729263e-02
1.593750000000000000e+01,1.141720228365318002e-01
1.595833333333333215e+01,9.681498312237801773e-02
1.597916666666666607e+01,-4.410275805191677390e-01
1.600000000000000000e+01,-9.220654550670240313e-02
1.602083333333333215e+01,3.226202747608127308e-01
1.604166666666666430e+01,1.442404312769535180e-01
1.606250000000000000e+01,-4.481117547189007455e-01
1.608333333333333215e+01,-9.685142583330222377e-02
1.610416666666666430e+01,3.559220211568870917e-01
1.612500000000000000e+01,3.920420352189941671e-01
1.614583333333333215e+01,-2.501017418723507357e-01
1.616666666666666430e+01,3.941614480282677746e-02
1.618750000000000000e+01,-2.618793224836465372e-01
1.620833333333333215e+01,-6.352860446214192436e-02
1.622916666666666430e+01,1.701010571653631120e-01
1.625000000000000000e+01,-1.306171810808790523e-01
1.627083333333333215e+01,-1.200136040272735266e-01
1.629166666666666430e+01,-6.311937133245609788e-02
1.631250000000000000e+01,-7.297854264855201112e-02
1.633333333333333215e+01,6.852112323582157383e-02
1.635416666666666430e+01,-2.952381855388230836e-01
1.637500000000000000e+01,-2.875263594490936464e-02
1.639583333333333215e+01,2.269432610840068087e-01
1.641666666666666430e+01,3.021791798356581737e-01
1.643750000000000000e+01,-3.274983361504557600e-01
1.645833333333333215e+01,-6.437247159644793326e-02
1.647916666666666430e+01,2.832722997264022213e-01
1.650000000000000000e+01,3.402498231481390634e-02
1.652083333333333215e+01,-3.643092887243652989e-01
1.654166666666666430e+01,-8.291997144320729929e-02
1.656250000000000000e+01,3.871055990020664250e-01
1.658333333333333215e+01,3.324408156608599924e-02
1.660416666666666430e+01,-4.791512992599921139e-01
1.662500000000000000e+01,-1.492341152786612335e-01
1.664583333333333215e+01,6.032327628047117196e-01
1.666666666666666430e+01,1.758116684849737876e-01
1.668750000000000000e+01,-4.122900826426718623e-01
1.670833333333333215e+01,-1.015179364471437140e-01
1.672916666666666430e+01,3.184056265561810983e-01
1.675000000000000000e+01,-3.133809650325304896e-01
1.677083333333333215e+01,-5.850418880834484109e-02
1.679166666666666430e+01,2.845833052512709016e-01
1.681250000000000000e+01,2.066692325992278839e-02
1.683333333333333215e+01,-2.376302225785173472e-01
1.685416666666666430e+01,9.348897418570228934e-03
1.687500000000000000e+01,7.647093180025305026e-02
1.689583333333333215e+01,-3.049972547627647357e-01
1.691666666666666430e+01,-6.602218985425746534e-02
1.693750000000000000e+01,3.696189457472160433e-01
1.695833333333333215e+01,3.508359845060251003e-01
1.697916666666666430e+01,-2.759224862474446427e-01
1.700000000000000000e+01,-4.134615924573881163e-02
1.702083333333333215e+01,1.366182415004696948e-01
1.704166666666666430e+01,2.409313623560024598e-01
1.706250000000000000e+01,3.103165688673203276e-02
1.708333333333333215e+01,1.774340577978803235e-01
1.710416666666666430e+01,1.767187923690284879e-01
1.712500000000000000e+01,-1.906785985505519976e-01
1.714583333333333215e+01,-1.565891592806666760e-02
1.716666666666666430e+01,1.404038886318969837e-01
1.718750000000000000e+01,2.733790843228779410e-01
1.720833333333333215e+01,-2.425974786133774930e-01
1.722916666666666430e+01,5.036390007025014215e-03
1.725000000000000000e+01,7.071542408922101841e-02
1.727083333333333215e+01,7.890705343858228638e-02
1.729166666666666430e+01,-1.662100881264745866e-01
1.731250000000000000e+01,-1.494539656695883234e-01
1.733333333333333215e+01,3.103428404933794224e-02
1.735416666666666430e+01,1.665532128335415474e-01
1.737500000000000000e+01,-5.037542392790085588e-02
1.739583333333333215e+01,-8.343585379393278489e-02
1.741666666666666430e+01,7.539220347834521552e-02
1.743750000000000000e+01,1.390406062754072081e-01
1.745833333333333215e+01,-9.829663195851101598e-05
1.747916666666666430e+01,-1.308869930244910273e-01
1.750000000000000000e+01,3.259018994340995290e-02
1.752083333333333215e+01,2.601941202256877889e-02
1.754166666666666430e+01,1.005477423745108068e-01
1.756250000000000000e+01,-3.481260391373945384e-01
1.758333333333333215e+01,-1.400691569888926069e-01
1.760416666666666430e+01,1.087193325278748429e-01
1.762500000000000000e+01,2.914816923030817963e-01
1.764583333333333215e+01,-2.962822266899068913e-01
1.766666666666666430e+01,-1.121212956337585831e-01
1.768750000000000000e+01,7.733847607754329445e-02
1.770833333333333215e+01,2.836956365771017841e-01
1.772916666666666430e+01,-2.908609992917579046e-01
1.775000000000000000e+01,-1.127592639217058490e-01
1.777083333333333215e+01,1.053745909730490621e-02
1.779166666666666430e+01,2.120976237001792053e-01
1.781250000000000000e+01,-4.048357909227544571e-01
1.783333333333333215e+01,-2.007199039029916587e-01
1.785416666666666430e+01,4.483229550608865410e-01
1.787500000000000000e+01,2.154747899790293020e-01
1.789583333333333215e+01,-3.980814292125084974e-01
1.791666666666666430e+01,-1.459754283619058846e-01
1.793750000000000000e+01,3.406884682054555080e-01
1.795833333333333215e+01,-3.242688867425040922e-01
1.797916666666666430e+01,-1.300055033369271473e-01
1.800000000000000000e+01,3.614881865573036368e-01
1.802083333333333215e+01,6.351506406225483625e-02
1.804166666666666430e+01,-5.176250804073823097e-01
1.806250000000000000e+01,-2.498381520275171630e-01
1.808333333333333215e+01,6.111447661770257334e-01
1.810416666666666430e+01,-4.830117835762753886e-02
1.812500000000000000e+01,-5.624971655001416160e-01
1.814583333333333215e+01,2.734413843401575228e-01
1.816666666666666430e+01,1.848295344696321285e-01
1.818750000000000000e+01,-1.019574262878317206e-01
1.820833333333333215e+01,4.019294348135529077e-02
1.822916666666666430e+01,5.441660370879512765e-02
1.825000000000000000e+01,1.033503883961290615e-01
1.827083333333333215e+01,2.668528287565747892e-01
1.829166666666666430e+01,-2.256614453372231544e-01
1.831250000000000000e+01,-1.392320528401238544e-01
1.833333333333333215e+01,2.630689590637774744e-01
1.835416666666666430e+01,1.289940294320494063e-01
1.837500000000000000e+01,-4.579527509821988973e-01
1.839583333333333215e+01,-3.082167364279472244e-01
1.841666666666666430e+01,4.456445568819031311e-01
1.843750000000000000e+01,4.745196196957877921e-02
1.845833333333333215e+01,-5.140849148574396787e-01
1.847916666666666430e+01,-1.511598872814062244e-01
1.850000000000000000e+01,5.421240078706175414e-01
1.852083333333333215e+01,-1.118468264473690688e-01
1.854166666666666430e+01,-4.704806661775220999e-01
1.856250000000000000e+01,1.826146156612199756e-01
1.858333333333333215e+01,1.473763448145550270e-01
1.860416666666666430e+01,5.560601189949060386e-02
1.862500000000000000e+01,-1.360901383445620727e-01
1.864583333333333215e+01,-5.419751524474585025e-02
1.866666666666666430e+01,-1.746837905603230989e-02
1.868750000000000000e+01,2.400908617587299010e-01
1.870833333333333215e+01,-1.891263237232579386e-01
1.872916666666666430e+01,-1.126230915105476682e-01
1.875000000000000000e+01,-4.208582929145974344e-02
1.877083333333333215e+01,2.131613331703472447e-01
1.879166666666666430e+01,-1.001953051624817209e-01
1.881250000000000000e+01,-6.591826091333181925e-02
1.883333333333333215e+01,-1.496425298417828481e-02
1.885416666666666430e+01,2.131822170612172052e-01
1.887500000000000000e+01,-2.547226181733511785e-01
1.889583333333333215e+01,-1.660604128107997512e-01
1.891666666666666430e+01,3.553212650257320249e-01
1.893750000000000000e+01,1.843764054616812142e-01
1.895833333333333215e+01,-3.548713707616667490e-01
1.897916666666666430e+01,-2.291963295491343255e-01
1.900000000000000000e+01,3.239468854106121731e-01
1.902083333333333215e+01,7.882340724118307163e-02
1.904166666666666430e+01,-2.686274492337798470e-01
1.906250000000000000e+01,-1.714644865335510082e-01
1.908333333333333215e+01,5.267894601205168614e-01
1.910416666666666430e+01,-9.588487213603544279e-02
1.912500000000000000e+01,-3.089920713109682304e-01
1.914583333333333215e+01,2.764560949699728654e-01
1.916666666666666430e+01,-1.052495967225453022e-03
1.918750000000000000e+01,-2.435483406626230696e-01
1.920833333333333215e+01,1.933842044642826163e-01
1.922916666666666430e+01,4.859336168229488884e-02
1.925000000000000000e+01,-2.066767091930860611e-01
1.927083333333333215e+01,4.911472583594730934e-02
1.929166666666666430e+01,1.920430277741024816e-01
1.931250000000000000e+01,3.615645203129057988e-02
1.933333333333333215e+01,-2.059653204940534166e-01
1.935416666666666430e+01,-9.819824134776916624e-02
1.937500000000000000e+01,3.966537021197116819e-01
1.939583333333333215e+01,-1.993809287688497189e-01
1.941666666666666430e+01,-1.881678117215344059e-01
1.943750000000000000e+01,4.864255374375486829e-01
1.945833333333333215e+01,-9.841345050908631431e-02
1.947916666666666430e+01,-2.533961416085609986e-01
1.950000000000000000e+01,2.974249954028473919e-01
1.952083333333333215e+01,-5.009026345154259791e-02
1.954166666666666430e+01,-1.366267202528548830e-01
1.956250000000000000e+01,2.296446151986400730e-01
1.958333333333333215e+01,2.264002794520649231e-01
1.960416666666666430e+01,-3.748120821730027141e-01
1.962500000000000000e+01,-3.900704190958312889e-01
1.964583333333333215e+01,5.397623501730037798e-01
1.966666666666666430e+01,-1.741929547048960414e-01
1.968750000000000000e+01,-3.810623817781261247e-01
1.970833333333333215e+01,5.125906013486145607e-01
1.972916666666666430e+01,5.277744767288979760e-02
1.975000000000000000e+01,-4.471153249444954625e-01
1.977083333333333215e+01,4.203419696220860313e-01
1.979166666666666430e+01,1.733501576861246618e-01
1.981250000000000000e+01,-3.587348702084566243e-01
1.983333333333333215e+01,9.991494547980360463e-02
1.985416666666666430e+01,-4.752959399265788143e-02
1.987500000000000000e+01,-1.116404414491520974e-01
1.989583333333333215e+01,2.287280043243781202e-01
1.991666666666666430e+01,-1.255472322821932774e-01
1.993750000000000000e+01,-1.453203578574373545e-01
1.995833333333333215e+01,2.429843894807998950e-01
1.997916666666666430e+01,-1.286863941661202659e-01
