0.000000000000000000e+00,6.425059288054728590e-01
2.083333333333333218e-02,1.310120153974796198e+00
4.166666666666666435e-02,6.446275054349757117e-01
6.250000000000000000e-02,-1.440692152072933774e-02
8.333333333333332871e-02,6.395653444710694968e-01
1.041666666666666574e-01,4.745982768868762802e-01
1.250000000000000000e-01,-1.896988899606880108e-01
1.458333333333333148e-01,-1.401902041463087278e-01
1.666666666666666574e-01,5.581815999874510936e-01
1.875000000000000000e-01,-9.866213884033481207e-02
2.083333333333333148e-01,-7.939577895590932410e-01
2.291666666666666574e-01,-1.139981083248002847e-01
2.500000000000000000e-01,5.596003301739501667e-01
2.708333333333333148e-01,-1.069492480254486955e-01
2.916666666666666297e-01,-8.005325513521983627e-01
3.125000000000000000e-01,-3.159488154091191214e-01
3.333333333333333148e-01,1.203952389360658098e-01
3.541666666666666297e-01,-5.386879460956404131e-01
3.750000000000000000e-01,-1.169050363151045602e+00
3.958333333333333148e-01,-4.599459796526903510e-01
4.166666666666666297e-01,1.962698524634604869e-01
4.375000000000000000e-01,-4.635766534706339259e-01
4.583333333333333148e-01,-7.026713188386302100e-01
4.791666666666666297e-01,-3.303973791273037697e-02
5.000000000000000000e-01,6.501164408374894288e-01
5.208333333333332593e-01,-2.226781114036263665e-03
5.416666666666666297e-01,-6.199322206785986555e-01
5.625000000000000000e-01,6.045131823021523965e-02
5.833333333333332593e-01,5.919011363327747466e-01
6.041666666666666297e-01,-2.459478356232938645e-02
6.250000000000000000e-01,-6.654355819112880432e-01
6.458333333333332593e-01,2.326185558688678712e-02
6.666666666666666297e-01,6.278661799216045392e-01
6.875000000000000000e-01,9.011949950195996539e-03
7.083333333333332593e-01,-6.582459741788088126e-01
7.291666666666666297e-01,-8.756069126542309622e-03
7.500000000000000000e-01,5.899582167783103959e-01
7.708333333333332593e-01,-5.307799748112074223e-02
7.916666666666666297e-01,-7.219142868942273195e-01
8.125000000000000000e-01,-1.146230250087259261e-01
8.333333333333332593e-01,5.078184014992904727e-01
8.541666666666666297e-01,-1.732182638310888201e-01
8.750000000000000000e-01,-2.132892555982034977e-01
8.958333333333332593e-01,3.931104635796213720e-01
9.166666666666666297e-01,3.243409655207584730e-01
9.375000000000000000e-01,-3.523343502372834335e-01
9.583333333333332593e-01,3.216488285775006561e-01
9.791666666666666297e-01,6.246679162784694039e-01
1.000000000000000000e+00,-5.502470578604090612e-03
1.020833333333333259e+00,-6.524558475429467208e-01
1.041666666666666519e+00,4.838437723934871371e-02
1.062500000000000000e+00,6.955780921892948943e-01
1.083333333333333259e+00,6.918006796761388966e-02
1.104166666666666519e+00,-5.431138430729181010e-01
1.125000000000000000e+00,1.370267726389620688e-01
1.145833333333333259e+00,8.258643717474897228e-01
1.166666666666666519e+00,1.734041400023919599e-01
1.187500000000000000e+00,-4.378387476907730225e-01
1.208333333333333259e+00,-7.970582118050471843e-02
1.229166666666666519e+00,5.382983074066867157e-01
1.250000000000000000e+00,-1.468120005346255919e-01
1.270833333333333259e+00,-7.521710239156890188e-01
1.291666666666666519e+00,-1.269651331069022171e-01
1.312500000000000000e+00,5.225743125785318188e-01
1.333333333333333259e+00,-1.747036334271048763e-01
1.354166666666666519e+00,-8.117858330585902005e-01
1.375000000000000000e+00,-1.899018851113383755e-01
1.395833333333333259e+00,4.340625914436864186e-01
1.416666666666666519e+00,-2.522919827262604109e-01
1.437500000000000000e+00,-5.051432678717950875e-01
1.458333333333333259e+00,1.440073249680989820e-01
1.479166666666666519e+00,7.558069251722382420e-01
1.500000000000000000e+00,8.228488569922481899e-02
1.520833333333333259e+00,-6.052815492581209433e-01
1.541666666666666519e+00,6.477729404038967687e-02
1.562500000000000000e+00,6.742877959380997321e-01
1.583333333333333259e+00,2.780785341248248610e-02
1.604166666666666519e+00,-6.408658718946369515e-01
1.625000000000000000e+00,7.232804219949234836e-02
1.645833333333333259e+00,6.990152337252036885e-01
1.666666666666666519e+00,6.153934093644619630e-02
1.687500000000000000e+00,-5.771996013922799929e-01
1.708333333333333259e+00,1.065302495439173214e-01
1.729166666666666519e+00,7.700892050520420362e-01
1.750000000000000000e+00,1.203448250645997863e-01
1.770833333333333259e+00,-4.868487859782814620e-01
1.791666666666666519e+00,2.355992083427239925e-02
1.812500000000000000e+00,4.139171738627561159e-01
1.833333333333333259e+00,-2.547764014736897398e-01
1.854166666666666519e+00,-8.703116009107979556e-01
1.875000000000000000e+00,-2.183029632048001933e-01
1.895833333333333259e+00,4.566938140145043179e-01
1.916666666666666519e+00,-2.559353937999278017e-01
1.937500000000000000e+00,-5.189993589726246137e-01
1.958333333333333259e+00,1.281530226803317130e-01
1.979166666666666519e+00,7.657150006344777271e-01
2.000000000000000000e+00,7.756282787764348652e-02
2.020833333333333037e+00,-5.772207082440110604e-01
2.041666666666666519e+00,7.712220137635300565e-02
2.062500000000000000e+00,6.750932808597106538e-01
2.083333333333333037e+00,1.155525530855044947e-03
2.104166666666666519e+00,-6.807028352395022575e-01
2.125000000000000000e+00,-1.343632654565962703e-02
2.145833333333333037e+00,5.986615841687890072e-01
2.166666666666666519e+00,-4.207496600018953425e-02
2.187500000000000000e+00,-7.012891746146965311e-01
2.208333333333333037e+00,1.463590317455554235e-02
2.229166666666666519e+00,6.470904160463155641e-01
2.250000000000000000e+00,5.086397645641588250e-03
2.270833333333333037e+00,-6.152480384228837806e-01
2.291666666666666519e+00,8.486765927376951901e-02
2.312500000000000000e+00,7.471836553639050749e-01
2.333333333333333037e+00,8.301756336033971895e-02
2.354166666666666519e+00,-5.061577853986075626e-01
2.375000000000000000e+00,1.520350716067562780e-01
2.395833333333333037e+00,7.591421169373433475e-01
2.416666666666666519e+00,5.799536051431447570e-02
2.437500000000000000e+00,-5.608323514521358355e-01
2.458333333333333037e+00,7.020923074190030255e-02
2.479166666666666519e+00,5.282905162600651794e-01
2.500000000000000000e+00,-1.593122953909376638e-01
2.520833333333333037e+00,-8.039520479236328399e-01
2.541666666666666519e+00,-1.605487935263587851e-01
2.562500000000000000e+00,4.372550201157576755e-01
2.583333333333333037e+00,-2.458377273305581978e-01
2.604166666666666519e+00,-7.244453232535180698e-01
2.625000000000000000e+00,-5.476656552564251879e-02
2.645833333333333037e+00,5.413948840021174380e-01
2.666666666666666519e+00,-9.956698577683611995e-02
2.687500000000000000e+00,-6.906063370441485327e-01
2.708333333333333037e+00,1.685125490765684853e-02
2.729166666666666519e+00,6.423260392273677510e-01
2.750000000000000000e+00,5.277367396608528827e-03
2.770833333333333037e+00,-6.382188819504264199e-01
2.791666666666666519e+00,6.084744011666337604e-02
2.812500000000000000e+00,7.177504339469626959e-01
2.833333333333333037e+00,6.744418287896788988e-02
2.854166666666666519e+00,-5.303609437972054419e-01
2.875000000000000000e+00,1.432048985849966316e-01
2.895833333333333037e+00,8.223593767752760408e-01
2.916666666666666519e+00,1.528374185596589607e-01
2.937500000000000000e+00,-4.565412885225134110e-01
2.958333333333333037e+00,1.801240063664950597e-01
2.979166666666666519e+00,8.374921261630512426e-01
3.000000000000000000e+00,1.247089771048313644e-01
3.020833333333333037e+00,-5.088821935370185789e-01
3.041666666666666519e+00,1.304179568102742381e-01
3.062500000000000000e+00,4.586650919483949984e-01
3.083333333333333037e+00,-2.186803316700358657e-01
3.104166666666666519e+00,-8.863304713975472815e-01
3.125000000000000000e+00,-2.241694867344079800e-01
3.145833333333333037e+00,3.763312379865907942e-01
3.166666666666666519e+00,-2.221691395540995317e-01
3.187500000000000000e+00,-4.388455556004662861e-01
3.208333333333333037e+00,2.456822216948711946e-01
3.229166666666666519e+00,5.313438704248664157e-01
3.250000000000000000e+00,-1.070233098220701451e-01
3.270833333333333037e+00,-7.584398833109898819e-01
3.291666666666666519e+00,-4.482010816447401513e-02
3.312500000000000000e+00,5.961826131150146368e-01
3.333333333333333037e+00,-4.359345700875355556e-02
3.354166666666666519e+00,-6.440882680338856359e-01
3.375000000000000000e+00,4.747974291414935877e-02
3.395833333333333037e+00,7.149597438878723121e-01
3.416666666666666519e+00,5.183648273246130311e-02
3.437500000000000000e+00,-5.404359430741092485e-01
3.458333333333333037e+00,1.146314740525095910e-01
3.479166666666666519e+00,7.821963103011791985e-01
3.500000000000000000e+00,8.218218470440918910e-02
3.520833333333333037e+00,-5.391087718214914171e-01
3.541666666666666519e+00,8.879138602345856834e-02
3.562500000000000000e+00,7.338331627891120368e-01
3.583333333333333037e+00,2.515382719177322590e-02
3.604166666666666519e+00,-6.226498039373079552e-01
3.625000000000000000e+00,2.233552438875752166e-02
3.645833333333333037e+00,6.307395941504408965e-01
3.666666666666666519e+00,-4.471636828814182230e-02
3.687500000000000000e+00,-7.095451715565251893e-01
3.708333333333333037e+00,-3.705880852031406825e-02
3.729166666666666519e+00,5.584796431391325644e-01
3.750000000000000000e+00,-7.060370738710891603e-02
3.770833333333333037e+00,-7.291054203419852220e-01
3.791666666666666519e+00,-6.511487217728453847e-02
3.812500000000000000e+00,5.659071526346619585e-01
3.833333333333333037e+00,-8.112650871490967308e-02
3.854166666666666519e+00,-7.135485589728032263e-01
3.875000000000000000e+00,-3.404429597217439873e-02
3.895833333333333037e+00,6.360535999405539931e-01
3.916666666666666519e+00,-1.675615294171367564e-02
3.937500000000000000e+00,-6.175625009127583276e-01
3.958333333333333037e+00,5.589836559846708686e-02
3.979166666666666519e+00,7.375379325756212801e-01
4.000000000000000000e+00,7.505335307845475978e-02
4.020833333333333037e+00,-5.322643900230672465e-01
4.041666666666666075e+00,1.046185789935875632e-01
4.062500000000000000e+00,3.550651425149421447e-01
4.083333333333333037e+00,-3.488197003006743291e-01
4.104166666666666075e+00,-6.275566341701425133e-01
4.125000000000000000e+00,3.529604635826022463e-04
4.145833333333333037e+00,6.332291088880895868e-01
4.166666666666666075e+00,-6.766835234739937421e-02
4.187500000000000000e+00,-7.450442759571411777e-01
4.208333333333333037e+00,-9.419703357231445917e-02
4.229166666666666075e+00,5.089202714446641185e-01
4.250000000000000000e+00,-1.659922993767454225e-01
4.270833333333333037e+00,-5.251435858873414464e-01
4.291666666666666075e+00,1.491647808085344307e-01
4.312500000000000000e+00,7.535549249051637366e-01
4.333333333333333037e+00,1.122884848400227398e-01
4.354166666666666075e+00,-5.534085462505397013e-01
4.375000000000000000e+00,1.397380074650965698e-01
4.395833333333333037e+00,7.679571076312529110e-01
4.416666666666666075e+00,1.296440963780213507e-01
4.437500000000000000e+00,-5.069178798968114741e-01
4.458333333333333037e+00,2.039341293168516478e-01
4.479166666666666075e+00,7.021772375073833672e-01
4.500000000000000000e+00,5.127351455724216134e-02
4.520833333333333037e+00,-5.440330637819946746e-01
4.541666666666666075e+00,1.313413955539705080e-01
4.562500000000000000e+00,4.608562341437043020e-01
4.583333333333333037e+00,-2.152023376808206434e-01
4.604166666666666075e+00,-8.144455622037842790e-01
4.625000000000000000e+00,-1.823408235539609179e-01
4.645833333333333037e+00,4.741604861423104333e-01
4.666666666666666075e+00,-2.348932318324001012e-01
4.687500000000000000e+00,-7.288463134775952090e-01
4.708333333333333037e+00,-8.909965940031869258e-02
4.729166666666666075e+00,5.379079955736625340e-01
4.750000000000000000e+00,-1.361060095272933479e-01
4.770833333333333037e+00,-5.432123591630008130e-01
4.791666666666666075e+00,1.154343823312204143e-01
4.812500000000000000e+00,7.082635151843049703e-01
4.833333333333333037e+00,5.267029576014659042e-02
4.854166666666666075e+00,-6.165692676232281677e-01
4.875000000000000000e+00,2.447874789815454588e-02
4.895833333333333037e+00,6.362059422825381283e-01
4.916666666666666075e+00,-3.984001075604459707e-02
4.937500000000000000e+00,-5.887453464958730676e-01
4.958333333333333037e+00,1.371585699738939179e-02
4.979166666666666075e+00,6.709434075514575380e-01
5.000000000000000000e+00,-8.091072170138047248e-03
5.020833333333333037e+00,-6.058124052789849445e-01
5.041666666666666075e+00,1.536952405469499405e-02
5.062500000000000000e+00,6.409656238742514889e-01
5.083333333333333037e+00,-5.069488503083502406e-03
5.104166666666666075e+00,-4.834005401298752114e-01
5.125000000000000000e+00,1.610225067801862864e-01
5.145833333333333037e+00,7.914657301127503430e-01
5.166666666666666075e+00,1.800893450206322299e-01
5.187500000000000000e+00,-5.102676509139414396e-01
5.208333333333333037e+00,1.539714177246648830e-01
5.229166666666666075e+00,8.123181364765397205e-01
5.250000000000000000e+00,1.691576552229152597e-01
5.270833333333333037e+00,-4.956946878858068395e-01
5.291666666666666075e+00,1.623711527999226190e-01
5.312500000000000000e+00,2.896162985452132577e-01
5.333333333333333037e+00,-3.524570217713861586e-01
5.354166666666666075e+00,-4.698563886808087009e-01
5.375000000000000000e+00,1.779298593102482395e-01
5.395833333333333037e+00,1.102415687931706662e-01
5.416666666666666075e+00,-5.300416621307924014e-01
5.437500000000000000e+00,1.433745613612057712e-01
5.458333333333333037e+00,2.500660064861037202e-01
5.479166666666666075e+00,-3.590278386042393688e-01
5.500000000000000000e+00,-4.672220844225457581e-01
5.520833333333333037e+00,1.822512675091104706e-01
5.541666666666666075e+00,2.381011128883268879e-01
5.562500000000000000e+00,-3.967475132333196375e-01
5.583333333333333037e+00,-1.487367257806495868e-01
5.604166666666666075e+00,4.714847798893661013e-01
5.625000000000000000e+00,-2.217376162381748950e-01
5.645833333333333037e+00,-7.656953211051003017e-01
5.666666666666666075e+00,-1.106909138323303177e-01
5.687500000000000000e+00,4.943031801544030546e-01
5.708333333333333037e+00,-1.779833023389303936e-01
5.729166666666666075e+00,-2.893705733412207937e-01
5.750000000000000000e+00,3.952348267460049080e-01
5.770833333333333037e+00,4.471294113891750022e-01
5.791666666666666075e+00,-1.945681691576183758e-01
5.812500000000000000e+00,-1.328666253114658136e-01
5.833333333333333037e+00,5.505180357860698370e-01
5.854166666666666075e+00,-1.220435794135127927e-01
5.875000000000000000e+00,-4.581217511588022706e-01
5.895833333333333037e+00,2.247888217989817694e-01
5.916666666666666075e+00,9.235642373008854378e-01
5.937500000000000000e+00,2.947836168678480417e-01
5.958333333333333037e+00,-3.614333587587129082e-01
5.979166666666666075e+00,-1.777225637663441826e-01
6.000000000000000000e+00,4.907737746831779546e-01
6.020833333333333037e+00,-1.363747735479183543e-01
6.041666666666666075e+00,-8.250490658634160868e-01
6.062500000000000000e+00,-1.258819932383548890e-01
6.083333333333333037e+00,5.062108365213636718e-01
6.104166666666666075e+00,-1.485881959531628049e-01
6.125000000000000000e+00,-8.384387393609702421e-01
6.145833333333333037e+00,-1.698770235810730944e-01
6.166666666666666075e+00,4.633204755181549173e-01
6.187500000000000000e+00,-4.238245510290347684e-02
6.208333333333333037e+00,-3.996628856008952457e-01
6.229166666666666075e+00,2.344220556472949857e-01
6.250000000000000000e+00,8.589965751064441157e-01
6.270833333333333037e+00,1.403959870961795919e-01
6.291666666666666075e+00,-5.148612614204193250e-01
6.312500000000000000e+00,1.241815815535189937e-01
6.333333333333333037e+00,8.169379342116520615e-01
6.354166666666666075e+00,1.223286372564409696e-01
6.375000000000000000e+00,-5.092452568072485253e-01
6.395833333333333037e+00,1.488889382215929091e-01
6.416666666666666075e+00,2.927950068301786168e-01
6.437500000000000000e+00,-3.682536896867521503e-01
6.458333333333333037e+00,-4.885306717333458559e-01
6.479166666666666075e+00,2.211503727702301969e-01
6.500000000000000000e+00,1.600640972177502508e-01
6.520833333333333037e+00,-4.775111808291347404e-01
6.541666666666666075e+00,6.991736888922345239e-02
6.562500000000000000e+00,4.586147110577749042e-01
6.583333333333333037e+00,-2.031152239597539821e-01
6.604166666666666075e+00,-8.351299480396345842e-01
6.625000000000000000e+00,-1.306350021118442284e-01
6.645833333333333037e+00,5.533424061497160817e-01
6.666666666666666075e+00,-8.107810751200236754e-02
6.687500000000000000e+00,-7.396720289321295772e-01
6.708333333333333037e+00,-3.068093311790970334e-02
6.729166666666666075e+00,6.223694111851214572e-01
6.750000000000000000e+00,-1.396625554841088301e-02
6.770833333333333037e+00,-6.733384782346845121e-01
6.791666666666666075e+00,1.523671774457613370e-02
6.812500000000000000e+00,6.584269638250640488e-01
6.833333333333333037e+00,-2.857109716944139510e-04
6.854166666666666075e+00,-5.444684874009598774e-01
6.875000000000000000e+00,1.138706842850745193e-01
6.895833333333333037e+00,7.633286464868450638e-01
6.916666666666666075e+00,5.540984393523323837e-02
6.937500000000000000e+00,-5.925981339640356005e-01
6.958333333333333037e+00,3.847450568515659031e-02
6.979166666666666075e+00,6.889461763152538998e-01
7.000000000000000000e+00,1.256911054056694677e-02
7.020833333333333037e+00,-6.345794128041899462e-01
7.041666666666666075e+00,1.524082195338760659e-02
7.062500000000000000e+00,6.180574851739462083e-01
7.083333333333333037e+00,-6.450275557221959999e-02
7.104166666666666075e+00,-3.756536275216509901e-01
7.125000000000000000e+00,2.866555453990435876e-01
7.145833333333333037e+00,8.800396951991805716e-01
7.166666666666666075e+00,2.313694272253198903e-01
7.187500000000000000e+00,-4.353948990651034245e-01
7.208333333333333037e+00,2.639682178302455440e-01
7.229166666666666075e+00,3.125280033269699498e-01
7.250000000000000000e+00,-3.189215503977970156e-01
7.270833333333333037e+00,-4.099645755245232004e-01
7.291666666666666075e+00,2.720907842758776285e-01
7.312500000000000000e+00,1.800726781163642515e-02
7.333333333333333037e+00,-6.279135620720988076e-01
7.354166666666666075e+00,8.238021878024687217e-02
7.375000000000000000e+00,7.219859892144397939e-01
7.395833333333333037e+00,8.934076638029639361e-02
7.416666666666666075e+00,-5.744711618830418143e-01
7.437500000000000000e+00,5.925985524864177401e-02
7.458333333333333037e+00,2.143124622712272997e-01
7.479166666666666075e+00,-4.291409556922512469e-01
7.500000000000000000e+00,-4.789222935511842638e-01
7.520833333333333037e+00,1.982037537137704419e-01
7.541666666666666075e+00,-1.332286400273859084e-02
7.562500000000000000e+00,-6.818839573307851065e-01
7.583333333333333037e+00,-6.024521418009810836e-02
7.604166666666666075e+00,5.775033656309673802e-01
7.625000000000000000e+00,-8.207532033427120122e-02
7.645833333333333037e+00,-7.899117038666652046e-01
7.666666666666666075e+00,-1.595659770849252868e-01
7.687500000000000000e+00,4.677304570713301524e-01
7.708333333333333037e+00,-4.455745553389633962e-02
7.729166666666666075e+00,-3.623004173876851475e-01
7.750000000000000000e+00,2.984809446427967861e-01
7.770833333333333037e+00,7.531148305492264550e-01
7.791666666666666075e+00,1.435554848104577674e-01
7.812500000000000000e+00,-5.343671604442192802e-01
7.833333333333333037e+00,1.455389864632050390e-01
7.854166666666666075e+00,8.094570511911904909e-01
7.875000000000000000e+00,1.942203423786808270e-01
7.895833333333333037e+00,-4.373055236609726948e-01
7.916666666666666075e+00,2.213145235477797512e-01
7.937500000000000000e+00,2.762762423753583052e-01
7.958333333333333037e+00,-3.598269836779599551e-01
7.979166666666666075e+00,-1.902761377612493254e-01
8.000000000000000000e+00,4.448081127442078397e-01
8.020833333333332149e+00,-1.567473143682922565e-01
8.041666666666666075e+00,-8.347844986526404831e-01
8.062500000000000000e+00,-1.747306631614489458e-01
8.083333333333332149e+00,4.402847647036364220e-01
8.104166666666666075e+00,-1.854330021194135203e-01
8.125000000000000000e+00,-4.806228939912387532e-01
8.145833333333332149e+00,1.603098584474797750e-01
8.166666666666666075e+00,7.803650972979370160e-01
8.187500000000000000e+00,1.138868017675616073e-01
8.208333333333332149e+00,-5.512460885661729648e-01
8.229166666666666075e+00,4.154069315339747187e-02
8.250000000000000000e+00,5.844387599302007796e-01
8.270833333333332149e+00,-1.239635526311388958e-01
8.291666666666666075e+00,-5.072887709049116178e-02
8.312500000000000000e+00,5.646307894382296411e-01
8.333333333333332149e+00,-1.596890502112340848e-01
8.354166666666666075e+00,-1.710064764451332264e-01
8.375000000000000000e+00,3.345836242255567639e-01
8.395833333333332149e+00,5.412653238762202834e-01
8.416666666666666075e+00,-3.112286943055476152e-01
8.437500000000000000e+00,-7.505889932274184551e-02
8.458333333333332149e+00,3.282769751548091919e-01
8.479166666666666075e+00,1.005520212274904762e-01
8.500000000000000000e+00,-3.805900088171603191e-01
8.520833333333332149e+00,-6.285786440656731394e-03
8.541666666666666075e+00,4.173401678441677198e-01
8.562500000000000000e+00,-1.181146548965551490e-01
8.583333333333332149e+00,-9.474068167357305170e-02
8.604166666666666075e+00,3.766665319877058882e-01
8.625000000000000000e+00,4.854226144918009217e-02
8.645833333333332149e+00,-3.698860763320359624e-01
8.666666666666666075e+00,9.567015175109197522e-02
8.687500000000000000e+00,6.806165049888442953e-01
8.708333333333332149e+00,-1.306482278715317413e-01
8.729166666666666075e+00,-7.670640699390239847e-01
8.750000000000000000e+00,-1.465743736008110754e-01
8.770833333333332149e+00,3.668599826518603169e-01
8.791666666666666075e+00,4.345206275919353822e-01
8.812500000000000000e+00,-3.072095182031079341e-01
8.833333333333332149e+00,1.543496568932198332e-01
8.854166666666666075e+00,6.935003265572269315e-01
8.875000000000000000e+00,-9.111971998586394783e-02
8.895833333333332149e+00,-8.978106169352239041e-01
8.916666666666666075e+00,-4.542101118752939759e-01
8.937500000000000000e+00,1.397427267379007521e-01
8.958333333333332149e+00,5.979604356090009176e-01
8.979166666666666075e+00,-3.328598638479215444e-01
9.000000000000000000e+00,2.973522519102717587e-01
9.020833333333332149e+00,7.560797108451668969e-01
9.041666666666666075e+00,-1.958384481086386519e-01
9.062500000000000000e+00,-4.976118247357677049e-01
9.083333333333332149e+00,-1.100077868514849622e-02
9.104166666666666075e+00,3.684449544647138142e-01
9.125000000000000000e+00,1.516525361668349670e-01
9.145833333333332149e+00,-2.861649536892346135e-01
9.166666666666666075e+00,9.059530798893090930e-02
9.187500000000000000e+00,7.063964236900079907e-01
9.208333333333332149e+00,-7.632803102958050923e-02
9.229166666666666075e+00,-8.878301130445596101e-01
9.250000000000000000e+00,-2.653473323920458871e-01
9.270833333333332149e+00,1.519941002499015370e-01
9.291666666666666075e+00,6.314405692059986697e-01
9.312500000000000000e+00,-1.217196542781598112e-01
9.333333333333332149e+00,-4.132398766030782045e-01
9.354166666666666075e+00,2.559526155625649335e-02
9.375000000000000000e+00,6.392916448186262146e-01
9.395833333333332149e+00,-3.389042194508484207e-01
9.416666666666666075e+00,-1.995995867036740035e-02
9.437500000000000000e+00,6.426258266410803666e-01
9.458333333333332149e+00,-2.760340541126006797e-01
9.479166666666666075e+00,-3.098339787610986940e-01
9.500000000000000000e+00,3.309676607202928222e-01
9.520833333333332149e+00,5.403888379945693821e-01
9.541666666666666075e+00,-4.436501374265094944e-01
9.562500000000000000e+00,-4.445366568039339078e-02
9.583333333333332149e+00,3.489518319251798673e-01
9.604166666666666075e+00,-2.386903702907123559e-01
9.625000000000000000e+00,-1.091347268653022340e-01
9.645833333333332149e+00,1.870664067899971139e-01
9.666666666666666075e+00,8.192987940740655006e-02
9.687500000000000000e+00,-4.267533472464737909e-01
9.708333333333332149e+00,-7.685197022815294654e-02
9.729166666666666075e+00,2.554259650200623177e-01
9.750000000000000000e+00,-3.415663746725930427e-04
9.770833333333332149e+00,-3.522447639389529317e-01
9.791666666666666075e+00,-7.000952134410523553e-02
9.812500000000000000e+00,6.050246121455808979e-01
9.833333333333332149e+00,-3.266817694637049185e-01
9.854166666666666075e+00,-3.701498088725741487e-01
9.875000000000000000e+00,2.660205563043652743e-01
9.895833333333332149e+00,6.811282158853181334e-01
9.916666666666666075e+00,-2.591127329808537993e-01
9.937500000000000000e+00,-6.360400051574476299e-01
9.958333333333332149e+00,-6.025232911023362115e-02
9.979166666666666075e+00,2.349213878340200012e-01
1.000000000000000000e+01,4.794076930213604926e-01
1.002083333333333215e+01,-1.443806089568924200e-01
1.004166666666666607e+01,-2.576344955232978684e-01
1.006250000000000000e+01,5.503608635035887181e-02
1.008333333333333215e+01,7.201009997361353943e-01
1.010416666666666607e+01,-2.697748551595188782e-01
1.012500000000000000e+01,-5.171954549296871040e-01
1.014583333333333215e+01,1.327023738081482829e-01
1.016666666666666607e+01,5.552085310573718901e-01
1.018750000000000000e+01,-4.056258322988022247e-01
1.020833333333333215e+01,5.695110647353283928e-02
1.022916666666666607e+01,5.536940842288780029e-01
1.025000000000000000e+01,-3.629358723738268511e-01
1.027083333333333215e+01,-4.588498011064258419e-02
1.029166666666666607e+01,6.160430501369466016e-01
1.031250000000000000e+01,-3.577711438862019588e-01
1.033333333333333215e+01,-8.206662749213569641e-02
1.035416666666666607e+01,6.330006295051208154e-01
1.037500000000000000e+01,-1.871936534721223566e-01
1.039583333333333215e+01,-5.593493128264520609e-01
1.041666666666666607e+01,1.394264388268214028e-01
1.043750000000000000e+01,6.367673751901562484e-01
1.045833333333333215e+01,-3.981358728896962629e-01
1.047916666666666607e+01,-3.889131690576137501e-01
1.050000000000000000e+01,3.432123524708578510e-01
1.052083333333333215e+01,6.918750722099600292e-01
1.054166666666666607e+01,-3.469711562954013173e-01
1.056250000000000000e+01,-8.318955019167098008e-01
1.058333333333333215e+01,-7.238774337096103018e-02
1.060416666666666607e+01,2.425446443848270905e-01
1.062500000000000000e+01,3.225190150121012844e-01
1.064583333333333215e+01,-4.013803829555946945e-01
1.066666666666666607e+01,2.529082482989690739e-01
1.068750000000000000e+01,5.073748675539746511e-01
1.070833333333333215e+01,-5.331121166842780479e-01
1.072916666666666607e+01,-1.590822784189019623e-01
1.075000000000000000e+01,3.346707124359952212e-01
1.077083333333333215e+01,4.764555399714268114e-02
1.079166666666666607e+01,-6.775076872956093954e-01
1.081250000000000000e+01,7.349571178316388620e-02
1.083333333333333215e+01,4.254664694642135148e-01
1.085416666666666607e+01,-4.246499971028980247e-01
1.087500000000000000e+01,2.093984521884119376e-01
1.089583333333333215e+01,6.703024325969425545e-01
1.091666666666666607e+01,-3.486879894796769408e-01
1.093750000000000000e+01,-6.036977227583325556e-01
1.095833333333333215e+01,1.182651429118100478e-01
1.097916666666666607e+01,3.985846359713756115e-01
1.100000000000000000e+01,-3.036033715583671411e-01
1.102083333333333215e+01,9.692629838782394758e-02
1.104166666666666607e+01,5.473443284529594388e-01
1.106250000000000000e+01,-4.408745153021764174e-01
1.108333333333333215e+01,-1.301616325588546841e-01
1.110416666666666607e+01,5.417891035184280168e-01
1.112500000000000000e+01,-1.515771516045780476e-01
1.114583333333333215e+01,-4.708022830136417425e-01
1.116666666666666607e+01,2.486619909646197446e-01
1.118750000000000000e+01,6.775845925529544456e-01
1.120833333333333215e+01,-3.071341450764907832e-01
1.122916666666666607e+01,-7.529684189863090626e-01
1.125000000000000000e+01,-6.713708088510637884e-02
1.127083333333333215e+01,2.908296153504215664e-01
1.129166666666666607e+01,3.469471052835038094e-01
1.131250000000000000e+01,-3.367817921650231860e-01
1.133333333333333215e+01,1.498891945343702459e-01
1.135416666666666607e+01,4.762070039586140946e-01
1.137500000000000000e+01,-4.497447143565753702e-01
1.139583333333333215e+01,8.620494150251654941e-02
1.141666666666666607e+01,3.305921225684912423e-01
1.143750000000000000e+01,-3.445490790339415521e-01
1.145833333333333215e+01,1.169096428909896096e-01
1.147916666666666607e+01,4.610785175750750087e-01
1.150000000000000000e+01,-4.076430040403132837e-01
1.152083333333333215e+01,-3.932342712951991670e-02
1.154166666666666607e+01,6.367822736956803009e-01
1.156250000000000000e+01,-3.133434772691341408e-01
1.158333333333333215e+01,-4.189346898361786531e-01
1.160416666666666607e+01,2.999286328132252932e-01
1.162500000000000000e+01,4.552709151888361117e-01
1.164583333333333215e+01,-5.029005913353450374e-01
1.166666666666666607e+01,2.120076017108140851e-02
1.168750000000000000e+01,4.542782323880517059e-01
1.170833333333333215e+01,-4.737954266428218708e-01
1.172916666666666607e+01,-1.238684749457967388e-01
1.175000000000000000e+01,5.933939997814888789e-01
1.177083333333333215e+01,-3.964060193123878917e-01
1.179166666666666607e+01,-2.078515361579927334e-01
1.181250000000000000e+01,5.137116069037691579e-01
1.183333333333333215e+01,-3.672265500047204312e-01
1.185416666666666607e+01,-1.725536198015685807e-01
1.187500000000000000e+01,5.456453038836320824e-01
1.189583333333333215e+01,-3.777112239240105751e-01
1.191666666666666607e+01,-1.821011382292550551e-01
1.193750000000000000e+01,5.362114773998511996e-01
1.195833333333333215e+01,-3.537489848755149269e-01
1.197916666666666607e+01,-1.778050396521178023e-01
1.200000000000000000e+01,5.372940956674838731e-01
1.202083333333333215e+01,-2.677468949926034014e-01
1.204166666666666607e+01,-1.016917725506616688e-01
1.206250000000000000e+01,3.829199097255225337e-01
1.208333333333333215e+01,-1.319318179168631477e-01
1.210416666666666607e+01,-1.244530562976125521e-01
1.212500000000000000e+01,4.029614332787890829e-01
1.214583333333333215e+01,-1.696473935271579636e-01
1.216666666666666607e+01,-1.590200517044342565e-01
1.218750000000000000e+01,4.980992401055311936e-01
1.220833333333333215e+01,-3.225297148872737774e-01
1.222916666666666607e+01,-1.600816582480514005e-01
1.225000000000000000e+01,5.584670906770876631e-01
1.227083333333333215e+01,-3.945891257886397496e-01
1.229166666666666607e+01,-2.857161556773883393e-01
1.231250000000000000e+01,4.317895863977198045e-01
1.233333333333333215e+01,1.896958349382766584e-01
1.235416666666666607e+01,-5.334497756964579063e-01
1.237500000000000000e+01,3.809649522859406140e-02
1.239583333333333215e+01,4.723805202695732786e-01
1.241666666666666607e+01,-1.108647756760829106e-01
1.243750000000000000e+01,-3.163248777261495892e-01
1.245833333333333215e+01,4.033115798165764487e-01
1.247916666666666607e+01,4.271888793401359408e-01
1.250000000000000000e+01,-6.668033415932251851e-01
1.252083333333333215e+01,5.221181016433144861e-02
1.254166666666666607e+01,6.286574771122177552e-01
1.256250000000000000e+01,-7.592564342251371945e-02
1.258333333333333215e+01,-3.938064644008393844e-01
1.260416666666666607e+01,3.989103775548590858e-01
1.262500000000000000e+01,3.312918516608648334e-01
1.264583333333333215e+01,-7.343005314823309870e-01
1.266666666666666607e+01,-1.772725665370393500e-03
1.268750000000000000e+01,4.781317476213243212e-01
1.270833333333333215e+01,-1.585040827761285964e-01
1.272916666666666607e+01,-4.962945831193875668e-01
1.275000000000000000e+01,3.194914404607787639e-01
1.277083333333333215e+01,5.852668037146760982e-01
1.279166666666666607e+01,-5.253090299257209272e-01
1.281250000000000000e+01,-1.202447750272932353e-01
1.283333333333333215e+01,2.920248461837484655e-01
1.285416666666666607e+01,6.452474149010967164e-02
1.287500000000000000e+01,-5.774315463131800552e-01
1.289583333333333215e+01,1.918517304985751237e-01
1.291666666666666607e+01,2.887084273296857684e-01
1.293750000000000000e+01,-4.699586845299723037e-01
1.295833333333333215e+01,2.535568232311540826e-01
1.297916666666666607e+01,5.871294078931093008e-01
1.300000000000000000e+01,-5.164209675732136517e-01
1.302083333333333215e+01,-2.557220674371950553e-01
1.304166666666666607e+01,5.533123751245683231e-01
1.306250000000000000e+01,1.361537246084010278e-03
1.308333333333333215e+01,-6.788712195931968507e-01
1.310416666666666607e+01,1.312788348650098247e-01
1.312500000000000000e+01,4.182147774028255882e-01
1.314583333333333215e+01,-6.014474777277940554e-01
1.316666666666666607e+01,8.851130935735390670e-02
1.318750000000000000e+01,5.495410463139286383e-01
1.320833333333333215e+01,-5.122364980270294188e-01
1.322916666666666607e+01,-1.783999763569427965e-01
1.325000000000000000e+01,6.277250266984918392e-01
1.327083333333333215e+01,-3.572258307593171311e-01
1.329166666666666607e+01,-3.110981335796346170e-01
1.331250000000000000e+01,4.833674406159378933e-01
1.333333333333333215e+01,8.640510050946707821e-02
1.335416666666666607e+01,-3.035280350300517127e-01
1.337500000000000000e+01,-2.431236360291310628e-01
1.339583333333333215e+01,5.737759475788134500e-01
1.341666666666666607e+01,1.441377189451110118e-02
1.343750000000000000e+01,-2.889283058850822261e-01
1.345833333333333215e+01,-2.274741647131472977e-01
1.347916666666666607e+01,5.938012519378066401e-01
1.350000000000000000e+01,-7.755347724290813372e-02
1.352083333333333215e+01,-3.141559523217821726e-01
1.354166666666666607e+01,4.276261691445799873e-03
1.356250000000000000e+01,7.807729590003644748e-01
1.358333333333333215e+01,-2.855730606719132370e-01
1.360416666666666607e+01,-7.080977300768248606e-01
1.362500000000000000e+01,7.967541725156759846e-02
1.364583333333333215e+01,8.353043223709908371e-01
1.366666666666666607e+01,-2.466692107571092640e-01
1.368750000000000000e+01,-3.281250754967018901e-01
1.370833333333333215e+01,3.623247330138640865e-01
1.372916666666666607e+01,1.958294963806808120e-01
1.375000000000000000e+01,-7.359949302882073940e-01
1.377083333333333215e+01,4.054282261798273362e-03
1.379166666666666607e+01,5.183795299697726566e-01
1.381250000000000000e+01,-9.376493700024560174e-02
1.383333333333333215e+01,-6.613009652889112466e-01
1.385416666666666607e+01,1.151134792121580458e-01
1.387500000000000000e+01,9.481749589526822231e-01
1.389583333333333215e+01,-1.032832738075635526e-01
1.391666666666666607e+01,-5.215379132997219891e-01
1.393750000000000000e+01,-8.848313955180665824e-02
1.395833333333333215e+01,7.260199454948206288e-01
1.397916666666666607e+01,-2.690684935355656116e-01
1.400000000000000000e+01,-3.309652758339208800e-01
1.402083333333333215e+01,4.586583326509449110e-01
1.404166666666666607e+01,4.702509221921166715e-02
1.406250000000000000e+01,-6.482722286116976429e-01
1.408333333333333215e+01,1.333876784367915846e-01
1.410416666666666607e+01,4.729699345014655165e-01
1.412500000000000000e+01,-3.939049753028642797e-01
1.414583333333333215e+01,-1.208100333282736139e-01
1.416666666666666607e+01,6.547406081759459262e-01
1.418750000000000000e+01,-2.825784936810394887e-01
1.420833333333333215e+01,-3.836415111578136417e-01
1.422916666666666607e+01,3.908699690327941956e-01
1.425000000000000000e+01,2.486372980503426533e-01
1.427083333333333215e+01,-5.759268751522873542e-01
1.429166666666666607e+01,-1.540061348146844478e-01
1.431250000000000000e+01,6.053059274428800318e-01
1.433333333333333215e+01,1.492369550765868247e-01
1.435416666666666607e+01,-7.148192360857572591e-01
1.437500000000000000e+01,6.385314327827534830e-02
1.439583333333333215e+01,4.130298982951189912e-01
1.441666666666666607e+01,4.979238564723342114e-02
1.443750000000000000e+01,-5.994466298906516721e-01
1.445833333333333215e+01,1.741841486646262815e-01
1.447916666666666607e+01,4.788434054193866363e-01
1.450000000000000000e+01,-3.109840685289098072e-01
1.452083333333333215e+01,5.066638929424176208e-02
1.454166666666666607e+01,5.952033150032564057e-01
1.456250000000000000e+01,-2.408055231243422523e-01
1.458333333333333215e+01,-4.485610575701982072e-01
1.460416666666666607e+01,3.187115447970020332e-01
1.462500000000000000e+01,7.484440191092711636e-01
1.464583333333333215e+01,-2.891366837555923719e-01
1.466666666666666607e+01,-3.357689799246856843e-01
1.468750000000000000e+01,4.357240329063453155e-01
1.470833333333333215e+01,6.157913369164133566e-02
1.472916666666666607e+01,-6.011404436325629153e-01
1.475000000000000000e+01,1.660557670259012741e-01
1.477083333333333215e+01,4.483501802141084958e-01
1.479166666666666607e+01,-4.499249760373980056e-01
1.481250000000000000e+01,-1.974558546416066429e-02
1.483333333333333215e+01,6.677320732891560695e-01
1.485416666666666607e+01,-4.057279677494909920e-01
1.487500000000000000e+01,-4.441447296126295186e-01
1.489583333333333215e+01,3.230062087971299345e-01
1.491666666666666607e+01,4.820693774093574024e-01
1.493750000000000000e+01,-4.523414887892484026e-01
1.495833333333333215e+01,-5.316346734780592609e-01
1.497916666666666607e+01,2.384714307197285388e-01
1.500000000000000000e+01,8.960774825281582201e-01
1.502083333333333215e+01,-2.093862816309990105e-01
1.504166666666666607e+01,-7.635760288625118575e-01
1.506250000000000000e+01,5.704225000505630527e-03
1.508333333333333215e+01,6.046397634956236500e-01
1.510416666666666607e+01,1.824076678232448845e-01
1.512500000000000000e+01,-8.262853869738291390e-01
1.514583333333333215e+01,-5.528613747323744831e-02
1.516666666666666607e+01,6.090259416913467172e-01
1.518750000000000000e+01,4.947814882464850461e-01
1.520833333333333215e+01,-6.617719957646346352e-01
1.522916666666666607e+01,1.094344107011536449e-01
1.525000000000000000e+01,4.296839778145281619e-01
1.527083333333333215e+01,-2.162369325091275107e-01
1.529166666666666607e+01,-2.526623176917723312e-01
1.531250000000000000e+01,5.635584854405246702e-01
1.533333333333333215e+01,-3.595112566839998858e-02
1.535416666666666607e+01,-6.875753105978092972e-01
1.537500000000000000e+01,1.167134608817980701e-01
1.539583333333333215e+01,9.836614527227228733e-01
1.541666666666666607e+01,-8.533809264280509121e-02
1.543750000000000000e+01,-6.075941051953112071e-01
1.545833333333333215e+01,5.157250765457530722e-02
1.547916666666666607e+01,6.863613521465167233e-01
1.550000000000000000e+01,-4.099277151955279530e-01
1.552083333333333215e+01,-5.156215858993192791e-01
1.554166666666666607e+01,3.129363714068699176e-01
1.556250000000000000e+01,5.131630877194279794e-01
1.558333333333333215e+01,-2.887306457541325422e-01
1.560416666666666607e+01,-3.819097048358477964e-01
1.562500000000000000e+01,4.627073242579870516e-01
1.564583333333333215e+01,-2.469484174804406629e-01
1.566666666666666607e+01,-6.383840847361467175e-01
1.568750000000000000e+01,1.798865456200172130e-01
1.570833333333333215e+01,8.379246241724777056e-01
1.572916666666666607e+01,-2.897728557800521298e-01
1.575000000000000000e+01,-4.025699056559626232e-01
1.577083333333333215e+01,4.343820099914418309e-01
1.579166666666666607e+01,-7.312430484811309472e-02
1.581250000000000000e+01,-6.741799325750650329e-01
1.583333333333333215e+01,1.319711371012267098e-01
1.585416666666666607e+01,9.872939886675053955e-01
1.587500000000000000e+01,-1.053003326034180898e-01
1.589583333333333215e+01,-6.421794176012539657e-01
1.591666666666666607e+01,-6.537420560281173576e-02
1.593750000000000000e+01,6.582709378638679221e-01
1.595833333333333215e+01,-3.020947607315099259e-01
1.597916666666666607e+01,-5.014165709949486294e-01
1.600000000000000000e+01,3.399182575880426715e-01
1.602083333333333215e+01,3.926126233713974623e-01
1.604166666666666430e+01,-4.340059031283164392e-01
1.606250000000000000e+01,-5.412758288775986193e-01
1.608333333333333215e+01,2.996166193787672127e-01
1.610416666666666430e+01,7.304598797513193187e-01
1.612500000000000000e+01,-4.138380192071943187e-01
1.614583333333333215e+01,-4.647387137237903865e-01
1.616666666666666430e+01,3.656618352126554949e-01
1.618750000000000000e+01,4.002446721597381907e-01
1.620833333333333215e+01,-6.478092670618522675e-01
1.622916666666666430e+01,1.827661798297142703e-01
1.625000000000000000e+01,4.096923109559322262e-01
1.627083333333333215e+01,-4.414721090499359457e-01
1.629166666666666430e+01,1.442964093722709229e-01
1.631250000000000000e+01,6.661211448882500274e-01
1.633333333333333215e+01,-4.279905344175815585e-01
1.635416666666666430e+01,-5.164370489136173026e-01
1.637500000000000000e+01,2.810313539337520039e-01
1.639583333333333215e+01,7.356222041003704915e-01
1.641666666666666430e+01,-2.729559369400061941e-01
1.643750000000000000e+01,-4.161440828618609977e-01
1.645833333333333215e+01,3.817933309030639433e-01
1.647916666666666430e+01,2.505864897316285589e-01
1.650000000000000000e+01,-4.427947258909485928e-01
1.652083333333333215e+01,-3.928966390351639748e-01
1.654166666666666430e+01,4.137105675511102421e-01
1.656250000000000000e+01,2.724034646319807851e-01
1.658333333333333215e+01,-3.425507562963748809e-01
1.660416666666666430e+01,-4.467140210780302101e-01
1.662500000000000000e+01,3.837774760976677690e-01
1.664583333333333215e+01,4.665421061026681082e-01
1.666666666666666430e+01,-1.300306082920314188e-01
1.668750000000000000e+01,-2.834372591634487515e-01
1.670833333333333215e+01,5.468713996820114831e-01
1.672916666666666430e+01,-2.165912926428774643e-01
1.675000000000000000e+01,-3.947856781181364183e-01
1.677083333333333215e+01,4.043823901375735441e-01
1.679166666666666430e+01,2.437832580935128113e-01
1.681250000000000000e+01,-4.607719362896614546e-01
1.683333333333333215e+01,-2.454780251863329099e-01
1.685416666666666430e+01,5.736085330971200102e-01
1.687500000000000000e+01,-2.885849563173580323e-01
1.689583333333333215e+01,-4.400194582375812624e-01
1.691666666666666430e+01,3.365260415317487541e-01
1.693750000000000000e+01,7.056127299187608948e-01
1.695833333333333215e+01,-3.497497683007071978e-01
1.697916666666666430e+01,-5.479150393178402467e-01
1.700000000000000000e+01,2.367243082700450085e-01
1.702083333333333215e+01,1.050549521885426163e+00
1.704166666666666430e+01,-6.372031987076551274e-02
1.706250000000000000e+01,-8.284822259184205784e-01
1.708333333333333215e+01,-4.180475239516583813e-02
1.710416666666666430e+01,6.196086326804698396e-01
1.712500000000000000e+01,1.817027225090002973e-01
1.714583333333333215e+01,-9.094485416916000542e-01
1.716666666666666430e+01,-1.224389432757363450e-01
1.718750000000000000e+01,7.034775449867965991e-01
1.720833333333333215e+01,4.214420458582824325e-01
1.722916666666666430e+01,-7.367653527341561093e-01
1.725000000000000000e+01,-6.501247573338846120e-02
1.727083333333333215e+01,5.802270477095362589e-01
1.729166666666666430e+01,1.239136859465370111e-02
1.731250000000000000e+01,-8.521521630472134179e-01
1.733333333333333215e+01,-6.920503873758349078e-02
1.735416666666666430e+01,7.444310779787111088e-01
1.737500000000000000e+01,9.734239463055575914e-02
1.739583333333333215e+01,-7.395521047932814840e-01
1.741666666666666430e+01,4.022381229630823951e-02
1.743750000000000000e+01,7.720114796800980894e-01
1.745833333333333215e+01,4.417319801044806982e-02
1.747916666666666430e+01,-6.783177483450462120e-01
1.750000000000000000e+01,1.015936745323498952e-01
1.752083333333333215e+01,7.304384674440960179e-01
1.754166666666666430e+01,-2.233690781638799083e-01
1.756250000000000000e+01,-5.769742911151340969e-01
1.758333333333333215e+01,2.011313956549415916e-01
1.760416666666666430e+01,8.588329198271311693e-01
1.762500000000000000e+01,-2.654216808999563804e-01
1.764583333333333215e+01,-5.404550114667521221e-01
1.766666666666666430e+01,2.319141404561644026e-01
1.768750000000000000e+01,6.425661089056543540e-01
1.770833333333333215e+01,-4.884787583752878137e-01
1.772916666666666430e+01,-7.752073621722038732e-01
1.775000000000000000e+01,3.765354383168061786e-03
1.777083333333333215e+01,7.928785041560584279e-01
1.779166666666666430e+01,-2.267760516476524379e-01
1.781250000000000000e+01,-4.889526158633436537e-01
1.783333333333333215e+01,3.333449580349343577e-01
1.785416666666666430e+01,6.924210245522248730e-01
1.787500000000000000e+01,-7.046681721080849670e-02
1.789583333333333215e+01,-3.141046115846296005e-01
1.791666666666666430e+01,5.259637151909908326e-01
1.793750000000000000e+01,-1.806673785840318125e-01
1.795833333333333215e+01,-4.529307453909438563e-01
1.797916666666666430e+01,3.784544202584874673e-01
1.800000000000000000e+01,4.022795061559677476e-01
1.802083333333333215e+01,-2.789897063043991765e-01
1.804166666666666430e+01,-5.355467048107418471e-01
1.806250000000000000e+01,3.000398259523237576e-01
1.808333333333333215e+01,3.208017502252616948e-01
1.810416666666666430e+01,-3.916745949131461568e-02
1.812500000000000000e+01,-2.423905679923044065e-01
1.814583333333333215e+01,-5.489222107720860555e-02
1.816666666666666430e+01,6.154622544589206656e-01
1.818750000000000000e+01,6.063188822555692914e-02
1.820833333333333215e+01,-8.051867148439169064e-01
1.822916666666666430e+01,-1.517820674412308050e-02
1.825000000000000000e+01,7.841962934400400487e-01
1.827083333333333215e+01,-6.119982336873062284e-02
1.829166666666666430e+01,-5.017049400697839445e-01
1.831250000000000000e+01,2.871296909688469401e-01
1.833333333333333215e+01,3.800986052493712242e-01
1.835416666666666430e+01,-3.687098388023449802e-01
1.837500000000000000e+01,-6.689605769671025381e-01
1.839583333333333215e+01,1.222963297111621106e-01
1.841666666666666430e+01,4.380966384426390192e-01
1.843750000000000000e+01,-1.567212384198830577e-01
1.845833333333333215e+01,-4.688942391916858243e-01
1.847916666666666430e+01,1.843001045552989936e-01
1.850000000000000000e+01,4.214048312790422690e-01
1.852083333333333215e+01,4.748339451175336706e-02
1.854166666666666430e+01,-4.267485488160557283e-01
1.856250000000000000e+01,-2.661948713300971159e-02
1.858333333333333215e+01,7.577181555692986681e-01
1.860416666666666430e+01,-9.087204947888366524e-02
1.862500000000000000e+01,-7.125462335476048237e-01
1.864583333333333215e+01,8.322178593240203703e-02
1.866666666666666430e+01,8.475354979918062748e-01
1.868750000000000000e+01,-2.056827735271258006e-01
1.870833333333333215e+01,-6.593526272295818780e-01
1.872916666666666430e+01,1.037468285050490435e-01
1.875000000000000000e+01,8.589255193575062730e-01
1.877083333333333215e+01,-1.316333309044632471e-01
1.879166666666666430e+01,-7.938085130690006874e-01
1.881250000000000000e+01,-3.554391842166582105e-02
1.883333333333333215e+01,7.633803339803274524e-01
1.885416666666666430e+01,-3.030063968406054853e-01
1.887500000000000000e+01,-4.194831052670142113e-01
1.889583333333333215e+01,3.311359333790444004e-01
1.891666666666666430e+01,7.015918742677688114e-01
1.893750000000000000e+01,-1.584829973270912018e-01
1.895833333333333215e+01,-5.294380512980634279e-01
1.897916666666666430e+01,2.233272766070521498e-01
1.900000000000000000e+01,5.585799140036321608e-01
1.902083333333333215e+01,-2.394864936954721746e-01
1.904166666666666430e+01,-2.524136957101243972e-01
1.906250000000000000e+01,4.848560997360917835e-01
1.908333333333333215e+01,3.123092623904665244e-01
1.910416666666666430e+01,-1.854304439634988921e-01
1.912500000000000000e+01,-2.924449665047362812e-02
1.914583333333333215e+01,2.518761700530821601e-01
1.916666666666666430e+01,-7.701431266648185725e-02
1.918750000000000000e+01,-1.049354725452260884e-01
1.920833333333333215e+01,2.392534126148628260e-01
1.922916666666666430e+01,1.885230927930020214e-02
1.925000000000000000e+01,-3.167483420815342399e-01
1.927083333333333215e+01,1.854369833981850679e-01
1.929166666666666430e+01,4.716480968803907214e-01
1.931250000000000000e+01,-3.234459385679386845e-01
1.933333333333333215e+01,-2.954368755998412754e-01
1.935416666666666430e+01,3.354766329719837126e-01
1.937500000000000000e+01,1.002731232344479112e-01
1.939583333333333215e+01,-3.818514149692892601e-01
1.941666666666666430e+01,3.329227235600590307e-01
1.943750000000000000e+01,2.387680257101190140e-01
1.945833333333333215e+01,-3.184803638425238725e-01
1.947916666666666430e+01,2.522198770565085846e-02
1.950000000000000000e+01,2.611655668516792428e-01
1.952083333333333215e+01,-4.368043688238889555e-01
1.954166666666666430e+01,2.945245899727815253e-01
1.956250000000000000e+01,5.154354757189814062e-01
1.958333333333333215e+01,-2.624298649368390079e-01
1.960416666666666430e+01,-7.139811939602669355e-01
1.962500000000000000e+01,2.435756528631187814e-02
1.964583333333333215e+01,3.209715635375523513e-01
1.966666666666666430e+01,-1.142350852668171518e-01
1.968750000000000000e+01,-1.022106152008541852e-01
1.970833333333333215e+01,8.331538114769387882e-02
1.972916666666666430e+01,3.677340580426617933e-01
1.975000000000000000e+01,-1.102610910213053519e-01
1.977083333333333215e+01,-1.057123617971078289e-01
1.979166666666666430e+01,6.564188326651690941e-01
1.981250000000000000e+01,1.947399158073372105e-01
1.983333333333333215e+01,-9.193297818074939176e-01
1.985416666666666430e+01,-1.496059287508430813e-01
1.987500000000000000e+01,6.072399937189201236e-01
1.989583333333333215e+01,-3.886342609562601358e-01
1.991666666666666430e+01,-1.030667988804229718e-01
1.993750000000000000e+01,6.662697272798629999e-01
1.995833333333333215e+01,-4.219325091129066951e-01
1.997916666666666430e+01,-1.549734837495591599e-01
