0.000000000000000000e+00,-0.000000000000000000e+00
2.083333333333333218e-02,-1.099205771010473232e+00
4.166666666666666435e-02,3.352905119987545368e-01
6.250000000000000000e-02,-1.282797964466215523e+00
8.333333333333332871e-02,1.216889952683504195e-01
1.041666666666666574e-01,-5.468263182232669939e-01
1.250000000000000000e-01,-4.720459530377227875e-01
1.458333333333333148e-01,7.014559694569619253e-02
1.666666666666666574e-01,-1.201167321700605140e+00
1.875000000000000000e-01,3.397787259259579251e-01
2.083333333333333148e-01,-1.180413056586534282e+00
2.291666666666666574e-01,5.636913998075220728e-02
2.500000000000000000e-01,-4.532086147916177810e-01
2.708333333333333148e-01,-5.660903987045839969e-01
2.916666666666666297e-01,1.341480976927303392e-01
3.125000000000000000e-01,-1.303644414130165519e+00
3.333333333333333148e-01,3.330092418580014590e-01
3.541666666666666297e-01,-1.078575549348105511e+00
3.750000000000000000e-01,-1.492177626300028592e-02
3.958333333333333148e-01,-3.619088576672637725e-01
4.166666666666666297e-01,-6.620408098524741547e-01
4.375000000000000000e-01,1.911208326099802235e-01
4.583333333333333148e-01,-1.406486016377037851e+00
4.791666666666666297e-01,3.151669678552598830e-01
5.000000000000000000e-01,-9.774496458023205214e-01
5.208333333333332593e-01,-9.138399093221252767e-02
5.416666666666666297e-01,-2.733279451551359762e-01
5.625000000000000000e-01,-7.596035964800306184e-01
5.833333333333332593e-01,2.401332907817303464e-01
6.041666666666666297e-01,-1.509548498826760010e+00
6.250000000000000000e-01,2.867208105391396145e-01
6.458333333333332593e-01,-8.772144588553925093e-01
6.666666666666666297e-01,-1.723021840354990730e-01
6.875000000000000000e-01,-1.879292785372214947e-01
7.083333333333332593e-01,-8.585217251193181243e-01
7.291666666666666297e-01,2.802553509807176879e-01
7.500000000000000000e-01,-1.528899974714852172e+00
7.708333333333332593e-01,2.483666594753064782e-01
7.916666666666666297e-01,-7.780681094052576130e-01
8.125000000000000000e-01,-2.570464523101701482e-01
8.333333333333332593e-01,-1.062476927400088783e-01
8.541666666666666297e-01,-9.585683537264877430e-01
8.750000000000000000e-01,3.106193029324678667e-01
8.958333333333332593e-01,-1.425811642393280954e+00
9.166666666666666297e-01,2.009524063860963772e-01
9.375000000000000000e-01,-6.802324151532574970e-01
9.583333333333332593e-01,-3.450676143917840166e-01
9.791666666666666297e-01,-2.889746585292004080e-02
1.000000000000000000e+00,-1.059541292142612390e+00
1.020833333333333259e+00,3.304947670790482905e-01
1.041666666666666519e+00,-1.322917821907587221e+00
1.062500000000000000e+00,1.454016829049096793e-01
1.083333333333333259e+00,-5.839582854967022563e-01
1.104166666666666519e+00,-4.358895352860317485e-01
1.125000000000000000e+00,4.342225021813719832e-02
1.145833333333333259e+00,-1.161258189438541200e+00
1.166666666666666519e+00,3.393651234139539730e-01
1.187500000000000000e+00,-1.220361088890528967e+00
1.208333333333333259e+00,8.264885490047678418e-02
1.229166666666666519e+00,-4.895319256425068044e-01
1.250000000000000000e+00,-5.291002757372516019e-01
1.270833333333333259e+00,1.099270919268556940e-01
1.291666666666666519e+00,-1.263552333853112941e+00
1.312500000000000000e+00,3.369891932730015860e-01
1.333333333333333259e+00,-1.118290851324097002e+00
1.354166666666666519e+00,1.359135256133954181e-02
1.375000000000000000e+00,-3.972819177039960126e-01
1.395833333333333259e+00,-6.243431675775141798e-01
1.416666666666666519e+00,1.697556709708655798e-01
1.437500000000000000e+00,-1.366268949239453967e+00
1.458333333333333259e+00,3.234322409784763930e-01
1.479166666666666519e+00,-1.016866493448386422e+00
1.500000000000000000e+00,-6.094020204477548774e-02
1.520833333333333259e+00,-3.075871706968091313e-01
1.541666666666666519e+00,-7.213084169763546161e-01
1.562500000000000000e+00,2.219903535364955993e-01
1.583333333333333259e+00,-1.469261876610217010e+00
1.604166666666666519e+00,2.990574448227458215e-01
1.625000000000000000e+00,-9.162608434286981796e-01
1.645833333333333259e+00,-1.401969563836219235e-01
1.666666666666666519e+00,-2.208855889828456598e-01
1.687500000000000000e+00,-8.197255125803425413e-01
1.708333333333333259e+00,2.656944225558678929e-01
1.729166666666666519e+00,-1.570796326794896558e+00
1.750000000000000000e+00,2.644803256692406235e-01
1.770833333333333259e+00,-8.166640723156212145e-01
1.791666666666666519e+00,-2.235159483387632595e-01
1.812500000000000000e+00,-1.376830634891929028e-01
1.833333333333333259e+00,-9.193565187639756164e-01
1.854166666666666519e+00,2.999673929031111963e-01
1.875000000000000000e+00,-1.466075581642212411e+00
1.895833333333333259e+00,2.204987323110595421e-01
1.916666666666666519e+00,-7.182881381374597307e-01
1.937500000000000000e+00,-3.103172542820560320e-01
1.958333333333333259e+00,-5.856199703444622123e-02
1.979166666666666519e+00,-1.019990223715235400e+00
2.000000000000000000e+00,3.240158864856416687e-01
2.020833333333333037e+00,-1.363089068305934015e+00
2.041666666666666519e+00,1.680152667077907391e-01
2.062500000000000000e+00,-6.213718915822179500e-01
2.083333333333333037e+00,-4.000972176308316697e-01
2.104166666666666519e+00,1.581200889444325797e-02
2.125000000000000000e+00,-1.121437055918336867e+00
2.145833333333333037e+00,3.372312175787812172e-01
2.166666666666666519e+00,-1.260383286142793269e+00
2.187500000000000000e+00,1.079667919526841463e-01
2.208333333333333037e+00,-5.261869532297929197e-01
2.229166666666666519e+00,-4.924198920995150330e-01
2.250000000000000000e+00,8.468746718851093147e-02
2.270833333333333037e+00,-1.223524658658315056e+00
2.291666666666666519e+00,3.392589007994534778e-01
2.312500000000000000e+00,-1.158104613809797234e+00
2.333333333333333037e+00,4.126966787389883123e-02
2.354166666666666519e+00,-4.330444476102748297e-01
2.375000000000000000e+00,-5.869080511139571632e-01
2.395833333333333037e+00,1.472313998835828308e-01
2.416666666666666519e+00,-1.326094006070108078e+00
2.437500000000000000e+00,3.300432258702898358e-01
2.458333333333333037e+00,-1.056408144976138219e+00
2.479166666666666519e+00,-3.121686226664043690e-02
2.500000000000000000e+00,-3.423026219010710802e-01
2.520833333333333037e+00,-6.832345372362985669e-01
2.541666666666666519e+00,2.025447011925415597e-01
2.562500000000000000e+00,-1.428995947053324000e+00
2.583333333333333037e+00,3.098345405853649703e-01
2.604166666666666519e+00,-9.554610170789062940e-01
2.625000000000000000e+00,-1.087110000461986720e-01
2.645833333333333037e+00,-2.543752644434222332e-01
2.666666666666666519e+00,-7.811143377242663055e-01
2.687500000000000000e+00,2.496925279445565693e-01
2.708333333333333037e+00,-1.532088069733305469e+00
2.729166666666666519e+00,2.791571162693582409e-01
2.750000000000000000e+00,-8.554461285226073741e-01
2.770833333333333037e+00,-1.905162560991328635e-01
2.791666666666666519e+00,-1.697406382022886850e-01
2.812500000000000000e+00,-8.802975309481863020e-01
2.833333333333333037e+00,2.877525359482699940e-01
2.854166666666666519e+00,-1.506360867596824971e+00
2.875000000000000000e+00,2.387467524669714680e-01
2.895833333333333037e+00,-7.565663559249026227e-01
2.916666666666666519e+00,-2.760209079729440407e-01
2.937500000000000000e+00,-8.895031465739824950e-02
2.958333333333333037e+00,-9.805631085683860215e-01
2.979166666666666519e+00,3.158803582472837213e-01
3.000000000000000000e+00,-1.403303112365552829e+00
3.020833333333333037e+00,1.894741665058478353e-01
3.041666666666666519e+00,-6.590493875639737986e-01
3.062500000000000000e+00,-3.646924568908018194e-01
3.083333333333333037e+00,-1.263678840899668497e-02
3.104166666666666519e+00,-1.081713604120278838e+00
3.125000000000000000e+00,3.333860466644240628e-01
3.145833333333333037e+00,-1.300470595629709569e+00
3.166666666666666519e+00,1.322703349318378185e-01
3.187500000000000000e+00,-5.631532870907003385e-01
3.208333333333333037e+00,-4.560695688924500391e-01
3.229166666666666519e+00,5.848195810697965485e-02
3.250000000000000000e+00,-1.183570424211904282e+00
3.270833333333333037e+00,3.398087563830583524e-01
3.291666666666666519e+00,-1.198007130554360478e+00
3.312500000000000000e+00,6.806498111472235324e-02
3.333333333333333037e+00,-4.691728853752835660e-01
3.354166666666666519e+00,-5.497531343752823929e-01
3.375000000000000000e+00,1.236036570045792038e-01
3.395833333333333037e+00,-1.285969766785389323e+00
3.416666666666666519e+00,3.349729389669672264e-01
3.437500000000000000e+00,-1.096064027301442589e+00
3.458333333333333037e+00,-2.257090362932472061e-03
3.479166666666666519e+00,-3.774470558839587708e-01
3.500000000000000000e+00,-6.453974210675766932e-01
3.520833333333333037e+00,1.818523366153920184e-01
3.541666666666666519e+00,-1.388759011013666944e+00
3.562500000000000000e+00,3.190111002143389829e-01
3.583333333333333037e+00,-9.948032988696290380e-01
3.604166666666666519e+00,-7.788229088825281143e-02
3.625000000000000000e+00,-2.883668411655430086e-01
3.645833333333333037e+00,-7.427018380207510706e-01
3.666666666666666519e+00,2.323023948252393167e-01
3.687500000000000000e+00,-1.491793468838971792e+00
3.708333333333333037e+00,2.923465528154086668e-01
3.729166666666666519e+00,-8.944012135930308194e-01
3.750000000000000000e+00,-1.580804840678569911e-01
3.770833333333333037e+00,-2.023842366454420005e-01
3.791666666666666519e+00,-8.414035352489611652e-01
3.812500000000000000e+00,2.740196909532898739e-01
3.833333333333333037e+00,-1.546659258512394830e+00
3.854166666666666519e+00,2.556411693948177355e-01
3.875000000000000000e+00,-7.950523033409240270e-01
3.895833333333333037e+00,-2.422072757001470789e-01
3.916666666666666519e+00,-1.200211644295923752e-01
3.937500000000000000e+00,-9.412708889932901446e-01
3.958333333333333037e+00,3.061206796898379712e-01
3.979166666666666519e+00,-1.443551494333650931e+00
4.000000000000000000e+00,2.097222621761048178e-01
4.020833333333333037e+00,-6.969739422898498793e-01
4.041666666666666075e+00,-3.297000771632731531e-01
4.062500000000000000e+00,-4.187773834263586181e-02
4.083333333333333037e+00,-1.042097826327046839e+00
4.104166666666666075e+00,3.278457413530320719e-01
4.125000000000000000e+00,-1.340614166831682885e+00
4.145833333333333037e+00,1.555054818165950981e-01
4.166666666666666075e+00,-6.004116123311249442e-01
4.187500000000000000e+00,-4.200707916812944087e-01
4.208333333333333037e+00,3.136170800262023939e-02
4.229166666666666075e+00,-1.143698895283533634e+00
4.250000000000000000e+00,3.386364218073246168e-01
4.270833333333333037e+00,-1.237988974740773296e+00
4.291666666666666075e+00,9.392725762271493528e-02
4.312500000000000000e+00,-5.056449616388460910e-01
4.333333333333333037e+00,-5.128970706186318784e-01
4.354166666666666075e+00,9.892718648935924786e-02
4.375000000000000000e+00,-1.245904967654036577e+00
4.395833333333333037e+00,3.382008847005676389e-01
4.416666666666666075e+00,-1.135823933043760947e+00
4.437500000000000000e+00,2.589397931390639146e-02
4.458333333333333037e+00,-4.129947325546635128e-01
4.479166666666666075e+00,-6.078133472392357461e-01
4.500000000000000000e+00,1.599694940466945547e-01
4.520833333333333037e+00,-1.348559458060319294e+00
4.541666666666666075e+00,3.265511029031413215e-01
4.562500000000000000e+00,-1.034276471475352288e+00
4.583333333333333037e+00,-4.775079640382290380e-02
4.604166666666666075e+00,-3.228305676534048985e-01
4.625000000000000000e+00,-7.045023221608769370e-01
4.645833333333333037e+00,2.135785284301497111e-01
4.666666666666666075e+00,-1.451514946842840326e+00
4.687500000000000000e+00,3.040012919219859389e-01
4.708333333333333037e+00,-9.335168389769235020e-01
4.729166666666666075e+00,-1.262435950285776820e-01
4.750000000000000000e+00,-2.355795742370156709e-01
4.770833333333333037e+00,-8.026872230172785727e-01
4.791666666666666075e+00,2.588174191324817408e-01
4.812500000000000000e+00,-1.554630100975243456e+00
4.833333333333333037e+00,2.711280430613247083e-01
4.854166666666666075e+00,-8.337319204339367351e-01
4.875000000000000000e+00,-2.089067189112774059e-01
4.895833333333333037e+00,-1.517353030185452645e-01
4.916666666666666075e+00,-9.021249452311339567e-01
4.937500000000000000e+00,2.947747496493210440e-01
4.958333333333333037e+00,-1.483825859686197068e+00
4.979166666666666075e+00,2.287033427696461285e-01
5.000000000000000000e+00,-7.351295786020691780e-01
5.020833333333333037e+00,-2.951463522819271490e-01
5.041666666666666075e+00,-7.186643256308898609e-02
5.062500000000000000e+00,-1.002600058019246898e+00
5.083333333333333037e+00,3.206331967604328925e-01
5.104166666666666075e+00,-1.380805323162815457e+00
5.125000000000000000e+00,1.776171250058008189e-01
5.145833333333333037e+00,-6.379436376893464766e-01
5.166666666666666075e+00,-3.844462879521365339e-01
5.187500000000000000e+00,3.376097721205585482e-03
5.208333333333333037e+00,-1.103919596061472941e+00
5.229166666666666075e+00,3.357468773369005066e-01
5.250000000000000000e+00,-1.278040967869843225e+00
5.270833333333333037e+00,1.188047562536500568e-01
5.291666666666666075e+00,-5.424396206586079572e-01
5.312500000000000000e+00,-4.763595623858654649e-01
5.333333333333333037e+00,7.325551843521066475e-02
5.354166666666666075e+00,-1.205908528989145356e+00
5.375000000000000000e+00,3.397134659856503869e-01
5.395833333333333037e+00,-1.175677985580406260e+00
5.416666666666666075e+00,5.318923490703678092e-02
5.437500000000000000e+00,-4.489213316201604020e-01
5.458333333333333037e+00,-5.704994711987599887e-01
5.479166666666666075e+00,1.369521466483113181e-01
5.500000000000000000e+00,-1.308405792437808302e+00
5.520833333333333037e+00,3.324241581910638565e-01
5.541666666666666075e+00,-1.073869741368630004e+00
5.562500000000000000e+00,-1.835850249661211478e-02
5.583333333333333037e+00,-3.577383242133128638e-01
5.604166666666666075e+00,-6.665308238504701333e-01
5.625000000000000000e+00,1.935765627785629994e-01
5.645833333333333037e+00,-1.411260766135983058e+00
5.666666666666666075e+00,3.140778570828267058e-01
5.687500000000000000e+00,-9.727810462540827929e-01
5.708333333333333037e+00,-9.504246905097915588e-02
5.729166666666666075e+00,-2.692941957475888937e-01
5.750000000000000000e+00,-7.641618786638139094e-01
5.770833333333333037e+00,2.421971538981343430e-01
5.791666666666666075e+00,-1.514330090516809335e+00
5.812500000000000000e+00,2.851554572020938427e-01
5.833333333333333037e+00,-8.725917997436297702e-01
5.854166666666666075e+00,-1.761513395686058747e-01
5.875000000000000000e+00,-1.840554646276880701e-01
5.895833333333333037e+00,-8.631371360597821507e-01
5.916666666666666075e+00,2.818851937205363312e-01
5.937500000000000000e+00,-1.524117933338918762e+00
5.958333333333333037e+00,2.463616231782670696e-01
5.979166666666666075e+00,-7.735011127736592940e-01
6.000000000000000000e+00,-2.610590889451901986e-01
6.020833333333333037e+00,-1.025604845819363953e-01
6.041666666666666075e+00,-9.632310134445394301e-01
6.062500000000000000e+00,3.117776185756225837e-01
6.083333333333333037e+00,-1.421035534576006842e+00
6.104166666666666075e+00,1.985493954087224899e-01
6.125000000000000000e+00,-6.757320267440347639e-01
6.145833333333333037e+00,-3.492201069562809734e-01
6.166666666666666075e+00,-2.542737722352072724e-02
6.187500000000000000e+00,-1.064242341749019882e+00
6.208333333333333037e+00,3.311523182838820856e-01
6.229166666666666075e+00,-1.318154149872186709e+00
6.250000000000000000e+00,1.426442194986922429e-01
6.270833333333333037e+00,-5.795369438150166363e-01
6.291666666666666075e+00,-4.401614345436687947e-01
6.312500000000000000e+00,4.664071067075109545e-02
6.333333333333333037e+00,-1.165989583755354442e+00
6.354166666666666075e+00,3.395042626229475835e-01
6.375000000000000000e+00,-1.215616605717405152e+00
6.395833333333333037e+00,7.957966011877781742e-02
6.416666666666666075e+00,-4.852038705842655619e-01
6.437500000000000000e+00,-5.334738900086274382e-01
6.458333333333333037e+00,1.128555820088546491e-01
6.479166666666666075e+00,-1.268306659602169706e+00
6.500000000000000000e+00,3.366060832293960581e-01
6.520833333333333037e+00,-1.113572701035773882e+00
6.541666666666666075e+00,1.025058117504277187e-02
6.562500000000000000e+00,-3.930635404486296225e-01
6.583333333333333037e+00,-6.288031586229002601e-01
6.604166666666666075e+00,1.723526676889622633e-01
6.625000000000000000e+00,-1.371039263499794103e+00
6.645833333333333037e+00,3.225373594333569294e-01
6.666666666666666075e+00,-1.012182363829606357e+00
6.687500000000000000e+00,-6.451595515893569777e-02
6.708333333333333037e+00,-3.034974016767941762e-01
6.729166666666666075e+00,-7.258414290027258575e-01
6.750000000000000000e+00,2.242124893471159897e-01
6.770833333333333037e+00,-1.474041560539694373e+00
6.791666666666666075e+00,2.976742249409515817e-01
6.812500000000000000e+00,-9.116191364120276308e-01
6.833333333333333037e+00,-1.439750549251692380e-01
6.854166666666666075e+00,-2.169463119667537077e-01
6.875000000000000000e+00,-8.243198416332094824e-01
6.895833333333333037e+00,2.674986485599992747e-01
6.916666666666666075e+00,-1.564419494254812637e+00
6.937500000000000000e+00,2.626423250870950077e-01
6.958333333333333037e+00,-8.120740970853366214e-01
6.979166666666666075e+00,-2.274677094495225482e-01
7.000000000000000000e+00,-1.339195292262985171e-01
7.020833333333333037e+00,-9.240018230201467730e-01
7.041666666666666075e+00,3.013139638611510018e-01
7.062500000000000000e+00,-1.461296390898268127e+00
7.083333333333333037e+00,2.182460734933465152e-01
7.104166666666666075e+00,-7.137603323388451715e-01
7.125000000000000000e+00,-3.144177014195735365e-01
7.145833333333333037e+00,-5.500318733290437273e-02
7.166666666666666075e+00,-1.024677271592377537e+00
7.187500000000000000e+00,3.248719044884824103e-01
7.208333333333333037e+00,-1.358319750303567774e+00
7.229166666666666075e+00,1.653911199193767723e-01
7.250000000000000000e+00,-6.169180759774539613e-01
7.270833333333333037e+00,-4.043247102343617838e-01
7.291666666666666075e+00,1.913314794533541377e-02
7.312500000000000000e+00,-1.126157507231252630e+00
7.333333333333333037e+00,3.375741644478732484e-01
7.354166666666666075e+00,-1.255630479822032575e+00
7.375000000000000000e+00,1.050144482402630419e-01
7.395833333333333037e+00,-5.218206244876284483e-01
7.416666666666666075e+00,-4.967557105056124023e-01
7.437500000000000000e+00,8.773404500147076457e-02
7.458333333333333037e+00,-1.228270873460791890e+00
7.479166666666666075e+00,3.390793792393620998e-01
7.500000000000000000e+00,-1.153375293057920636e+00
7.520833333333333037e+00,3.803044220792396041e-02
7.541666666666666075e+00,-4.287811121166105743e-01
7.562500000000000000e+00,-5.913359837751477333e-01
7.583333333333333037e+00,1.499630190369588001e-01
7.604166666666666075e+00,-1.330858875806459007e+00
7.625000000000000000e+00,3.293461826587190111e-01
7.645833333333333037e+00,-1.051709765914737194e+00
7.666666666666666075e+00,-3.470490815513287142e-02
7.687500000000000000e+00,-3.381601696840911830e-01
7.708333333333333037e+00,-6.877404954101148382e-01
7.729166666666666075e+00,2.049185050016304743e-01
7.750000000000000000e+00,-1.433772742890459417e+00
7.770833333333333037e+00,3.086386168179490741e-01
7.791666666666666075e+00,-9.508016809901300714e-01
7.812500000000000000e+00,-1.124136654830635296e-01
7.833333333333333037e+00,-2.503743752546191970e-01
7.854166666666666075e+00,-7.856860087377586233e-01
7.875000000000000000e+00,2.516650303981246006e-01
7.895833333333333037e+00,-1.536870303267976912e+00
7.916666666666666075e+00,2.774923154853837226e-01
7.937500000000000000e+00,-8.508347654444191610e-01
7.958333333333333037e+00,-1.944033326777417914e-01
7.979166666666666075e+00,-1.659051997327109229e-01
8.000000000000000000e+00,-8.849240727314491295e-01
8.020833333333332149e+00,2.892823005598255115e-01
8.041666666666666075e+00,-1.501579575763903440e+00
8.062500000000000000e+00,2.366510683745309540e-01
8.083333333333332149e+00,-7.520129342312916743e-01
8.104166666666666075e+00,-2.800660104105893167e-01
8.125000000000000000e+00,-8.530781366345575878e-02
8.145833333333332149e+00,-9.852348834942089573e-01
8.166666666666666075e+00,3.169313746209610483e-01
8.187500000000000000e+00,-1.398529160482830047e+00
8.208333333333332149e+00,1.869899680340876558e-01
8.229166666666666075e+00,-6.545651549398217028e-01
8.250000000000000000e+00,-3.688726894387860944e-01
8.270833333333332149e+00,-9.218607196525601538e-03
8.291666666666666075e+00,-1.086421947870861660e+00
8.312500000000000000e+00,3.339313528112478058e-01
8.333333333333332149e+00,-1.295710529266014932e+00
8.354166666666666075e+00,1.294411632799872813e-01
8.375000000000000000e+00,-5.587510479450080725e-01
8.395833333333332149e+00,-4.603651206245616967e-01
8.416666666666666075e+00,6.164044524216649723e-02
8.437500000000000000e+00,-1.188307444450691586e+00
8.458333333333332149e+00,3.398335858109101659e-01
8.479166666666666075e+00,-1.193267775897016048e+00
8.500000000000000000e+00,6.493311823182212894e-02
8.520833333333332149e+00,-4.648673184656018087e-01
8.541666666666666075e+00,-5.541468614998608100e-01
8.562500000000000000e+00,1.264633361619189600e-01
8.583333333333332149e+00,-1.290728166218962469e+00
8.604166666666666075e+00,3.344766060768360472e-01
8.625000000000000000e+00,-1.091352633628176472e+00
8.645833333333332149e+00,-5.652206528013248472e-03
8.666666666666666075e+00,-3.732550730355050361e-01
8.687500000000000000e+00,-6.498744489335105401e-01
8.708333333333332149e+00,1.843711404569534640e-01
8.729166666666666075e+00,-1.393531929600988040e+00
8.750000000000000000e+00,3.180070906546192400e-01
8.770833333333332149e+00,-9.901276947836539222e-01
8.791666666666666075e+00,-8.150491338965017152e-02
8.812500000000000000e+00,-2.843079823707188591e-01
8.833333333333332149e+00,-7.472491986261204922e-01
8.854166666666666075e+00,2.344368106950535657e-01
8.875000000000000000e+00,-1.496574340214929633e+00
8.895833333333332149e+00,2.908607921418099873e-01
8.916666666666666075e+00,-8.897699819231684737e-01
8.937500000000000000e+00,-1.618988516622791307e-01
8.958333333333332149e+00,-1.984810869634133224e-01
8.979166666666666075e+00,-8.460098456910638554e-01
9.000000000000000000e+00,2.757271115093345992e-01
9.020833333333332149e+00,-1.541876841016009081e+00
9.041666666666666075e+00,2.537089634050278542e-01
9.062500000000000000e+00,-7.904749799233375951e-01
9.083333333333332149e+00,-2.461935424420424734e-01
9.104166666666666075e+00,-1.162997619552077894e-01
9.125000000000000000e+00,-9.459260703707741413e-01
9.145833333333332149e+00,3.073625431242141270e-01
9.166666666666666075e+00,-1.438773906435260042e+00
9.187500000000000000e+00,2.073846856380177073e-01
9.208333333333332149e+00,-6.924612440412796222e-01
9.229166666666666075e+00,-3.338300297169770614e-01
9.250000000000000000e+00,-3.836791793243973098e-02
9.270833333333332149e+00,-1.046792859512089002e+00
9.291666666666666075e+00,3.285911312884911561e-01
9.312500000000000000e+00,-1.335847881032517837e+00
9.333333333333332149e+00,1.528059542127698511e-01
9.354166666666666075e+00,-5.959756998785886717e-01
9.375000000000000000e+00,-4.243234637503542905e-01
9.395833333333332149e+00,3.462612483909605771e-02
9.416666666666666075e+00,-1.148425608593222513e+00
9.437500000000000000e+00,3.388654965401842745e-01
9.458333333333332149e+00,-1.233240691229660069e+00
9.479166666666666075e+00,9.090878727411812188e-02
9.500000000000000000e+00,-5.012997409213292288e-01
9.520833333333332149e+00,-5.172543252449611773e-01
9.541666666666666075e+00,1.019084872687530952e-01
9.562500000000000000e+00,-1.250655851020873843e+00
9.583333333333332149e+00,3.379073403576192680e-01
9.604166666666666075e+00,-1.131100718053754894e+00
9.625000000000000000e+00,2.259725317998164881e-02
9.645833333333332149e+00,-4.087561976618143689e-01
9.666666666666666075e+00,-6.122594684698303702e-01
9.687500000000000000e+00,1.626266295649768934e-01
9.708333333333332149e+00,-1.353327498365534343e+00
9.729166666666666075e+00,3.257429996766558755e-01
9.750000000000000000e+00,-1.029585907575912840e+00
9.770833333333332149e+00,-5.128852803166504548e-02
9.791666666666666075e+00,-3.187171827850283634e-01
9.812500000000000000e+00,-7.090236375837034588e-01
9.833333333333332149e+00,2.158683186607965043e-01
9.854166666666666075e+00,-1.456293479352127385e+00
9.875000000000000000e+00,3.027000014079209156e-01
9.895833333333332149e+00,-9.288671920764879353e-01
9.916666666666666075e+00,-1.299890056650237213e-01
9.937500000000000000e+00,-2.316126846862414379e-01
9.958333333333332149e+00,-8.072717660232124892e-01
9.979166666666666075e+00,2.606965687905516971e-01
1.000000000000000000e+01,-1.559412672141299527e+00
1.002083333333333215e+01,2.693656235430172408e-01
1.004166666666666607e+01,-8.291323285925326081e-01
1.006250000000000000e+01,-2.128304576199406273e-01
1.008333333333333215e+01,-1.479395516479289907e-01
1.010416666666666607e+01,-9.067621584138816360e-01
1.012500000000000000e+01,2.962027020820550138e-01
1.014583333333333215e+01,-1.479045622507485724e+00
1.016666666666666607e+01,2.265190468423289860e-01
1.018750000000000000e+01,-7.305902680139904071e-01
1.020833333333333215e+01,-2.992228285273038635e-01
1.022916666666666607e+01,-6.827013718883853666e-02
1.025000000000000000e+01,-1.007280535084136730e+00
1.027083333333333215e+01,3.215756137451674102e-01
1.029166666666666607e+01,-1.376033839343980159e+00
1.031250000000000000e+01,1.750538279180300083e-01
1.033333333333333215e+01,-6.334761712170040582e-01
1.035416666666666607e+01,-3.886533158639682850e-01
1.037500000000000000e+01,6.740681091991480509e-03
1.039583333333333215e+01,-1.108634857666904949e+00
1.041666666666666607e+01,3.361792257064669665e-01
1.043750000000000000e+01,-1.273284832675569467e+00
1.045833333333333215e+01,1.159059017883094234e-01
1.047916666666666607e+01,-5.380571837806976676e-01
1.050000000000000000e+01,-4.806779492788124664e-01
1.052083333333333215e+01,7.635216119726181971e-02
1.054166666666666607e+01,-1.210650827208893165e+00
1.056250000000000000e+01,3.396239525294776351e-01
1.058333333333333215e+01,-1.170944105092388110e+00
1.060416666666666607e+01,4.999659068757755787e-02
1.062500000000000000e+01,-4.446390591049594332e-01
1.064583333333333215e+01,-5.749126021030394051e-01
1.066666666666666607e+01,1.397409999951703674e-01
1.068750000000000000e+01,-1.313167938445418459e+00
1.070833333333333215e+01,3.318152533920575853e-01
1.072916666666666607e+01,-1.069165477563392974e+00
1.075000000000000000e+01,-2.180625505804592926e-02
1.077083333333333215e+01,-3.535736674548879410e-01
1.079166666666666607e+01,-6.710242703716797763e-01
1.081250000000000000e+01,1.960150865465224712e-01
1.083333333333333215e+01,-1.416035975930239887e+00
1.085416666666666607e+01,3.129659697895312287e-01
1.087500000000000000e+01,-9.681143768871478539e-01
1.089583333333333215e+01,-9.871044428855142716e-02
1.091666666666666607e+01,-2.652673243226201794e-01
1.093750000000000000e+01,-7.687230452363551514e-01
1.095833333333333215e+01,2.442418027329589791e-01
1.097916666666666607e+01,-1.519111843826961739e+00
1.100000000000000000e+01,2.835688561023445020e-01
1.102083333333333215e+01,-8.679714980137108737e-01
1.104166666666666607e+01,-1.800086473509084073e-01
1.106250000000000000e+01,-1.801896845761033483e-01
1.108333333333333215e+01,-8.677549474212150615e-01
1.110416666666666607e+01,2.834939530528025609e-01
1.112500000000000000e+01,-1.519336025522893374e+00
1.114583333333333215e+01,2.443371868336652597e-01
1.116666666666666607e+01,-7.689369520418581905e-01
1.118750000000000000e+01,-2.650787063259029130e-01
1.120833333333333215e+01,-9.888263809646029301e-02
1.122916666666666607e+01,-9.678956419697275493e-01
1.125000000000000000e+01,3.129132844248140310e-01
1.127083333333333215e+01,-1.416259858171662112e+00
1.129166666666666607e+01,1.961289854971347835e-01
1.131250000000000000e+01,-6.712350157250269733e-01
1.133333333333333215e+01,-3.533785651276143969e-01
1.135416666666666607e+01,-2.196816177753996638e-02
1.137500000000000000e+01,-1.068944970644013059e+00
1.139583333333333215e+01,3.317861227653607914e-01
1.141666666666666607e+01,-1.313391215771490428e+00
1.143750000000000000e+01,1.398713724668527170e-01
1.145833333333333215e+01,-5.751195973962277552e-01
1.147916666666666607e+01,-4.444384213705109277e-01
1.150000000000000000e+01,4.984660205227902513e-02
1.152083333333333215e+01,-1.170722200984180894e+00
1.154166666666666607e+01,3.396191608677162077e-01
1.156250000000000000e+01,-1.210873181949287281e+00
1.158333333333333215e+01,7.649701057930709258e-02
1.160416666666666607e+01,-4.808805203559943786e-01
1.162500000000000000e+01,-5.378518316574399938e-01
1.164583333333333215e+01,1.157696406604136613e-01
1.166666666666666607e+01,-1.273061877130359676e+00
1.168750000000000000e+01,3.361989052349997342e-01
1.170833333333333215e+01,-1.108855953339311640e+00
1.172916666666666607e+01,6.898135484461772465e-03
1.175000000000000000e+01,-3.888506864831742793e-01
1.177083333333333215e+01,-6.332668166755309747e-01
1.179166666666666607e+01,1.749332495733464110e-01
1.181250000000000000e+01,-1.375810156567621734e+00
1.183333333333333215e+01,3.216192272797849805e-01
1.185416666666666607e+01,-1.007500009179226330e+00
1.187500000000000000e+01,-6.810178066084464354e-02
1.189583333333333215e+01,-2.994141020605048942e-01
1.191666666666666607e+01,-7.303775312426856736e-01
1.193750000000000000e+01,2.264161871946001880e-01
1.195833333333333215e+01,-1.478821521975587139e+00
1.197916666666666607e+01,2.962691125163270378e-01
