0.000000000000000000e+00,1.836970198721029749e-17
2.083333333333333218e-02,1.666666666666666741e+00
4.166666666666666435e-02,1.559236638188810531e+00
6.250000000000000000e-02,3.642569971522143568e+00
8.333333333333332871e-02,3.225903304855477050e+00
1.041666666666666574e-01,4.475903304855477494e+00
1.250000000000000000e-01,4.892569971522144456e+00
1.458333333333333148e-01,4.856828852130083085e+00
1.666666666666666574e-01,6.576622109727793486e+00
1.875000000000000000e-01,6.159955443061126523e+00
2.083333333333333148e-01,8.243288776394461337e+00
2.291666666666666574e-01,7.826622109727794374e+00
2.500000000000000000e-01,9.076622109727793486e+00
2.708333333333333148e-01,9.649519751502003473e+00
2.916666666666666297e-01,9.453192425931215226e+00
3.125000000000000000e-01,1.153652575926454560e+01
3.333333333333333148e-01,1.111985909259787952e+01
3.541666666666666297e-01,1.320319242593120990e+01
3.750000000000000000e-01,1.278652575926454382e+01
3.958333333333333148e-01,1.369674705936317594e+01
4.166666666666666297e-01,1.473619001201902101e+01
4.375000000000000000e-01,1.431952334535235494e+01
4.583333333333333148e-01,1.640285667868568709e+01
4.791666666666666297e-01,1.598619001201902101e+01
5.000000000000000000e-01,1.802020554769053717e+01
5.208333333333332593e-01,1.790700980605772230e+01
5.416666666666666297e-01,1.842096355425935172e+01
5.625000000000000000e-01,1.967096355425935528e+01
5.833333333333332593e-01,1.925429688759268743e+01
6.041666666666666297e-01,2.133763022092602668e+01
6.250000000000000000e-01,2.092096355425935883e+01
6.458333333333332593e-01,2.253257136813515871e+01
6.666666666666666297e-01,2.289399932918486158e+01
6.875000000000000000e-01,2.331066599585152943e+01
7.083333333333332593e-01,2.456066599585153298e+01
7.291666666666666297e-01,2.414399932918486513e+01
7.500000000000000000e-01,2.622733266251820439e+01
7.708333333333332593e-01,2.607504870459380086e+01
7.916666666666666297e-01,2.732504870459380442e+01
8.125000000000000000e-01,2.774171537126047227e+01
8.333333333333332593e-01,2.815838203792714012e+01
8.541666666666666297e-01,2.940838203792714367e+01
8.750000000000000000e-01,2.913237245398597253e+01
8.958333333333332593e-01,3.121570578731931178e+01
9.166666666666666297e-01,3.103280472978556759e+01
9.375000000000000000e-01,3.228280472978556759e+01
9.583333333333332593e-01,3.269947139645223189e+01
9.791666666666666297e-01,3.311613806311889618e+01
1.000000000000000000e+00,3.436613806311888908e+01
1.020833333333333259e+00,3.423033626805779761e+01
1.041666666666666519e+00,3.631366960139111910e+01
1.062500000000000000e+00,3.589700293472445480e+01
1.083333333333333259e+00,3.714700293472444770e+01
1.104166666666666519e+00,3.756366960139111200e+01
1.125000000000000000e+00,3.794618978713079827e+01
1.145833333333333259e+00,3.948376598189893372e+01
1.166666666666666519e+00,3.917733866770211648e+01
1.187500000000000000e+00,4.126067200103543797e+01
1.208333333333333259e+00,4.084400533436877367e+01
1.229166666666666519e+00,4.209400533436876657e+01
1.250000000000000000e+00,4.251067200103543087e+01
1.270833333333333259e+00,4.246953821253554651e+01
1.291666666666666519e+00,4.448091103734640939e+01
1.312500000000000000e+00,4.406424437067974509e+01
1.333333333333333259e+00,4.614757770401306658e+01
1.354166666666666519e+00,4.573091103734640228e+01
1.375000000000000000e+00,4.680651543485551258e+01
1.395833333333333259e+00,4.766056683390692683e+01
1.416666666666666519e+00,4.724390016724026253e+01
1.437500000000000000e+00,4.932723350057358402e+01
1.458333333333333259e+00,4.891056683390691973e+01
1.479166666666666519e+00,5.099390016724024122e+01
1.500000000000000000e+00,5.070235255263185792e+01
1.520833333333333259e+00,5.136626050986193803e+01
1.541666666666666519e+00,5.261626050986193093e+01
1.562500000000000000e+00,5.219959384319526663e+01
1.583333333333333259e+00,5.428292717652858812e+01
1.604166666666666519e+00,5.386626050986192382e+01
1.625000000000000000e+00,5.563856222410606023e+01
1.645833333333333259e+00,5.581173060766417393e+01
1.666666666666666519e+00,5.622839727433083823e+01
1.687500000000000000e+00,5.747839727433083112e+01
1.708333333333333259e+00,5.706173060766416683e+01
1.729166666666666519e+00,5.914506394099748832e+01
1.750000000000000000e+00,5.898117536789506943e+01
1.770833333333333259e+00,6.035441874256865447e+01
1.791666666666666519e+00,6.077108540923531876e+01
1.812500000000000000e+00,6.118775207590198306e+01
1.833333333333333259e+00,6.243775207590197596e+01
1.854166666666666519e+00,6.202108540923531166e+01
1.875000000000000000e+00,6.410441874256864025e+01
1.895833333333333259e+00,6.398859855117873963e+01
1.916666666666666519e+00,6.523859855117875384e+01
1.937500000000000000e+00,6.565526521784542524e+01
1.958333333333333259e+00,6.607193188451209664e+01
1.979166666666666519e+00,6.732193188451211086e+01
2.000000000000000000e+00,6.716693238122198295e+01
2.020833333333333037e+00,6.925026571455533997e+01
2.041666666666666519e+00,6.883734315673925153e+01
2.062500000000000000e+00,7.008734315673926574e+01
2.083333333333333037e+00,7.050400982340593714e+01
2.104166666666666519e+00,7.092067649007260854e+01
2.125000000000000000e+00,7.228029366725351679e+01
2.145833333333333037e+00,7.212439313093155135e+01
2.166666666666666519e+00,7.420772646426490837e+01
2.187500000000000000e+00,7.379105979759823697e+01
2.208333333333333037e+00,7.504105979759825118e+01
2.229166666666666519e+00,7.545772646426492258e+01
2.250000000000000000e+00,7.557780111725301708e+01
2.270833333333333037e+00,7.740120643462459782e+01
2.291666666666666519e+00,7.698453976795792641e+01
2.312500000000000000e+00,7.906787310129128343e+01
2.333333333333333037e+00,7.865120643462461203e+01
2.354166666666666519e+00,7.989751843575314183e+01
2.375000000000000000e+00,8.057007138016521708e+01
2.395833333333333037e+00,8.028970361552877932e+01
2.416666666666666519e+00,8.237303694886213634e+01
2.437500000000000000e+00,8.195637028219546494e+01
2.458333333333333037e+00,8.403970361552882196e+01
2.479166666666666519e+00,8.362303694886215055e+01
2.500000000000000000e+00,8.444322654870360623e+01
2.520833333333333037e+00,8.558789509227564452e+01
2.541666666666666519e+00,8.517122842560897311e+01
2.562500000000000000e+00,8.725456175894233013e+01
2.583333333333333037e+00,8.683789509227565873e+01
2.604166666666666519e+00,8.877654806999822767e+01
2.625000000000000000e+00,8.876497859315237804e+01
2.645833333333333037e+00,8.919795400178325906e+01
2.666666666666666519e+00,9.044795400178327327e+01
2.687500000000000000e+00,9.003128733511660187e+01
2.708333333333333037e+00,9.211462066844995888e+01
2.729166666666666519e+00,9.179210575326727906e+01
2.750000000000000000e+00,9.331644562577105262e+01
2.770833333333333037e+00,9.373311229243772402e+01
2.791666666666666519e+00,9.414977895910439543e+01
2.812500000000000000e+00,9.539977895910440964e+01
2.833333333333333037e+00,9.498311229243773823e+01
2.854166666666666519e+00,9.706644562577109525e+01
2.875000000000000000e+00,9.692467348604763799e+01
2.895833333333333037e+00,9.817467348604765220e+01
2.916666666666666519e+00,9.859134015271432361e+01
2.937500000000000000e+00,9.900800681938099501e+01
2.958333333333333037e+00,1.002580068193810092e+02
2.979166666666666519e+00,1.000814318434705399e+02
3.000000000000000000e+00,1.021647651768038969e+02
3.020833333333333037e+00,1.018975041975862439e+02
3.041666666666666519e+00,1.031475041975862581e+02
3.062500000000000000e+00,1.035641708642529295e+02
3.083333333333333037e+00,1.039808375309196009e+02
3.104166666666666519e+00,1.052308375309196151e+02
3.125000000000000000e+00,1.051097782885562708e+02
3.145833333333333037e+00,1.071931116218896278e+02
3.166666666666666519e+00,1.067764449552229564e+02
3.187500000000000000e+00,1.080264449552229706e+02
3.208333333333333037e+00,1.084431116218896420e+02
3.229166666666666519e+00,1.087300169033748460e+02
3.250000000000000000e+00,1.103690164546145667e+02
3.270833333333333037e+00,1.099812766920386196e+02
3.291666666666666519e+00,1.120646100253719766e+02
3.312500000000000000e+00,1.116479433587053052e+02
3.333333333333333037e+00,1.128979433587053194e+02
3.354166666666666519e+00,1.133933330930403969e+02
3.375000000000000000e+00,1.132646286865157350e+02
3.395833333333333037e+00,1.153479620198490920e+02
3.416666666666666519e+00,1.149312953531824206e+02
3.437500000000000000e+00,1.170146286865157776e+02
3.458333333333333037e+00,1.165979620198491062e+02
3.479166666666666519e+00,1.175803799805759411e+02
3.500000000000000000e+00,1.185376758237170662e+02
3.520833333333333037e+00,1.181210091570503948e+02
3.541666666666666519e+00,1.202043424903837519e+02
3.562500000000000000e+00,1.197876758237170804e+02
3.583333333333333037e+00,1.218710091570504375e+02
3.604166666666666519e+00,1.216786735739521532e+02
3.625000000000000000e+00,1.222579037234878854e+02
3.645833333333333037e+00,1.235079037234878996e+02
3.666666666666666519e+00,1.230912370568212282e+02
3.687500000000000000e+00,1.251745703901545852e+02
3.708333333333333037e+00,1.247579037234879138e+02
3.729166666666666519e+00,1.264396015129655524e+02
3.750000000000000000e+00,1.267176647570070855e+02
3.770833333333333037e+00,1.271343314236737569e+02
3.791666666666666519e+00,1.283843314236737569e+02
3.812500000000000000e+00,1.279676647570070855e+02
3.833333333333333037e+00,1.300509980903403857e+02
3.854166666666666519e+00,1.298924626049025335e+02
3.875000000000000000e+00,1.311840609613194886e+02
3.895833333333333037e+00,1.316007276279861458e+02
3.916666666666666519e+00,1.320173942946528030e+02
3.937500000000000000e+00,1.332673942946527745e+02
3.958333333333333037e+00,1.329140590457257076e+02
3.979166666666666519e+00,1.349973923790589936e+02
4.000000000000000000e+00,1.348823587478325408e+02
4.020833333333333037e+00,1.361323587478325123e+02
4.041666666666666075e+00,1.365490254144991695e+02
4.062500000000000000e+00,1.369656920811658267e+02
4.083333333333333037e+00,1.382156920811657983e+02
4.104166666666666075e+00,1.380702965839303147e+02
4.125000000000000000e+00,1.401536299172636006e+02
4.145833333333333037e+00,1.397369632505969435e+02
4.166666666666666075e+00,1.409869632505969150e+02
4.187500000000000000e+00,1.414036299172635722e+02
4.208333333333333037e+00,1.418202965839302294e+02
4.229166666666666075e+00,1.432789013383996064e+02
4.250000000000000000e+00,1.430380067109969957e+02
4.270833333333333037e+00,1.451213400443302817e+02
4.291666666666666075e+00,1.447046733776636245e+02
4.312500000000000000e+00,1.459546733776635961e+02
4.333333333333333037e+00,1.463713400443302532e+02
4.354166666666666075e+00,1.464005272297717966e+02
4.375000000000000000e+00,1.483286590629536192e+02
4.395833333333333037e+00,1.479119923962869620e+02
4.416666666666666075e+00,1.499953257296202480e+02
4.437500000000000000e+00,1.495786590629535908e+02
4.458333333333333037e+00,1.507288569008219099e+02
4.479166666666666075e+00,1.515024216302928721e+02
4.500000000000000000e+00,1.511400778227475428e+02
4.520833333333333037e+00,1.532234111560808287e+02
4.541666666666666075e+00,1.528067444894141715e+02
4.562500000000000000e+00,1.548900778227474575e+02
4.583333333333333037e+00,1.545213882490829178e+02
4.604166666666666075e+00,1.552534068554129192e+02
4.625000000000000000e+00,1.565034068554128908e+02
4.645833333333333037e+00,1.560867401887462336e+02
4.666666666666666075e+00,1.581700735220795195e+02
4.687500000000000000e+00,1.577534068554128623e+02
4.708333333333333037e+00,1.595983406438037093e+02
4.729166666666666075e+00,1.596896401793245559e+02
4.750000000000000000e+00,1.601063068459912131e+02
4.770833333333333037e+00,1.613563068459911847e+02
4.791666666666666075e+00,1.609396401793245275e+02
4.812500000000000000e+00,1.630229735126578134e+02
4.833333333333333037e+00,1.627992198470892333e+02
4.854166666666666075e+00,1.642382509537362125e+02
4.875000000000000000e+00,1.646549176204028697e+02
4.895833333333333037e+00,1.650715842870695269e+02
4.916666666666666075e+00,1.663215842870694985e+02
4.937500000000000000e+00,1.659049176204028413e+02
4.958333333333333037e+00,1.679882509537361273e+02
4.979166666666666075e+00,1.678598657129035132e+02
5.000000000000000000e+00,1.691098657129034848e+02
5.020833333333333037e+00,1.695265323795701420e+02
5.041666666666666075e+00,1.699431990462367992e+02
5.062500000000000000e+00,1.711931990462367708e+02
5.083333333333333037e+00,1.710326647235538076e+02
5.104166666666666075e+00,1.731159980568870935e+02
5.125000000000000000e+00,1.727664315615984094e+02
5.145833333333333037e+00,1.740164315615983810e+02
5.166666666666666075e+00,1.744330982282650382e+02
5.187500000000000000e+00,1.748497648949316954e+02
5.208333333333333037e+00,1.761324252789857212e+02
5.229166666666666075e+00,1.760289678817673007e+02
5.250000000000000000e+00,1.781123012151005867e+02
5.270833333333333037e+00,1.776956345484339295e+02
5.291666666666666075e+00,1.789456345484339010e+02
5.312500000000000000e+00,1.793623012151005582e+02
5.333333333333333037e+00,1.795552235890809811e+02
5.354166666666666075e+00,1.812969015146699974e+02
5.375000000000000000e+00,1.808802348480033402e+02
5.395833333333333037e+00,1.829635681813366261e+02
5.416666666666666075e+00,1.825469015146699689e+02
5.437500000000000000e+00,1.837969015146699405e+02
5.458333333333333037e+00,1.843908243017752397e+02
5.479166666666666075e+00,1.841764980691835092e+02
5.500000000000000000e+00,1.862598314025167952e+02
5.520833333333333037e+00,1.858431647358501380e+02
5.541666666666666075e+00,1.879264980691834239e+02
5.562500000000000000e+00,1.875098314025167667e+02
5.583333333333333037e+00,1.884007999759180052e+02
5.604166666666666075e+00,1.894624797025402358e+02
5.625000000000000000e+00,1.890458130358735787e+02
5.645833333333333037e+00,1.911291463692068646e+02
5.666666666666666075e+00,1.907124797025402074e+02
5.687500000000000000e+00,1.927261299150742673e+02
5.708333333333333037e+00,1.926343868986051291e+02
5.729166666666666075e+00,1.931309836166335288e+02
5.750000000000000000e+00,1.943809836166335003e+02
5.770833333333333037e+00,1.939643169499668431e+02
5.791666666666666075e+00,1.960476502833001291e+02
5.812500000000000000e+00,1.956483651974151314e+02
5.833333333333333037e+00,1.972412982928099154e+02
5.854166666666666075e+00,1.976252783746565456e+02
5.875000000000000000e+00,1.980419450413232028e+02
5.895833333333333037e+00,1.992919450413231743e+02
5.916666666666666075e+00,1.988752783746565171e+02
5.937500000000000000e+00,2.009586117079898031e+02
5.958333333333333037e+00,2.008083171686344883e+02
5.979166666666666075e+00,2.020583171686344599e+02
6.000000000000000000e+00,2.024749838353011171e+02
6.020833333333333037e+00,2.028916505019677743e+02
6.041666666666666075e+00,2.041416505019677459e+02
6.062500000000000000e+00,2.038866182441165904e+02
6.083333333333333037e+00,2.059699515774498764e+02
6.104166666666666075e+00,2.057689846804368585e+02
6.125000000000000000e+00,2.070189846804368301e+02
6.145833333333333037e+00,2.074356513471034873e+02
6.166666666666666075e+00,2.078523180137701445e+02
6.187500000000000000e+00,2.091023180137701161e+02
6.208333333333333037e+00,2.089694043651547872e+02
6.229166666666666075e+00,2.110527376984880732e+02
6.250000000000000000e+00,2.106360710318214160e+02
6.270833333333333037e+00,2.118860710318213876e+02
6.291666666666666075e+00,2.123027376984880448e+02
6.312500000000000000e+00,2.126648399848024269e+02
6.333333333333333037e+00,2.142238248389497812e+02
6.354166666666666075e+00,2.138999704285356245e+02
6.375000000000000000e+00,2.159833037618689104e+02
6.395833333333333037e+00,2.155666370952022532e+02
6.416666666666666075e+00,2.168166370952022248e+02
6.437500000000000000e+00,2.172354447342225683e+02
6.458333333333333037e+00,2.171755728924541415e+02
6.479166666666666075e+00,2.192094658705216830e+02
6.500000000000000000e+00,2.187927992038550258e+02
6.520833333333333037e+00,2.208761325371883117e+02
6.541666666666666075e+00,2.204594658705216546e+02
6.562500000000000000e+00,2.215151587056978997e+02
6.583333333333333037e+00,2.223910147072120935e+02
6.604166666666666075e+00,2.219743480405454363e+02
6.625000000000000000e+00,2.240576813738787223e+02
6.645833333333333037e+00,2.236410147072120651e+02
6.666666666666666075e+00,2.257243480405453511e+02
6.687500000000000000e+00,2.254537295357660582e+02
6.708333333333333037e+00,2.260995050629751404e+02
6.729166666666666075e+00,2.273495050629751120e+02
6.750000000000000000e+00,2.269328383963084548e+02
6.770833333333333037e+00,2.290161717296417407e+02
6.791666666666666075e+00,2.285995050629750835e+02
6.812500000000000000e+00,2.303524344673647590e+02
6.833333333333333037e+00,2.305477673517383437e+02
6.854166666666666075e+00,2.309644340184050009e+02
6.875000000000000000e+00,2.322144340184049724e+02
6.895833333333333037e+00,2.317977673517383153e+02
6.916666666666666075e+00,2.338811006850716012e+02
6.937500000000000000e+00,2.337181062110995242e+02
6.958333333333333037e+00,2.350738527533392812e+02
6.979166666666666075e+00,2.354905194200059384e+02
7.000000000000000000e+00,2.359071860866725956e+02
7.020833333333333037e+00,2.371571860866725672e+02
7.041666666666666075e+00,2.367405194200059100e+02
7.062500000000000000e+00,2.388238527533391959e+02
7.083333333333333037e+00,2.387117192880291157e+02
7.104166666666666075e+00,2.399617192880290872e+02
7.125000000000000000e+00,2.403783859546957444e+02
7.145833333333333037e+00,2.407950526213624016e+02
7.166666666666666075e+00,2.420450526213623732e+02
7.187500000000000000e+00,2.418918497439351256e+02
7.208333333333333037e+00,2.439751830772684116e+02
7.229166666666666075e+00,2.435585164106017544e+02
7.250000000000000000e+00,2.448085164106017260e+02
7.270833333333333037e+00,2.452251830772683832e+02
7.291666666666666075e+00,2.456418497439350404e+02
7.312500000000000000e+00,2.470223474185767714e+02
7.333333333333333037e+00,2.468482482048690372e+02
7.354166666666666075e+00,2.489315815382023231e+02
7.375000000000000000e+00,2.485149148715356660e+02
7.395833333333333037e+00,2.497649148715356375e+02
7.416666666666666075e+00,2.501815815382022947e+02
7.437500000000000000e+00,2.502822246391579597e+02
7.458333333333333037e+00,2.521277576911928406e+02
7.479166666666666075e+00,2.517110910245261834e+02
7.500000000000000000e+00,2.537944243578594694e+02
7.520833333333333037e+00,2.533777576911928122e+02
7.541666666666666075e+00,2.546035478006041330e+02
7.562500000000000000e+00,2.552974200581182345e+02
7.583333333333333037e+00,2.549994860559790766e+02
7.604166666666666075e+00,2.570828193893124194e+02
7.625000000000000000e+00,2.566661527226457338e+02
7.645833333333333037e+00,2.587494860559791618e+02
7.666666666666666075e+00,2.583328193893124762e+02
7.687500000000000000e+00,2.591341453314194041e+02
7.708333333333333037e+00,2.603012688151220004e+02
7.729166666666666075e+00,2.598846021484553148e+02
7.750000000000000000e+00,2.619679354817887429e+02
7.770833333333333037e+00,2.615512688151220573e+02
7.791666666666666075e+00,2.634698990842032345e+02
7.812500000000000000e+00,2.634800524935914723e+02
7.833333333333333037e+00,2.638967191602581579e+02
7.854166666666666075e+00,2.651467191602582147e+02
7.875000000000000000e+00,2.647300524935915291e+02
7.895833333333333037e+00,2.668133858269249572e+02
7.916666666666666075e+00,2.665117024016476535e+02
7.937500000000000000e+00,2.680177776938316470e+02
7.958333333333333037e+00,2.684344443604983326e+02
7.979166666666666075e+00,2.688511110271650182e+02
8.000000000000000000e+00,2.701011110271650750e+02
8.020833333333332149e+00,2.696844443604983894e+02
8.041666666666666075e+00,2.717677776938318175e+02
8.062500000000000000e+00,2.716286056773807900e+02
8.083333333333332149e+00,2.728786056773808468e+02
8.104166666666666075e+00,2.732952723440475324e+02
8.125000000000000000e+00,2.737119390107142181e+02
8.145833333333332149e+00,2.749619390107142749e+02
8.166666666666666075e+00,2.747976633533387485e+02
8.187500000000000000e+00,2.768809966866721766e+02
8.208333333333332149e+00,2.765961003973439460e+02
8.229166666666666075e+00,2.778461003973440029e+02
8.250000000000000000e+00,2.782627670640106885e+02
8.270833333333332149e+00,2.786794337306773741e+02
8.291666666666666075e+00,2.799294337306774310e+02
8.312500000000000000e+00,2.798118702590571161e+02
8.333333333333332149e+00,2.818952035923905441e+02
8.354166666666666075e+00,2.814785369257238585e+02
8.375000000000000000e+00,2.827285369257239154e+02
8.395833333333332149e+00,2.831452035923906010e+02
8.416666666666666075e+00,2.834120311599848492e+02
8.437500000000000000e+00,2.850727121222600999e+02
8.458333333333332149e+00,2.846679954723439891e+02
8.479166666666666075e+00,2.867513288056774172e+02
8.500000000000000000e+00,2.863346621390107316e+02
8.520833333333332149e+00,2.875846621390107885e+02
8.541666666666666075e+00,2.881008339614360807e+02
8.562500000000000000e+00,2.879537994173355742e+02
8.583333333333332149e+00,2.900371327506690022e+02
8.604166666666666075e+00,2.896204660840023166e+02
8.625000000000000000e+00,2.917037994173357447e+02
8.645833333333332149e+00,2.912871327506690591e+02
8.666666666666666075e+00,2.922500017794146743e+02
8.687500000000000000e+00,2.932293505692408075e+02
8.708333333333332149e+00,2.928126839025741219e+02
8.729166666666666075e+00,2.948960172359075500e+02
8.750000000000000000e+00,2.944793505692408644e+02
8.770833333333332149e+00,2.965626839025742925e+02
8.791666666666666075e+00,2.963915766723392267e+02
8.812500000000000000e+00,2.969531027729249786e+02
8.833333333333332149e+00,2.982031027729250354e+02
8.854166666666666075e+00,2.977864361062583498e+02
8.875000000000000000e+00,2.998697694395917779e+02
8.895833333333332149e+00,2.994531027729250923e+02
8.916666666666666075e+00,3.011158127282604937e+02
8.937500000000000000e+00,3.014162639993729726e+02
8.958333333333332149e+00,3.018329306660396583e+02
8.979166666666666075e+00,3.030829306660397151e+02
9.000000000000000000e+00,3.026662639993730295e+02
9.020833333333332149e+00,3.047495973327064576e+02
9.041666666666666075e+00,3.045925690336132448e+02
9.062500000000000000e+00,3.058671186958980002e+02
9.083333333333332149e+00,3.062837853625646858e+02
9.104166666666666075e+00,3.067004520292313714e+02
9.125000000000000000e+00,3.079504520292314282e+02
9.145833333333332149e+00,3.076178490732546607e+02
9.166666666666666075e+00,3.097011824065880887e+02
9.187500000000000000e+00,3.095677534274485652e+02
9.208333333333332149e+00,3.108177534274486220e+02
9.229166666666666075e+00,3.112344200941153076e+02
9.250000000000000000e+00,3.116510867607819932e+02
9.270833333333332149e+00,3.129010867607820501e+02
9.291666666666666075e+00,3.127580991222901048e+02
9.312500000000000000e+00,3.148414324556235329e+02
9.333333333333332149e+00,3.144247657889568472e+02
9.354166666666666075e+00,3.156747657889569041e+02
9.375000000000000000e+00,3.160914324556235897e+02
9.395833333333332149e+00,3.165080991222902753e+02
9.416666666666666075e+00,3.179878861464150646e+02
9.437500000000000000e+00,3.177292190662923304e+02
9.458333333333332149e+00,3.198125523996257584e+02
9.479166666666666075e+00,3.193958857329590728e+02
9.500000000000000000e+00,3.206458857329591297e+02
9.520833333333332149e+00,3.210625523996258153e+02
9.541666666666666075e+00,3.210726902011849688e+02
9.562500000000000000e+00,3.230231759690109925e+02
9.583333333333332149e+00,3.226065093023443069e+02
9.604166666666666075e+00,3.246898426356777350e+02
9.625000000000000000e+00,3.242731759690110493e+02
9.645833333333332149e+00,3.254031872235043465e+02
9.666666666666666075e+00,3.261983491833701123e+02
9.687500000000000000e+00,3.258188851975662601e+02
9.708333333333332149e+00,3.279022185308996882e+02
9.729166666666666075e+00,3.274855518642330026e+02
9.750000000000000000e+00,3.295688851975664306e+02
9.770833333333332149e+00,3.292208777293299136e+02
9.791666666666666075e+00,3.299344361255626268e+02
9.812500000000000000e+00,3.311844361255626836e+02
9.833333333333332149e+00,3.307677694588959980e+02
9.854166666666666075e+00,3.328511027922294261e+02
9.875000000000000000e+00,3.324344361255627405e+02
9.895833333333332149e+00,3.342597050819600213e+02
9.916666666666666075e+00,3.343729811066865523e+02
9.937500000000000000e+00,3.347896477733532379e+02
9.958333333333332149e+00,3.360396477733532947e+02
9.979166666666666075e+00,3.356229811066866091e+02
1.000000000000000000e+01,3.377063144400200372e+02
1.002083333333333215e+01,3.375036965600001508e+02
1.004166666666666607e+01,3.389248871465209163e+02
1.006250000000000000e+01,3.393415538131876019e+02
1.008333333333333215e+01,3.397582204798542875e+02
1.010416666666666607e+01,3.410082204798543444e+02
1.012500000000000000e+01,3.405915538131876588e+02
1.014583333333333215e+01,3.426748871465210868e+02
1.016666666666666607e+01,3.425497107517408040e+02
1.018750000000000000e+01,3.437997107517408608e+02
1.020833333333333215e+01,3.442163774184075464e+02
1.022916666666666607e+01,3.446330440850742320e+02
1.025000000000000000e+01,3.458830440850742889e+02
1.027083333333333215e+01,3.457238238433877200e+02
1.029166666666666607e+01,3.478071571767211481e+02
1.031250000000000000e+01,3.474403993430667015e+02
1.033333333333333215e+01,3.486903993430667583e+02
1.035416666666666607e+01,3.491070660097334439e+02
1.037500000000000000e+01,3.495237326764001295e+02
1.039583333333333215e+01,3.508270245869276209e+02
1.041666666666666607e+01,3.507209519105254003e+02
1.043750000000000000e+01,3.528042852438588284e+02
1.045833333333333215e+01,3.523876185771921428e+02
1.047916666666666607e+01,3.536376185771921996e+02
1.050000000000000000e+01,3.540542852438588852e+02
1.052083333333333215e+01,3.542274853935618353e+02
1.054166666666666607e+01,3.559911009553581493e+02
1.056250000000000000e+01,3.555744342886914637e+02
1.058333333333333215e+01,3.576577676220248918e+02
1.060416666666666607e+01,3.572411009553582062e+02
1.062500000000000000e+01,3.584911009553582630e+02
1.064583333333333215e+01,3.591061126438868882e+02
1.066666666666666607e+01,3.588738781614148934e+02
1.068750000000000000e+01,3.609572114947483215e+02
1.070833333333333215e+01,3.605405448280816358e+02
1.072916666666666607e+01,3.626238781614150639e+02
1.075000000000000000e+01,3.622072114947483783e+02
1.077083333333333215e+01,3.630790086675392558e+02
1.079166666666666607e+01,3.641629728753839572e+02
1.081250000000000000e+01,3.637463062087172716e+02
1.083333333333333215e+01,3.658296395420506997e+02
1.085416666666666607e+01,3.654129728753840141e+02
1.087500000000000000e+01,3.674063291632682535e+02
1.089583333333333215e+01,3.673360975615518669e+02
1.091666666666666607e+01,3.678154321064729970e+02
1.093750000000000000e+01,3.690654321064730539e+02
1.095833333333333215e+01,3.686487654398063682e+02
1.097916666666666607e+01,3.707320987731397963e+02
1.100000000000000000e+01,3.703533942442982720e+02
1.102083333333333215e+01,3.719277384545898713e+02
1.104166666666666607e+01,3.723343130246657893e+02
1.106250000000000000e+01,3.727509796913324749e+02
1.108333333333333215e+01,3.740009796913325317e+02
1.110416666666666607e+01,3.735843130246658461e+02
1.112500000000000000e+01,3.756676463579992742e+02
1.114583333333333215e+01,3.755194709433620801e+02
1.116666666666666607e+01,3.767694709433621369e+02
1.118750000000000000e+01,3.771861376100288226e+02
1.120833333333333215e+01,3.776028042766955082e+02
1.122916666666666607e+01,3.788528042766955650e+02
1.125000000000000000e+01,3.786188136370107600e+02
1.127083333333333215e+01,3.807021469703441880e+02
1.129166666666666607e+01,3.804832044326309983e+02
1.131250000000000000e+01,3.817332044326310552e+02
1.133333333333333215e+01,3.821498710992977408e+02
1.135416666666666607e+01,3.825665377659644264e+02
1.137500000000000000e+01,3.838165377659644832e+02
1.139583333333333215e+01,3.836866413736020718e+02
1.141666666666666607e+01,3.857699747069354999e+02
1.143750000000000000e+01,3.853533080402688142e+02
1.145833333333333215e+01,3.866033080402688711e+02
1.147916666666666607e+01,3.870199747069355567e+02
1.150000000000000000e+01,3.873617299735849997e+02
1.152083333333333215e+01,3.889421827235640876e+02
1.154166666666666607e+01,3.886009956320073684e+02
1.156250000000000000e+01,3.906843289653407965e+02
1.158333333333333215e+01,3.902676622986741108e+02
1.160416666666666607e+01,3.915176622986741677e+02
1.162500000000000000e+01,3.919569991357976164e+02
1.164583333333333215e+01,3.918784745985395830e+02
1.166666666666666607e+01,3.939349306721215953e+02
1.168750000000000000e+01,3.935182640054549097e+02
1.170833333333333215e+01,3.956015973387883378e+02
1.172916666666666607e+01,3.951849306721216522e+02
1.175000000000000000e+01,3.962207876193289735e+02
1.177083333333333215e+01,3.971185023062120081e+02
1.179166666666666607e+01,3.967018356395453225e+02
1.181250000000000000e+01,3.987851689728787505e+02
1.183333333333333215e+01,3.983685023062120649e+02
1.185416666666666607e+01,4.004518356395454930e+02
1.187500000000000000e+01,4.002022110714389100e+02
1.189583333333333215e+01,4.008299439073375083e+02
1.191666666666666607e+01,4.020799439073375652e+02
1.193750000000000000e+01,4.016632772406708796e+02
1.195833333333333215e+01,4.037466105740043076e+02
1.197916666666666607e+01,4.033299439073376220e+02
