0.000000000000000000e+00,9.744854159469742982e-02
2.083333333333333218e-02,8.959492861738660441e-01
4.166666666666666435e-02,1.838401473051096469e+00
6.250000000000000000e-02,1.421734806384429728e+00
8.333333333333332871e-02,3.505068139717762765e+00
1.041666666666666574e-01,3.088401473051096247e+00
1.250000000000000000e-01,5.171734806384430172e+00
1.458333333333333148e-01,5.221691350849959612e+00
1.666666666666666574e-01,5.812605221698158964e+00
1.875000000000000000e-01,7.062605221698159852e+00
2.083333333333333148e-01,6.645938555031492889e+00
2.291666666666666574e-01,8.729271888364825926e+00
2.500000000000000000e-01,8.312605221698159852e+00
2.708333333333333148e-01,1.000683746195956303e+01
2.916666666666666297e-01,1.026983072474737391e+01
3.125000000000000000e-01,1.068649739141403998e+01
3.333333333333333148e-01,1.193649739141403820e+01
3.541666666666666297e-01,1.151983072474737213e+01
3.750000000000000000e-01,1.360316405808070250e+01
3.958333333333333148e-01,1.344335571701425991e+01
4.166666666666666297e-01,1.474620319589323891e+01
4.375000000000000000e-01,1.516286986255990499e+01
4.583333333333333148e-01,1.557953652922657284e+01
4.791666666666666297e-01,1.682953652922657284e+01
5.000000000000000000e-01,1.646224716055870729e+01
5.208333333333332593e-01,1.854558049389204655e+01
5.416666666666666297e-01,1.844268880057484594e+01
5.625000000000000000e-01,1.969268880057484949e+01
5.833333333333332593e-01,2.010935546724151735e+01
6.041666666666666297e-01,2.052602213390818520e+01
6.250000000000000000e-01,2.177602213390818875e+01
6.458333333333332593e-01,2.162875308040571909e+01
6.666666666666666297e-01,2.371208641373905834e+01
6.875000000000000000e-01,2.329541974707239049e+01
7.083333333333332593e-01,2.454541974707239405e+01
7.291666666666666297e-01,2.496208641373906190e+01
7.500000000000000000e-01,2.537875308040572975e+01
7.708333333333332593e-01,2.682310096061660687e+01
7.916666666666666297e-01,2.659393540541286427e+01
8.125000000000000000e-01,2.867726873874620352e+01
8.333333333333332593e-01,2.826060207207953567e+01
8.541666666666666297e-01,2.951060207207953923e+01
8.750000000000000000e-01,2.992726873874620708e+01
8.958333333333332593e-01,2.996903113842936861e+01
9.166666666666666297e-01,3.188211603509478920e+01
9.375000000000000000e-01,3.146544936842811779e+01
9.583333333333332593e-01,3.354878270176144639e+01
9.791666666666666297e-01,3.313211603509478209e+01
1.000000000000000000e+00,3.429564173911243330e+01
1.020833333333333259e+00,3.505467012629380008e+01
1.041666666666666519e+00,3.470362285490075038e+01
1.062500000000000000e+00,3.678695618823407187e+01
1.083333333333333259e+00,3.637028952156740758e+01
1.104166666666666519e+00,3.845362285490072907e+01
1.125000000000000000e+00,3.807101291262281251e+01
1.145833333333333259e+00,3.881521643695586476e+01
1.166666666666666519e+00,4.005085590463228584e+01
1.187500000000000000e+00,3.963418923796562154e+01
1.208333333333333259e+00,4.171752257129894303e+01
1.229166666666666519e+00,4.130085590463227874e+01
1.250000000000000000e+00,4.315877236565574293e+01
1.270833333333333259e+00,4.323527983932533658e+01
1.291666666666666519e+00,4.365194650599200088e+01
1.312500000000000000e+00,4.490194650599199377e+01
1.333333333333333259e+00,4.448527983932532948e+01
1.354166666666666519e+00,4.656861317265865097e+01
1.375000000000000000e+00,4.633063392143912296e+01
1.395833333333333259e+00,4.778143922596523652e+01
1.416666666666666519e+00,4.819810589263190082e+01
1.437500000000000000e+00,4.861477255929856511e+01
1.458333333333333259e+00,4.986477255929855801e+01
1.479166666666666519e+00,4.944810589263189371e+01
1.500000000000000000e+00,5.153143922596521520e+01
1.520833333333333259e+00,5.140064611139286654e+01
1.541666666666666519e+00,5.265064611139285944e+01
1.562500000000000000e+00,5.306731277805952374e+01
1.583333333333333259e+00,5.348397944472618804e+01
1.604166666666666519e+00,5.473397944472618093e+01
1.625000000000000000e+00,5.457230104182283270e+01
1.645833333333333259e+00,5.665563437515615419e+01
1.666666666666666519e+00,5.631741161269014384e+01
1.687500000000000000e+00,5.756741161269013674e+01
1.708333333333333259e+00,5.798407827935680103e+01
1.729166666666666519e+00,5.840074494602346533e+01
1.750000000000000000e+00,5.966951897283038875e+01
1.770833333333333259e+00,5.956305863525070521e+01
1.791666666666666519e+00,6.164639196858402670e+01
1.812500000000000000e+00,6.122972530191736240e+01
1.833333333333333259e+00,6.247972530191735530e+01
1.854166666666666519e+00,6.289639196858401959e+01
1.875000000000000000e+00,6.310233499749333674e+01
1.895833333333333259e+00,6.482924707378778351e+01
1.916666666666666519e+00,6.441258040712111210e+01
1.937500000000000000e+00,6.649591374045446912e+01
1.958333333333333259e+00,6.607924707378779772e+01
1.979166666666666519e+00,6.732924707378781193e+01
2.000000000000000000e+00,6.790897582986521286e+01
2.020833333333333037e+00,6.770646869477262442e+01
2.041666666666666519e+00,6.978980202810598144e+01
2.062500000000000000e+00,6.937313536143931003e+01
2.083333333333333037e+00,7.145646869477266705e+01
2.104166666666666519e+00,7.103980202810599565e+01
2.125000000000000000e+00,7.194342661823651497e+01
2.145833333333333037e+00,7.299010634205652082e+01
2.166666666666666519e+00,7.257343967538984941e+01
2.187500000000000000e+00,7.465677300872320643e+01
2.208333333333333037e+00,7.424010634205653503e+01
2.229166666666666519e+00,7.626715540770996427e+01
2.250000000000000000e+00,7.616093386903396834e+01
2.270833333333333037e+00,7.666892129864227456e+01
2.291666666666666519e+00,7.791892129864228878e+01
2.312500000000000000e+00,7.750225463197561737e+01
2.333333333333333037e+00,7.958558796530897439e+01
2.354166666666666519e+00,7.917245079313815381e+01
2.375000000000000000e+00,8.077765406441386631e+01
2.395833333333333037e+00,8.114642450488751990e+01
2.416666666666666519e+00,8.156309117155419131e+01
2.437500000000000000e+00,8.281309117155420552e+01
2.458333333333333037e+00,8.239642450488753411e+01
2.479166666666666519e+00,8.447975783822089113e+01
2.500000000000000000e+00,8.432778232594236556e+01
2.520833333333333037e+00,8.557778232594237977e+01
2.541666666666666519e+00,8.599444899260905117e+01
2.562500000000000000e+00,8.641111565927572258e+01
2.583333333333333037e+00,8.766111565927573679e+01
2.604166666666666519e+00,8.739192119043782725e+01
2.625000000000000000e+00,8.947525452377118427e+01
2.645833333333333037e+00,8.928615139696734104e+01
2.666666666666666519e+00,9.053615139696735525e+01
2.687500000000000000e+00,9.095281806363402666e+01
2.708333333333333037e+00,9.136948473030069806e+01
2.729166666666666519e+00,9.261948473030071227e+01
2.750000000000000000e+00,9.248429102120158518e+01
2.770833333333333037e+00,9.456762435453494220e+01
2.791666666666666519e+00,9.415095768786827080e+01
2.812500000000000000e+00,9.540095768786828501e+01
2.833333333333333037e+00,9.581762435453495641e+01
2.854166666666666519e+00,9.619316060257528989e+01
2.875000000000000000e+00,9.773769625103581404e+01
2.895833333333333037e+00,9.742527931215644799e+01
2.916666666666666519e+00,9.950861264548980500e+01
2.937500000000000000e+00,9.909194597882313360e+01
2.958333333333333037e+00,1.003419459788231478e+02
2.979166666666666519e+00,1.007586126454898192e+02
3.000000000000000000e+00,1.007110532557727680e+02
3.020833333333333037e+00,1.027297578403587011e+02
3.041666666666666519e+00,1.023130911736920297e+02
3.062500000000000000e+00,1.043964245070253867e+02
3.083333333333333037e+00,1.039797578403587153e+02
3.104166666666666519e+00,1.050485465453898115e+02
3.125000000000000000e+00,1.059096899509427772e+02
3.145833333333333037e+00,1.054930232842761058e+02
3.166666666666666519e+00,1.075763566176094628e+02
3.187500000000000000e+00,1.071596899509427914e+02
3.208333333333333037e+00,1.092430232842761484e+02
3.229166666666666519e+00,1.089582746533671980e+02
3.250000000000000000e+00,1.096159583957400372e+02
3.270833333333333037e+00,1.108659583957400514e+02
3.291666666666666519e+00,1.104492917290733800e+02
3.312500000000000000e+00,1.125326250624067370e+02
3.333333333333333037e+00,1.121159583957400656e+02
3.354166666666666519e+00,1.138816236483527433e+02
3.375000000000000000e+00,1.140620045863213932e+02
3.395833333333333037e+00,1.144786712529880646e+02
3.416666666666666519e+00,1.157286712529880788e+02
3.437500000000000000e+00,1.153120045863214074e+02
3.458333333333333037e+00,1.173953379196547644e+02
3.479166666666666519e+00,1.172313926396228823e+02
3.500000000000000000e+00,1.185986231936651336e+02
3.520833333333333037e+00,1.190152898603318050e+02
3.541666666666666519e+00,1.194319565269984764e+02
3.562500000000000000e+00,1.206819565269984906e+02
3.583333333333333037e+00,1.202652898603318192e+02
3.604166666666666519e+00,1.223486231936651762e+02
3.625000000000000000e+00,1.222336773589769052e+02
3.645833333333333037e+00,1.234836773589769194e+02
3.666666666666666519e+00,1.239003440256435908e+02
3.687500000000000000e+00,1.243170106923102622e+02
3.708333333333333037e+00,1.255670106923102765e+02
3.729166666666666519e+00,1.254122553597515974e+02
3.750000000000000000e+00,1.274955886930849545e+02
3.770833333333333037e+00,1.270789220264182831e+02
3.791666666666666519e+00,1.283289220264182973e+02
3.812500000000000000e+00,1.287455886930849545e+02
3.833333333333333037e+00,1.291622553597516116e+02
3.854166666666666519e+00,1.305286552573294898e+02
3.875000000000000000e+00,1.303665084751434335e+02
3.895833333333333037e+00,1.324498418084767195e+02
3.916666666666666519e+00,1.320331751418100623e+02
3.937500000000000000e+00,1.332831751418100339e+02
3.958333333333333037e+00,1.336998418084766911e+02
3.979166666666666519e+00,1.338132603073879352e+02
4.000000000000000000e+00,1.356438658610890968e+02
4.020833333333333037e+00,1.352271991944224396e+02
4.041666666666666075e+00,1.373105325277557256e+02
4.062500000000000000e+00,1.368938658610890684e+02
4.083333333333333037e+00,1.381331593763606520e+02
4.104166666666666075e+00,1.388126418714107899e+02
4.125000000000000000e+00,1.385262382007736051e+02
4.145833333333333037e+00,1.406095715341068910e+02
4.166666666666666075e+00,1.401929048674402338e+02
4.187500000000000000e+00,1.422762382007735198e+02
4.208333333333333037e+00,1.418595715341068626e+02
4.229166666666666075e+00,1.426732937710685860e+02
4.250000000000000000e+00,1.438252722093773741e+02
4.270833333333333037e+00,1.434086055427107169e+02
4.291666666666666075e+00,1.454919388760440029e+02
4.312500000000000000e+00,1.450752722093773457e+02
4.333333333333333037e+00,1.470070725589465042e+02
4.354166666666666075e+00,1.470025677266320372e+02
4.375000000000000000e+00,1.474297272657020414e+02
4.395833333333333037e+00,1.486797272657020130e+02
4.416666666666666075e+00,1.482630605990353558e+02
4.437500000000000000e+00,1.503463939323686418e+02
4.458333333333333037e+00,1.500306453426897519e+02
4.479166666666666075e+00,1.515487170533197911e+02
4.500000000000000000e+00,1.519653837199864483e+02
4.520833333333333037e+00,1.523820503866531055e+02
4.541666666666666075e+00,1.536320503866530771e+02
4.562500000000000000e+00,1.532153837199864199e+02
4.583333333333333037e+00,1.552987170533197059e+02
4.604166666666666075e+00,1.551574569685852509e+02
4.625000000000000000e+00,1.564074569685852225e+02
4.645833333333333037e+00,1.568241236352518797e+02
4.666666666666666075e+00,1.572407903019185369e+02
4.687500000000000000e+00,1.584907903019185085e+02
4.708333333333333037e+00,1.583211297234222741e+02
4.729166666666666075e+00,1.604044630567555600e+02
4.750000000000000000e+00,1.601311431971841159e+02
4.770833333333333037e+00,1.613811431971840875e+02
4.791666666666666075e+00,1.617978098638507447e+02
4.812500000000000000e+00,1.622144765305174019e+02
4.833333333333333037e+00,1.634644765305173735e+02
4.854166666666666075e+00,1.633442279727805442e+02
4.875000000000000000e+00,1.654275613061138301e+02
4.895833333333333037e+00,1.650108946394471729e+02
4.916666666666666075e+00,1.662608946394471445e+02
4.937500000000000000e+00,1.666775613061138017e+02
4.958333333333333037e+00,1.669575956811444257e+02
4.979166666666666075e+00,1.686036459904104561e+02
5.000000000000000000e+00,1.682100663635555691e+02
5.020833333333333037e+00,1.702933996968888550e+02
5.041666666666666075e+00,1.698767330302221978e+02
5.062500000000000000e+00,1.711267330302221694e+02
5.083333333333333037e+00,1.716288725638872847e+02
5.104166666666666075e+00,1.714938781948914084e+02
5.125000000000000000e+00,1.735772115282246943e+02
5.145833333333333037e+00,1.731605448615580372e+02
5.166666666666666075e+00,1.752438781948913231e+02
5.187500000000000000e+00,1.748272115282246659e+02
5.208333333333333037e+00,1.758029343186199469e+02
5.229166666666666075e+00,1.767674053436863630e+02
5.250000000000000000e+00,1.763507386770197058e+02
5.270833333333333037e+00,1.784340720103529918e+02
5.291666666666666075e+00,1.780174053436863346e+02
5.312500000000000000e+00,1.801007386770196206e+02
5.333333333333333037e+00,1.799153022040287908e+02
5.354166666666666075e+00,1.804884506103088029e+02
5.375000000000000000e+00,1.817384506103087745e+02
5.395833333333333037e+00,1.813217839436421173e+02
5.416666666666666075e+00,1.834051172769754032e+02
5.437500000000000000e+00,1.829884506103087460e+02
5.458333333333333037e+00,1.846636397519704644e+02
5.479166666666666075e+00,1.849489904594405232e+02
5.500000000000000000e+00,1.853656571261071804e+02
5.520833333333333037e+00,1.866156571261071520e+02
5.541666666666666075e+00,1.861989904594404948e+02
5.562500000000000000e+00,1.882823237927737807e+02
5.583333333333333037e+00,1.881239359842574572e+02
5.604166666666666075e+00,1.894096705889834027e+02
5.625000000000000000e+00,1.898263372556500599e+02
5.645833333333333037e+00,1.902430039223167171e+02
5.666666666666666075e+00,1.914930039223166887e+02
5.687500000000000000e+00,1.911464018155782014e+02
5.708333333333333037e+00,1.932297351489114874e+02
5.729166666666666075e+00,1.931083898704409307e+02
5.750000000000000000e+00,1.943583898704409023e+02
5.770833333333333037e+00,1.947750565371075595e+02
5.791666666666666075e+00,1.951917232037742167e+02
5.812500000000000000e+00,1.964417232037741883e+02
5.833333333333333037e+00,1.962967756592123862e+02
5.854166666666666075e+00,1.983801089925456722e+02
5.875000000000000000e+00,1.979634423258790150e+02
5.895833333333333037e+00,1.992134423258789866e+02
5.916666666666666075e+00,1.996301089925456438e+02
5.937500000000000000e+00,2.000467756592123010e+02
5.958333333333333037e+00,2.015122641026887607e+02
5.979166666666666075e+00,2.012652649810124217e+02
6.000000000000000000e+00,2.033485983143457076e+02
6.020833333333333037e+00,2.029319316476790505e+02
6.041666666666666075e+00,2.041819316476790220e+02
6.062500000000000000e+00,2.045985983143456792e+02
6.083333333333333037e+00,2.046212563892537730e+02
6.104166666666666075e+00,2.065566642583877126e+02
6.125000000000000000e+00,2.061399975917210554e+02
6.145833333333333037e+00,2.082233309250543414e+02
6.166666666666666075e+00,2.078066642583876842e+02
6.187500000000000000e+00,2.089499550140015174e+02
6.208333333333333037e+00,2.097305423187631277e+02
6.229166666666666075e+00,2.093623109798728308e+02
6.250000000000000000e+00,2.114456443132061167e+02
6.270833333333333037e+00,2.110289776465394596e+02
6.291666666666666075e+00,2.131123109798727455e+02
6.312500000000000000e+00,2.127503377606028607e+02
6.333333333333333037e+00,2.134760231511509403e+02
6.354166666666666075e+00,2.147260231511509119e+02
6.375000000000000000e+00,2.143093564844842547e+02
6.395833333333333037e+00,2.163926898178175406e+02
6.416666666666666075e+00,2.159760231511508835e+02
6.437500000000000000e+00,2.178142232469278952e+02
6.458333333333333037e+00,2.179126723538980173e+02
6.479166666666666075e+00,2.183293390205646745e+02
6.500000000000000000e+00,2.195793390205646460e+02
6.520833333333333037e+00,2.191626723538979888e+02
6.541666666666666075e+00,2.212460056872312748e+02
6.562500000000000000e+00,2.210291201560675916e+02
6.583333333333333037e+00,2.224620241297372729e+02
6.604166666666666075e+00,2.228786907964039301e+02
6.625000000000000000e+00,2.232953574630705873e+02
6.645833333333333037e+00,2.245453574630705589e+02
6.666666666666666075e+00,2.241286907964039017e+02
6.687500000000000000e+00,2.262120241297371876e+02
6.708333333333333037e+00,2.260843539035526817e+02
6.729166666666666075e+00,2.273343539035526533e+02
6.750000000000000000e+00,2.277510205702193105e+02
6.770833333333333037e+00,2.281676872368859676e+02
6.791666666666666075e+00,2.294176872368859392e+02
6.812500000000000000e+00,2.292572362147277545e+02
6.833333333333333037e+00,2.313405695480610405e+02
6.854166666666666075e+00,2.309850918499816430e+02
6.875000000000000000e+00,2.322350918499816146e+02
6.895833333333333037e+00,2.326517585166482718e+02
6.916666666666666075e+00,2.330684251833149290e+02
6.937500000000000000e+00,2.343577850036349162e+02
6.958333333333333037e+00,2.342553400123955214e+02
6.979166666666666075e+00,2.363386733457288074e+02
7.000000000000000000e+00,2.359220066790621502e+02
7.020833333333333037e+00,2.371720066790621217e+02
7.041666666666666075e+00,2.375886733457287789e+02
7.062500000000000000e+00,2.377748429521066384e+02
7.083333333333333037e+00,2.395236574359843189e+02
7.104166666666666075e+00,2.391069907693176617e+02
7.125000000000000000e+00,2.411903241026509477e+02
7.145833333333333037e+00,2.407736574359842905e+02
7.166666666666666075e+00,2.420236574359842621e+02
7.187500000000000000e+00,2.426244326696850067e+02
7.208333333333333037e+00,2.424039567781553046e+02
7.229166666666666075e+00,2.444872901114885906e+02
7.250000000000000000e+00,2.440706234448219334e+02
7.270833333333333037e+00,2.461539567781552194e+02
7.291666666666666075e+00,2.457372901114885622e+02
7.312500000000000000e+00,2.466216890103585513e+02
7.333333333333333037e+00,2.476906214954169627e+02
7.354166666666666075e+00,2.472739548287503055e+02
7.375000000000000000e+00,2.493572881620835915e+02
7.395833333333333037e+00,2.489406214954169343e+02
7.416666666666666075e+00,2.509473289599116015e+02
7.437500000000000000e+00,2.508625797914786233e+02
7.458333333333333037e+00,2.513532417439267306e+02
7.479166666666666075e+00,2.526032417439267022e+02
7.500000000000000000e+00,2.521865750772600450e+02
7.520833333333333037e+00,2.542699084105933309e+02
7.541666666666666075e+00,2.538773057128310597e+02
7.562500000000000000e+00,2.554638628057040250e+02
7.583333333333333037e+00,2.558551995754985739e+02
7.604166666666666075e+00,2.562718662421652311e+02
7.625000000000000000e+00,2.575218662421652880e+02
7.645833333333333037e+00,2.571051995754986024e+02
7.666666666666666075e+00,2.591885329088320304e+02
7.687500000000000000e+00,2.590385900583095236e+02
7.708333333333333037e+00,2.602885900583095804e+02
7.729166666666666075e+00,2.607052567249762660e+02
7.750000000000000000e+00,2.611219233916429516e+02
7.770833333333333037e+00,2.623719233916430085e+02
7.791666666666666075e+00,2.621237277596673607e+02
7.812500000000000000e+00,2.642070610930007888e+02
7.833333333333333037e+00,2.639999221242583758e+02
7.854166666666666075e+00,2.652499221242584326e+02
7.875000000000000000e+00,2.656665887909251182e+02
7.895833333333333037e+00,2.660832554575918039e+02
7.916666666666666075e+00,2.673332554575918607e+02
7.937500000000000000e+00,2.672009929427700285e+02
7.958333333333333037e+00,2.692843262761034566e+02
7.979166666666666075e+00,2.688676596094367710e+02
8.000000000000000000e+00,2.701176596094368279e+02
8.020833333333332149e+00,2.705343262761035135e+02
8.041666666666666075e+00,2.708894681735869199e+02
8.062500000000000000e+00,2.724554323086268255e+02
8.083333333333332149e+00,2.721256196789449291e+02
8.104166666666666075e+00,2.742089530122783572e+02
8.125000000000000000e+00,2.737922863456116715e+02
8.145833333333332149e+00,2.750422863456117284e+02
8.166666666666666075e+00,2.754677591949197790e+02
8.187500000000000000e+00,2.754014901332373029e+02
8.208333333333332149e+00,2.774427292710915367e+02
8.229166666666666075e+00,2.770260626044248511e+02
8.250000000000000000e+00,2.791093959377582792e+02
8.270833333333332149e+00,2.786927292710915935e+02
8.291666666666666075e+00,2.797416315627978065e+02
8.312500000000000000e+00,2.806245976816655343e+02
8.333333333333332149e+00,2.802079310149988487e+02
8.354166666666666075e+00,2.822912643483322768e+02
8.375000000000000000e+00,2.818745976816655912e+02
8.395833333333332149e+00,2.839579310149990192e+02
8.416666666666666075e+00,2.836941331827642898e+02
8.437500000000000000e+00,2.843337143390460255e+02
8.458333333333332149e+00,2.855837143390460824e+02
8.479166666666666075e+00,2.851670476723793968e+02
8.500000000000000000e+00,2.872503810057128248e+02
8.520833333333332149e+00,2.868337143390461392e+02
8.541666666666666075e+00,2.885800339893786486e+02
8.562500000000000000e+00,2.887825957927279887e+02
8.583333333333332149e+00,2.891992624593946744e+02
8.604166666666666075e+00,2.904492624593947312e+02
8.625000000000000000e+00,2.900325957927280456e+02
8.645833333333332149e+00,2.921159291260614737e+02
8.666666666666666075e+00,2.919529213294177907e+02
8.687500000000000000e+00,2.933026863082484965e+02
8.708333333333332149e+00,2.937193529749151821e+02
8.729166666666666075e+00,2.941360196415818677e+02
8.750000000000000000e+00,2.953860196415819246e+02
8.770833333333332149e+00,2.949693529749152390e+02
8.791666666666666075e+00,2.970526863082486670e+02
8.812500000000000000e+00,2.969414700128575078e+02
8.833333333333332149e+00,2.981914700128575646e+02
8.854166666666666075e+00,2.986081366795242502e+02
8.875000000000000000e+00,2.990248033461909358e+02
8.895833333333332149e+00,3.002748033461909927e+02
8.916666666666666075e+00,3.001218879152092995e+02
8.937500000000000000e+00,3.022052212485427276e+02
8.958333333333332149e+00,3.017885545818760420e+02
8.979166666666666075e+00,3.030385545818760988e+02
9.000000000000000000e+00,3.034552212485427845e+02
9.020833333333332149e+00,3.038718879152094701e+02
9.041666666666666075e+00,3.052591901767557943e+02
9.062500000000000000e+00,3.050788744069380982e+02
9.083333333333332149e+00,3.071622077402715263e+02
9.104166666666666075e+00,3.067455410736048407e+02
9.125000000000000000e+00,3.079955410736048975e+02
9.145833333333332149e+00,3.084122077402715831e+02
9.166666666666666075e+00,3.085062212300335318e+02
9.187500000000000000e+00,3.103589710711471525e+02
9.208333333333332149e+00,3.099423044044804669e+02
9.229166666666666075e+00,3.120256377378138950e+02
9.250000000000000000e+00,3.116089710711472094e+02
9.270833333333332149e+00,3.128277658960155918e+02
9.291666666666666075e+00,3.135285878944801539e+02
9.312500000000000000e+00,3.132246490947782718e+02
9.333333333333332149e+00,3.153079824281116998e+02
9.354166666666666075e+00,3.148913157614450142e+02
9.375000000000000000e+00,3.169746490947784423e+02
9.395833333333332149e+00,3.165579824281117567e+02
9.416666666666666075e+00,3.173528690694832903e+02
9.437500000000000000e+00,3.185273172300880447e+02
9.458333333333332149e+00,3.181106505634213590e+02
9.479166666666666075e+00,3.201939838967547871e+02
9.500000000000000000e+00,3.197773172300881015e+02
9.520833333333332149e+00,3.216891196810241809e+02
9.541666666666666075e+00,3.217063562156847638e+02
9.562500000000000000e+00,3.221230228823514494e+02
9.583333333333332149e+00,3.233730228823515063e+02
9.604166666666666075e+00,3.229563562156848207e+02
9.625000000000000000e+00,3.250396895490182487e+02
9.645833333333332149e+00,3.247447944930007679e+02
9.666666666666666075e+00,3.262446311583276497e+02
9.687500000000000000e+00,3.266612978249943353e+02
9.708333333333332149e+00,3.270779644916610209e+02
9.729166666666666075e+00,3.283279644916610778e+02
9.750000000000000000e+00,3.279112978249943922e+02
9.770833333333332149e+00,3.299946311583278202e+02
9.791666666666666075e+00,3.298560143151749458e+02
9.812500000000000000e+00,3.311060143151750026e+02
9.833333333333332149e+00,3.315226809818416882e+02
9.854166666666666075e+00,3.319393476485083738e+02
9.875000000000000000e+00,3.331893476485084307e+02
9.895833333333332149e+00,3.330249942210411405e+02
9.916666666666666075e+00,3.351083275543745685e+02
9.937500000000000000e+00,3.348174033437576327e+02
9.958333333333332149e+00,3.360674033437576895e+02
9.979166666666666075e+00,3.364840700104243751e+02
1.000000000000000000e+01,3.369007366770910608e+02
1.002083333333333215e+01,3.381507366770911176e+02
1.004166666666666607e+01,3.380340267646884627e+02
1.006250000000000000e+01,3.401173600980218907e+02
1.008333333333333215e+01,3.397006934313552051e+02
1.010416666666666607e+01,3.409506934313552620e+02
1.012500000000000000e+01,3.413673600980219476e+02
1.014583333333333215e+01,3.416273413989641199e+02
1.016666666666666607e+01,3.432950917844283367e+02
1.018750000000000000e+01,3.428845676021691133e+02
1.020833333333333215e+01,3.449679009355025414e+02
1.022916666666666607e+01,3.445512342688358558e+02
1.025000000000000000e+01,3.458012342688359126e+02
1.027083333333333215e+01,3.463241781111786395e+02
1.029166666666666607e+01,3.461708829843269086e+02
1.031250000000000000e+01,3.482542163176603367e+02
1.033333333333333215e+01,3.478375496509936511e+02
1.035416666666666607e+01,3.499208829843270792e+02
1.037500000000000000e+01,3.495042163176603935e+02
1.039583333333333215e+01,3.504604163880715078e+02
1.041666666666666607e+01,3.514469572879960992e+02
1.043750000000000000e+01,3.510302906213294136e+02
1.045833333333333215e+01,3.531136239546628417e+02
1.047916666666666607e+01,3.526969572879961561e+02
1.050000000000000000e+01,3.547795596525713790e+02
1.052083333333333215e+01,3.546153720843398105e+02
1.054166666666666607e+01,3.551708472507760348e+02
1.056250000000000000e+01,3.564208472507760916e+02
1.058333333333333215e+01,3.560041805841094060e+02
1.060416666666666607e+01,3.580875139174428341e+02
1.062500000000000000e+01,3.576708472507761485e+02
1.064583333333333215e+01,3.593270762991567722e+02
1.066666666666666607e+01,3.596348301968978944e+02
1.068750000000000000e+01,3.600514968635645801e+02
1.070833333333333215e+01,3.613014968635646369e+02
1.072916666666666607e+01,3.608848301968979513e+02
1.075000000000000000e+01,3.629681635302313794e+02
1.077083333333333215e+01,3.628113262264209311e+02
1.079166666666666607e+01,3.640800443245771589e+02
1.081250000000000000e+01,3.644967109912438445e+02
1.083333333333333215e+01,3.649133776579105302e+02
1.085416666666666607e+01,3.661633776579105870e+02
1.087500000000000000e+01,3.658375302411205325e+02
1.089583333333333215e+01,3.679208635744539606e+02
1.091666666666666607e+01,3.677811521719376628e+02
1.093750000000000000e+01,3.690311521719377197e+02
1.095833333333333215e+01,3.694478188386044053e+02
1.097916666666666607e+01,3.698644855052710909e+02
1.100000000000000000e+01,3.711144855052711478e+02
1.102083333333333215e+01,3.709719889806676179e+02
1.104166666666666607e+01,3.730553223140010459e+02
1.106250000000000000e+01,3.726386556473343603e+02
1.108333333333333215e+01,3.738886556473344172e+02
1.110416666666666607e+01,3.743053223140011028e+02
1.112500000000000000e+01,3.747219889806677884e+02
1.114583333333333215e+01,3.762086804259058681e+02
1.116666666666666607e+01,3.759439395100736192e+02
1.118750000000000000e+01,3.780272728434070473e+02
1.120833333333333215e+01,3.776106061767403617e+02
1.122916666666666607e+01,3.788606061767404185e+02
1.125000000000000000e+01,3.792772728434071041e+02
1.127083333333333215e+01,3.792809091138632311e+02
1.129166666666666607e+01,3.812386862709302022e+02
1.131250000000000000e+01,3.808220196042635166e+02
1.133333333333333215e+01,3.829053529375969447e+02
1.135416666666666607e+01,3.824886862709302591e+02
1.137500000000000000e+01,3.836118147411641530e+02
1.139583333333333215e+01,3.844140183092629854e+02
1.141666666666666607e+01,3.840286988346942394e+02
1.143750000000000000e+01,3.861120321680276675e+02
1.145833333333333215e+01,3.856953655013609819e+02
1.147916666666666607e+01,3.877786988346944099e+02
1.150000000000000000e+01,3.874374302938375649e+02
1.152083333333333215e+01,3.881446845417499389e+02
1.154166666666666607e+01,3.893946845417499958e+02
1.156250000000000000e+01,3.889780178750833102e+02
1.158333333333333215e+01,3.910613512084167382e+02
1.160416666666666607e+01,3.906446845417500526e+02
1.162500000000000000e+01,3.924632456846600235e+02
1.164583333333333215e+01,3.925836885831516270e+02
1.166666666666666607e+01,3.930003552498183126e+02
1.168750000000000000e+01,3.942503552498183694e+02
1.170833333333333215e+01,3.938336885831516838e+02
1.172916666666666607e+01,3.959170219164851119e+02
1.175000000000000000e+01,3.957212930827940909e+02
1.177083333333333215e+01,3.971363870437795640e+02
1.179166666666666607e+01,3.975530537104462496e+02
1.181250000000000000e+01,3.979697203771129352e+02
1.183333333333333215e+01,3.992197203771129921e+02
1.185416666666666607e+01,3.988030537104463065e+02
1.187500000000000000e+01,4.008863870437797345e+02
1.189583333333333215e+01,4.007619686242123294e+02
1.191666666666666607e+01,4.020119686242123862e+02
1.193750000000000000e+01,4.024286352908790718e+02
1.195833333333333215e+01,4.028453019575457574e+02
1.197916666666666607e+01,4.040953019575458143e+02
