0.000000000000000000e+00,6.485316927214765936e-01
2.083333333333333218e-02,1.360632311223250346e+00
4.166666666666666435e-02,9.435017682499795555e-01
6.250000000000000000e-02,2.395360519753890194e-01
8.333333333333332871e-02,8.902617446262554024e-01
1.041666666666666574e-01,6.226303660096056403e-01
1.250000000000000000e-01,-7.531550361689801076e-02
1.458333333333333148e-01,4.433063060205592876e-02
1.666666666666666574e-01,7.185308805079219097e-01
1.875000000000000000e-01,2.434141257579317541e-01
2.083333333333333148e-01,-5.287389801742042872e-01
2.291666666666666574e-01,-9.855007793125486470e-01
2.500000000000000000e-01,-2.934732403740466511e-01
2.708333333333333148e-01,5.427887051897910542e-01
2.916666666666666297e-01,-2.112167921972576135e-01
3.125000000000000000e-01,-9.451688662332744517e-01
3.333333333333333148e-01,-7.676101477811088092e-01
3.541666666666666297e-01,-1.365346735333111683e-02
3.750000000000000000e-01,-7.235039690667529610e-01
3.958333333333333148e-01,-1.358734928213282123e+00
4.166666666666666297e-01,-7.338155654735876166e-01
4.375000000000000000e-01,-7.519292958926068748e-02
4.583333333333333148e-01,-2.072881885845951067e-01
4.791666666666666297e-01,-8.970071829553610820e-01
5.000000000000000000e-01,-1.539948186848069556e+00
5.208333333333332593e-01,-8.943029926995741397e-01
5.416666666666666297e-01,-2.149602516671760000e-01
5.625000000000000000e-01,-3.312086443099420130e-01
5.833333333333332593e-01,-8.795005344349736687e-01
6.041666666666666297e-01,-1.864419691864216411e-01
6.250000000000000000e-01,5.106223250122512436e-01
6.458333333333332593e-01,-1.783269992360014822e-01
6.666666666666666297e-01,-3.211603274678263009e-01
6.875000000000000000e-01,4.160240000251858583e-01
7.083333333333332593e-01,9.153202945146750036e-01
7.291666666666666297e-01,2.638099107210966077e-01
7.500000000000000000e-01,-4.353260225175796805e-01
7.708333333333332593e-01,2.960603869248303877e-01
7.916666666666666297e-01,9.823263224602899468e-01
8.125000000000000000e-01,3.272365158833616672e-01
8.333333333333332593e-01,-3.826881306780687275e-01
8.541666666666666297e-01,3.336117299598042041e-01
8.750000000000000000e-01,1.000336024932114487e+00
8.958333333333332593e-01,3.173670009211095877e-01
9.166666666666666297e-01,-1.491787146002343245e-01
9.375000000000000000e-01,5.577494647331420197e-01
9.583333333333332593e-01,1.208112814347389152e+00
9.791666666666666297e-01,4.939714720645042023e-01
1.000000000000000000e+00,-2.420103431603378152e-01
1.020833333333333259e+00,-8.868136732450329074e-01
1.041666666666666519e+00,-3.019741332010913437e-01
1.062500000000000000e+00,2.358525626101257988e-01
1.083333333333333259e+00,-4.674737308189962359e-01
1.104166666666666519e+00,-1.106745416268509974e+00
1.125000000000000000e+00,-3.810692333435345969e-01
1.145833333333333259e+00,-8.558635896030402090e-01
1.166666666666666519e+00,-8.784584486488111743e-01
1.187500000000000000e+00,-2.258398255364161000e-01
1.208333333333333259e+00,-9.538599788332277618e-02
1.229166666666666519e+00,-7.505664123462469917e-01
1.250000000000000000e+00,-1.158888283242918982e-01
1.270833333333333259e+00,6.160037246397038757e-01
1.291666666666666519e+00,2.441944189185137060e-02
1.312500000000000000e+00,-6.210529333604153379e-01
1.333333333333333259e+00,-4.058885177530405231e-02
1.354166666666666519e+00,6.868266606028867738e-01
1.375000000000000000e+00,1.067058340637688924e-01
1.395833333333333259e+00,8.057514455196915226e-02
1.416666666666666519e+00,3.363477476791459364e-01
1.437500000000000000e+00,1.504954601232259548e-01
1.458333333333333259e+00,2.161560792599244440e-01
1.479166666666666519e+00,7.333085295468968479e-01
1.500000000000000000e+00,-3.405353338549990672e-02
1.520833333333333259e+00,2.600605259260842239e-02
1.541666666666666519e+00,7.350566878964603923e-01
1.562500000000000000e+00,3.574160979946432448e-01
1.583333333333333259e+00,-3.351108830926973203e-01
1.604166666666666519e+00,3.635674020143390694e-01
1.625000000000000000e+00,1.085614606502216972e+00
1.645833333333333259e+00,3.766532021552111420e-01
1.666666666666666519e+00,-2.730298474987735702e-01
1.687500000000000000e+00,4.422062233059967928e-01
1.708333333333333259e+00,8.944866194299079254e-01
1.729166666666666519e+00,2.170963057596039802e-01
1.750000000000000000e+00,-4.711809066534299317e-01
1.770833333333333259e+00,2.887551568231957466e-01
1.791666666666666519e+00,1.012582831741022371e+00
1.812500000000000000e+00,3.207017994661752192e-01
1.833333333333333259e+00,-4.007764331460237361e-01
1.854166666666666519e+00,2.060031160547836082e-01
1.875000000000000000e+00,2.535172740172907946e-01
1.895833333333333259e+00,-4.230260796813060109e-01
1.916666666666666519e+00,-1.051709496060271309e-01
1.937500000000000000e+00,4.568472360838246593e-01
1.958333333333333259e+00,-1.949223272084963376e-01
1.979166666666666519e+00,-9.231336084534950137e-01
2.000000000000000000e+00,-3.414228157995661816e-01
2.020833333333333037e+00,3.088443802144855699e-01
2.041666666666666519e+00,-2.640757224544973414e-01
2.062500000000000000e+00,-5.668117332694551092e-01
2.083333333333333037e+00,1.644359935706823928e-02
2.104166666666666519e+00,3.628652469868931529e-01
2.125000000000000000e+00,-1.693738615713393236e-01
2.145833333333333037e+00,-8.899528418290646448e-01
2.166666666666666519e+00,-2.817408457413389522e-01
2.187500000000000000e+00,4.407512984994153005e-01
2.208333333333333037e+00,-1.127327163060857368e-01
2.229166666666666519e+00,-6.624713642490048793e-01
2.250000000000000000e+00,-4.352828889950190183e-02
2.270833333333333037e+00,7.074265836816717723e-01
2.291666666666666519e+00,1.288779908120542828e-01
2.312500000000000000e+00,-5.412232765588126382e-01
2.333333333333333037e+00,2.831752238354784401e-02
2.354166666666666519e+00,8.206212173980440561e-01
2.375000000000000000e+00,7.364218056428204484e-01
2.395833333333333037e+00,1.786957343995718150e-02
2.416666666666666519e+00,4.626977969591083428e-01
2.437500000000000000e+00,7.238215617745049624e-01
2.458333333333333037e+00,7.025974582245644862e-02
2.479166666666666519e+00,-3.808810849042181812e-01
2.500000000000000000e+00,1.916072536971578644e-01
2.520833333333333037e+00,8.559018234934707703e-01
2.541666666666666519e+00,2.569665470779624039e-01
2.562500000000000000e+00,-4.860069954670380166e-01
2.583333333333333037e+00,7.638754608128461854e-02
2.604166666666666519e+00,1.345847693000191414e-01
2.625000000000000000e+00,-3.973243684408093723e-01
2.645833333333333037e+00,-2.628706979333982896e-01
2.666666666666666519e+00,3.412486195281873580e-01
2.687500000000000000e+00,1.058263495410022070e+00
2.708333333333333037e+00,5.230103232645610944e-01
2.729166666666666519e+00,-1.956249595965488530e-01
2.750000000000000000e+00,1.811430783387170396e-01
2.770833333333333037e+00,4.244782528348473583e-01
2.791666666666666519e+00,-1.336835123335488318e-01
2.812500000000000000e+00,-7.409288226142751732e-01
2.833333333333333037e+00,-1.565351663888987499e-01
2.854166666666666519e+00,6.158950247748216089e-01
2.875000000000000000e+00,4.454937220520405194e-02
2.895833333333333037e+00,-6.603297978108817468e-01
2.916666666666666519e+00,-8.524309410407356069e-02
2.937500000000000000e+00,2.456049207015125746e-01
2.958333333333333037e+00,-3.701118429099182761e-01
2.979166666666666519e+00,-1.078696745841168481e+00
3.000000000000000000e+00,-5.264862800655241148e-01
3.020833333333333037e+00,2.112393562572144057e-01
3.041666666666666519e+00,-4.243679819162387012e-01
3.062500000000000000e+00,-7.358639789188886615e-01
3.083333333333333037e+00,-1.769559644619610461e-01
3.104166666666666519e+00,5.076746462337693444e-01
3.125000000000000000e+00,-8.082603912125230217e-02
3.145833333333333037e+00,-8.496951524524720689e-01
3.166666666666666519e+00,-2.741840471510130772e-01
3.187500000000000000e+00,4.410008610834227905e-01
3.208333333333333037e+00,-1.307157705777342582e-01
3.229166666666666519e+00,-9.070318617980042131e-01
3.250000000000000000e+00,-2.415087951516345643e-01
3.270833333333333037e+00,4.765179036438488280e-01
3.291666666666666519e+00,-2.189294786929012748e-01
3.312500000000000000e+00,-7.879472350110011680e-01
3.333333333333333037e+00,-9.567872898716645036e-02
3.354166666666666519e+00,6.390447639889158538e-01
3.375000000000000000e+00,-1.171998397642998180e-01
3.395833333333333037e+00,-7.976478930437113091e-01
3.416666666666666519e+00,-8.621367311050665005e-02
3.437500000000000000e+00,6.877875016592565061e-01
3.458333333333333037e+00,1.124132053937645592e+00
3.479166666666666519e+00,4.245167393346409024e-01
3.500000000000000000e+00,-1.180913786181367470e-01
3.520833333333333037e+00,5.693216952916190232e-01
3.541666666666666519e+00,4.586543409849324071e-01
3.562500000000000000e+00,-2.389960275509577514e-01
3.583333333333333037e+00,1.432892976267002294e-01
3.604166666666666519e+00,7.906622532947166215e-01
3.625000000000000000e+00,1.300479708660392253e-01
3.645833333333333037e+00,-6.132036596971373044e-01
3.666666666666666519e+00,1.118582961605080195e-01
3.687500000000000000e+00,7.850520101868054823e-01
3.708333333333333037e+00,6.442725975025412333e-02
3.729166666666666519e+00,-6.974951242280760244e-01
3.750000000000000000e+00,-4.233223240482447691e-03
3.770833333333333037e+00,6.102103346249682092e-01
3.791666666666666519e+00,-6.180635407185633423e-02
3.812500000000000000e+00,-6.962639781924685467e-01
3.833333333333333037e+00,-3.081006582385695247e-02
3.854166666666666519e+00,6.743478704187955142e-01
3.875000000000000000e+00,-7.985211218879367800e-02
3.895833333333333037e+00,-8.045836970597650684e-01
3.916666666666666519e+00,-7.060378613760140420e-02
3.937500000000000000e+00,7.159179205375502120e-01
3.958333333333333037e+00,-1.804605957311827824e-02
3.979166666666666519e+00,-7.176565118938550425e-01
4.000000000000000000e+00,3.515969905935659168e-02
4.020833333333333037e+00,7.101995581740624397e-01
4.041666666666666075e+00,1.666039987491227392e-02
4.062500000000000000e+00,-6.498046468264606634e-01
4.083333333333333037e+00,1.314290892556955193e-01
4.104166666666666075e+00,2.374164393050233191e-01
4.125000000000000000e+00,-4.448762120592384406e-01
4.145833333333333037e+00,-6.882182340081506311e-01
4.166666666666666075e+00,5.800966851846900418e-02
4.187500000000000000e+00,3.966168232052956766e-01
4.208333333333333037e+00,-3.158923204843742116e-01
4.229166666666666075e+00,-8.533557559506927959e-01
4.250000000000000000e+00,-1.376929542512512206e-01
4.270833333333333037e+00,4.647276450291203953e-01
4.291666666666666075e+00,-2.811349529997188568e-01
4.312500000000000000e+00,-7.331831095619004701e-01
4.333333333333333037e+00,-4.767693765458466681e-02
4.354166666666666075e+00,5.118856956288930782e-01
4.375000000000000000e+00,-1.514254562921499014e-01
4.395833333333333037e+00,-7.222764130381983394e-01
4.416666666666666075e+00,-7.943909569537038751e-02
4.437500000000000000e+00,4.729057961659333120e-01
4.458333333333333037e+00,-8.387913931319292138e-02
4.479166666666666075e+00,-7.325088399195300859e-01
4.500000000000000000e+00,-1.500080561353904218e-01
4.520833333333333037e+00,5.274540088707003749e-01
4.541666666666666075e+00,-6.600427378612119811e-02
4.562500000000000000e+00,-7.368956800098157567e-01
4.583333333333333037e+00,-1.767021185957405871e-01
4.604166666666666075e+00,5.834235614242684331e-01
4.625000000000000000e+00,8.071134305569918621e-02
4.645833333333333037e+00,-1.794270356202913308e-01
4.666666666666666075e+00,3.713629322727744486e-01
4.687500000000000000e+00,7.308071282743173747e-01
4.708333333333333037e+00,1.159803218428723803e-01
4.729166666666666075e+00,1.717221644969045558e-01
4.750000000000000000e+00,7.336529626407266580e-01
4.770833333333333037e+00,1.111110517881580273e-01
4.791666666666666075e+00,-2.650343144037560217e-01
4.812500000000000000e+00,2.856512432631532206e-01
4.833333333333333037e+00,8.674575752309960919e-01
4.854166666666666075e+00,2.510345095067071375e-01
4.875000000000000000e+00,-3.052800919873309149e-01
4.895833333333333037e+00,2.421420804431871909e-01
4.916666666666666075e+00,3.966238527062557750e-01
4.937500000000000000e+00,-1.877294065571219472e-01
4.958333333333333037e+00,-7.339313618270997264e-01
4.979166666666666075e+00,-1.653715507432859666e-01
5.000000000000000000e+00,4.402824278872256580e-01
5.020833333333333037e+00,-1.049440522529848652e-01
5.041666666666666075e+00,-6.426320077867723191e-01
5.062500000000000000e+00,-2.177649816718149611e-01
5.083333333333333037e+00,9.997462958321766402e-02
5.104166666666666075e+00,-4.354459244488075864e-01
5.125000000000000000e+00,6.254696051859413852e-02
5.145833333333333037e+00,5.117727512638688969e-01
5.166666666666666075e+00,-1.954195406776163546e-01
5.187500000000000000e+00,-7.367879184855770092e-01
5.208333333333333037e+00,-5.516606186199626838e-02
5.229166666666666075e+00,4.008194605059453020e-01
5.250000000000000000e+00,-3.659307234609298076e-01
5.270833333333333037e+00,-9.330512828649139001e-01
5.291666666666666075e+00,-2.442743283476814242e-01
5.312500000000000000e+00,3.283437003579096070e-01
5.333333333333333037e+00,5.598280800124992851e-01
5.354166666666666075e+00,-5.433855815069545125e-02
5.375000000000000000e+00,-3.652770978369356270e-01
5.395833333333333037e+00,1.833621046765001317e-01
5.416666666666666075e+00,9.063911645653373039e-01
5.437500000000000000e+00,2.704643143300089481e-01
5.458333333333333037e+00,-4.871820858583258973e-01
5.479166666666666075e+00,7.609320434640687303e-02
5.500000000000000000e+00,1.222435119079703508e-01
5.520833333333333037e+00,-4.442126157424828303e-01
5.541666666666666075e+00,9.225867293984049700e-02
5.562500000000000000e+00,4.925834919321126493e-01
5.583333333333333037e+00,-1.134140864223758122e-01
5.604166666666666075e+00,-6.572889115217750433e-01
5.625000000000000000e+00,-9.614777242192604212e-02
5.645833333333333037e+00,2.683480545848770382e-01
5.666666666666666075e+00,-3.094708454328224390e-01
5.687500000000000000e+00,-8.701244810684534148e-01
5.708333333333333037e+00,-2.678114060464332202e-01
5.729166666666666075e+00,3.345977606460245335e-01
5.750000000000000000e+00,-2.083068357230970225e-01
5.770833333333333037e+00,-7.870574223716669815e-01
5.791666666666666075e+00,-1.646476109633008278e-01
5.812500000000000000e+00,4.187511320574276996e-01
5.833333333333333037e+00,-1.318843150554904475e-01
5.854166666666666075e+00,-7.066468164275275798e-01
5.875000000000000000e+00,-8.816175755547304982e-02
5.895833333333333037e+00,5.653498631175715161e-01
5.916666666666666075e+00,3.472605728005173642e-03
5.937500000000000000e+00,5.399667091173792066e-01
5.958333333333333037e+00,8.165849853770354994e-01
5.979166666666666075e+00,2.142130247598876269e-01
6.000000000000000000e+00,-3.710401765197235968e-01
6.020833333333333037e+00,2.168102904732439051e-01
6.041666666666666075e+00,7.540054990011828551e-01
6.062500000000000000e+00,1.962119193343563328e-01
6.083333333333333037e+00,-1.502503961900905349e-01
6.104166666666666075e+00,3.926078853559106241e-01
6.125000000000000000e+00,9.269738330698205075e-01
6.145833333333333037e+00,6.824977401270223565e-01
6.166666666666666075e+00,6.746487498389908133e-02
6.187500000000000000e+00,6.313805804693815027e-01
6.208333333333333037e+00,1.200879517936335850e+00
6.229166666666666075e+00,5.746394202253795047e-01
6.250000000000000000e+00,1.256715536473843042e-02
6.270833333333333037e+00,-3.592433777589607025e-02
6.291666666666666075e+00,5.398553627826315759e-01
6.312500000000000000e+00,-4.888999860407475251e-02
6.333333333333333037e+00,-6.573050843710011026e-01
6.354166666666666075e+00,-2.751152188048331393e-01
6.375000000000000000e+00,-4.841831663684326159e-02
6.395833333333333037e+00,-3.059412744596367584e-01
6.416666666666666075e+00,-3.094653412069025555e-01
6.437500000000000000e+00,3.361490758326564354e-02
6.458333333333333037e+00,-5.344748344857367384e-01
6.479166666666666075e+00,-1.090875663064083012e+00
6.500000000000000000e+00,-5.009222003906886878e-01
6.520833333333333037e+00,1.031346949015278097e-01
6.541666666666666075e+00,-4.369439482234413474e-01
6.562500000000000000e+00,-9.894977667002311517e-01
6.583333333333333037e+00,-1.236607219518065071e+00
6.604166666666666075e+00,-6.463767010699122961e-01
6.625000000000000000e+00,-5.781387777109493475e-01
6.645833333333333037e+00,-1.124421805030935140e+00
6.666666666666666075e+00,-5.139978615932502271e-01
6.687500000000000000e+00,6.604516165031344699e-02
6.708333333333333037e+00,-4.813774387822492007e-01
6.729166666666666075e+00,-1.437116414698019762e-01
6.750000000000000000e+00,4.220370932936143293e-01
6.770833333333333037e+00,-3.074361786473740477e-01
6.791666666666666075e+00,4.056101822166163773e-01
6.812500000000000000e+00,1.112650259021956689e+00
6.833333333333333037e+00,5.611880531380277759e-01
6.854166666666666075e+00,-2.143333997820127956e-01
6.875000000000000000e+00,3.774999197727644806e-01
6.895833333333333037e+00,1.101594862941440045e+00
6.916666666666666075e+00,1.839898478467940857e+00
6.937500000000000000e+00,1.105265826446872879e+00
6.958333333333333037e+00,3.964002188548138572e-01
6.979166666666666075e+00,2.278446933391588547e-01
7.000000000000000000e+00,9.090196340109059081e-01
7.020833333333333037e+00,1.434097560499460799e+00
7.041666666666666075e+00,1.298705478662591561e+00
7.062500000000000000e+00,7.300487121010414970e-01
7.083333333333333037e+00,1.334493891483945482e-01
7.104166666666666075e+00,6.840743321844764413e-01
7.125000000000000000e+00,1.213970375621581832e+00
7.145833333333333037e+00,6.998345286778344665e-01
7.166666666666666075e+00,9.951270963372121914e-02
7.187500000000000000e+00,-6.236052314310308597e-01
7.208333333333333037e+00,-8.492871962061958324e-02
7.229166666666666075e+00,5.076422451769107003e-01
7.250000000000000000e+00,-7.648158681986397256e-02
7.270833333333333037e+00,-6.427485578719167592e-01
7.291666666666666075e+00,-1.339765564569856404e-01
7.312500000000000000e+00,1.856191283392704672e-01
7.333333333333333037e+00,-3.805479162975271001e-01
7.354166666666666075e+00,-9.393358083455327634e-01
7.375000000000000000e+00,-4.416340615202856146e-01
7.395833333333333037e+00,-3.083526853232619880e-01
7.416666666666666075e+00,-8.992103213559600183e-01
7.437500000000000000e+00,-6.013289987432399730e-01
7.458333333333333037e+00,-5.890211909735572349e-02
7.479166666666666075e+00,-7.675926856702768308e-01
7.500000000000000000e+00,-1.357903976016817893e+00
7.520833333333333037e+00,-5.948153430198006575e-01
7.541666666666666075e+00,-5.935174175331625612e-02
7.562500000000000000e+00,-7.032777844082478413e-01
7.583333333333333037e+00,-1.259155554341488958e+00
7.604166666666666075e+00,-5.214537941441093061e-01
7.625000000000000000e+00,8.406849628270682273e-02
7.645833333333333037e+00,5.222627244730451701e-02
7.666666666666666075e+00,-5.005560876006558413e-01
7.687500000000000000e+00,-2.229628062345119510e-02
7.708333333333333037e+00,6.675795333636426188e-01
7.729166666666666075e+00,-7.317050464373536789e-02
7.750000000000000000e+00,-6.326384202493122721e-01
7.770833333333333037e+00,1.184013193143323428e-01
7.791666666666666075e+00,7.261042837274813699e-01
7.812500000000000000e+00,-1.746270574939473574e-02
7.833333333333333037e+00,-5.436461703426151981e-01
7.854166666666666075e+00,1.322425860403370901e-01
7.875000000000000000e+00,7.090565630697477362e-01
7.895833333333333037e+00,-1.736401400256895600e-02
7.916666666666666075e+00,-5.465581479956649336e-01
7.937500000000000000e+00,1.133403064842526120e-01
7.958333333333333037e+00,6.733458988601082051e-01
7.979166666666666075e+00,-1.045290108756143366e-01
8.000000000000000000e+00,-7.028534231686393019e-01
8.020833333333332149e+00,-7.593238719116518487e-03
8.041666666666666075e+00,5.417044065376628303e-01
8.062500000000000000e+00,1.743197944715304537e-01
8.083333333333332149e+00,-3.558093919450173725e-01
8.104166666666666075e+00,3.705685760180811306e-01
8.125000000000000000e+00,9.188193504927687494e-01
8.145833333333332149e+00,1.786257232916552973e-01
8.166666666666666075e+00,-4.313853978305276504e-01
8.187500000000000000e+00,1.074302048842174090e-01
8.208333333333332149e+00,6.355424027082190452e-01
8.229166666666666075e+00,2.008237833073130973e-01
8.250000000000000000e+00,9.390942622377573823e-02
8.270833333333332149e+00,6.004271222385456630e-01
8.291666666666666075e+00,1.178475293213521180e-01
8.312500000000000000e+00,-4.349142093890120964e-01
8.333333333333332149e+00,3.094192671367898551e-01
8.354166666666666075e+00,2.460065959254630064e-01
8.375000000000000000e+00,-3.892833796213251984e-01
8.395833333333332149e+00,-2.066312218123903255e-01
8.416666666666666075e+00,2.378300998433863223e-03
8.437500000000000000e+00,-5.502340364913300697e-01
8.458333333333332149e+00,1.242074573760696687e-01
8.479166666666666075e+00,1.096037537667970407e-01
8.500000000000000000e+00,-6.040067387349109529e-01
8.520833333333332149e+00,-1.240284487710826417e-01
8.541666666666666075e+00,4.834343125508208106e-01
8.562500000000000000e+00,-2.723931289662249178e-01
8.583333333333332149e+00,-8.345666967727438657e-01
8.604166666666666075e+00,-1.510289123327681893e-01
8.625000000000000000e+00,5.319891129270595265e-01
8.645833333333332149e+00,-1.850992678255671264e-01
8.666666666666666075e+00,-8.540161319344230506e-01
8.687500000000000000e+00,-9.133881622894854391e-02
8.708333333333332149e+00,4.830584977880904574e-01
8.729166666666666075e+00,-2.038404322192780560e-01
8.750000000000000000e+00,-6.229362728316523157e-01
8.770833333333332149e+00,-6.963806780655522333e-02
8.791666666666666075e+00,5.137532838335414631e-01
8.812500000000000000e+00,1.622376602677148283e-01
8.833333333333332149e+00,-2.908850374726479338e-01
8.854166666666666075e+00,2.651273079873202598e-01
8.875000000000000000e+00,9.366194984305041826e-01
8.895833333333332149e+00,3.570494905890019277e-01
8.916666666666666075e+00,-4.081344704194354023e-01
8.937500000000000000e+00,1.196016997410502825e-01
8.958333333333332149e+00,8.058548495444397552e-01
8.979166666666666075e+00,2.632263089964987923e-01
9.000000000000000000e+00,-3.164799622171647897e-01
9.020833333333332149e+00,-2.707324912757960722e-01
9.041666666666666075e+00,3.875906364665766546e-01
9.062500000000000000e+00,-1.673289371667968373e-01
9.083333333333332149e+00,-7.386048478051689958e-01
9.104166666666666075e+00,-1.563311965268733839e-01
9.125000000000000000e+00,4.760212072211914558e-01
9.145833333333332149e+00,-1.117919664075184977e-01
9.166666666666666075e+00,-6.217446112485669474e-01
9.187500000000000000e+00,-9.924652248869100801e-02
9.208333333333332149e+00,4.719423553417075867e-01
9.229166666666666075e+00,-1.694483747736163781e-01
9.250000000000000000e+00,-6.969928705341094100e-01
9.270833333333332149e+00,-1.044460728203417260e-01
9.291666666666666075e+00,4.610396237530197117e-01
9.312500000000000000e+00,-1.200951672568777162e-01
9.333333333333332149e+00,-6.636445030172907211e-01
9.354166666666666075e+00,-5.429596442578713544e-01
9.375000000000000000e+00,1.948637804877284552e-02
9.395833333333332149e+00,-4.497949715620001010e-01
9.416666666666666075e+00,-3.567968070051109053e-01
9.437500000000000000e+00,1.808481991990937565e-01
9.458333333333332149e+00,-4.444722138209977191e-01
9.479166666666666075e+00,-7.445571750338365880e-02
9.500000000000000000e+00,5.193234293169786131e-01
9.520833333333332149e+00,-2.082046296802262941e-01
9.541666666666666075e+00,-5.096287088564548373e-01
9.562500000000000000e+00,2.964529020238893531e-01
9.583333333333332149e+00,8.468986463381713570e-01
9.604166666666666075e+00,1.122868792077310884e-01
9.625000000000000000e+00,-2.917373963132527392e-01
9.645833333333332149e+00,3.983564628275592101e-01
9.666666666666666075e+00,1.068725995713297516e+00
9.687500000000000000e+00,3.537222479902876193e-01
9.708333333333332149e+00,-3.462893410664320548e-01
9.729166666666666075e+00,3.195289577961265004e-01
9.750000000000000000e+00,1.031088333563876303e+00
9.770833333333332149e+00,2.925576769086141171e-01
9.791666666666666075e+00,-3.452826199509402283e-01
9.812500000000000000e+00,3.547901636622518007e-01
9.833333333333332149e+00,1.046916437283184509e+00
9.854166666666666075e+00,3.780380766057215292e-01
9.875000000000000000e+00,-2.184326097608590977e-01
9.895833333333332149e+00,-1.125620517989659175e-01
9.916666666666666075e+00,5.002370074296025315e-01
9.937500000000000000e+00,-9.260697442950682756e-02
9.958333333333332149e+00,-6.675659344118000105e-01
9.979166666666666075e+00,-2.044182613234163948e-01
1.000000000000000000e+01,3.096985517603259019e-01
1.002083333333333215e+01,-2.308800682508533875e-01
1.004166666666666607e+01,-7.912218180892347519e-01
1.006250000000000000e+01,-1.658827760768065429e-01
1.008333333333333215e+01,4.114492136939075229e-01
1.010416666666666607e+01,-1.780705113758096758e-01
1.012500000000000000e+01,-7.738313664334810493e-01
1.014583333333333215e+01,-2.744639054237094644e-01
1.016666666666666607e+01,3.145386813557648487e-01
1.018750000000000000e+01,-2.732433760915064513e-01
1.020833333333333215e+01,-6.041326088525685867e-01
1.022916666666666607e+01,-6.221637725243739370e-02
1.025000000000000000e+01,5.837149661977256709e-01
1.027083333333333215e+01,-7.422321075830778936e-02
1.029166666666666607e+01,-6.489516424592424171e-01
1.031250000000000000e+01,-3.982607702297222274e-02
1.033333333333333215e+01,5.993485109104864650e-01
1.035416666666666607e+01,4.784567705896761169e-03
1.037500000000000000e+01,-5.717897608635649220e-01
1.039583333333333215e+01,4.261363119224506613e-02
1.041666666666666607e+01,7.225037540042145157e-01
1.043750000000000000e+01,1.059142267990826475e-01
1.045833333333333215e+01,-6.132008250897709178e-01
1.047916666666666607e+01,1.901252996149493946e-02
1.050000000000000000e+01,4.961218842831257581e-01
1.052083333333333215e+01,-4.412824134152966427e-02
1.054166666666666607e+01,-6.796784795697456971e-01
1.056250000000000000e+01,-7.984842527902122344e-02
1.058333333333333215e+01,5.518874855759723363e-01
1.060416666666666607e+01,-1.425041707224003751e-01
1.062500000000000000e+01,-7.121360858003941141e-01
1.064583333333333215e+01,8.032107092598161913e-03
1.066666666666666607e+01,6.206678112303047889e-01
1.068750000000000000e+01,-9.074963663395721469e-02
1.070833333333333215e+01,-5.372748072443800371e-01
1.072916666666666607e+01,2.473543888630490850e-01
1.075000000000000000e+01,8.074230459907802970e-01
1.077083333333333215e+01,8.620836252207567107e-02
1.079166666666666607e+01,-6.246519206400404922e-01
1.081250000000000000e+01,1.357396379287339472e-01
1.083333333333333215e+01,8.065591471576725180e-01
1.085416666666666607e+01,8.139892019600980522e-02
1.087500000000000000e+01,-5.143281059689469581e-01
1.089583333333333215e+01,1.090354654058055817e-01
1.091666666666666607e+01,7.251167042878197133e-01
1.093750000000000000e+01,2.626090531671287920e-03
1.095833333333333215e+01,-5.867926867253786538e-01
1.097916666666666607e+01,7.022334249051800925e-02
1.100000000000000000e+01,6.575337809802681566e-01
1.102083333333333215e+01,-1.074695900127520254e-01
1.104166666666666607e+01,-7.079885052166906556e-01
1.106250000000000000e+01,-6.667218196085095139e-03
1.108333333333333215e+01,3.686144142466348250e-01
1.110416666666666607e+01,-4.194345890914710218e-01
1.112500000000000000e+01,-8.393651312253572749e-01
1.114583333333333215e+01,-1.313873905584638235e-01
1.116666666666666607e+01,5.432100205452904396e-01
1.118750000000000000e+01,-1.127339627324395466e-01
1.120833333333333215e+01,-7.284074162305366196e-01
1.122916666666666607e+01,-2.169976311625479437e-02
1.125000000000000000e+01,5.201039914976712808e-01
1.127083333333333215e+01,1.381650677939731398e-01
1.129166666666666607e+01,-4.696764054824142942e-01
1.131250000000000000e+01,2.455135001705207320e-01
1.133333333333333215e+01,8.863784913676360233e-01
1.135416666666666607e+01,2.376858126693618678e-01
1.137500000000000000e+01,-3.582766556534952573e-01
1.139583333333333215e+01,7.797889540205324432e-02
1.141666666666666607e+01,6.142527463224577433e-01
1.143750000000000000e+01,-7.140710228508836965e-02
1.145833333333333215e+01,-6.441347677587145881e-01
1.147916666666666607e+01,2.941753191607276996e-02
1.150000000000000000e+01,6.479200339275202891e-01
1.152083333333333215e+01,-4.889008202682346149e-02
1.154166666666666607e+01,-6.043275528440363864e-01
1.156250000000000000e+01,4.699010882615642370e-02
1.158333333333333215e+01,6.327152602460244246e-01
1.160416666666666607e+01,-7.631947109125269968e-02
1.162500000000000000e+01,-6.600515768205140743e-01
1.164583333333333215e+01,-2.425238738974902497e-02
1.166666666666666607e+01,5.624670567592070514e-01
1.168750000000000000e+01,-9.726188921748538108e-02
1.170833333333333215e+01,-7.393406613545385753e-01
1.172916666666666607e+01,-8.324721258965614434e-02
1.175000000000000000e+01,4.884463944055450479e-01
1.177083333333333215e+01,-1.453460773739672363e-01
1.179166666666666607e+01,-7.883900289649551363e-01
1.181250000000000000e+01,-1.930584921888845729e-01
1.183333333333333215e+01,3.833645031952974680e-01
1.185416666666666607e+01,-1.015975722604875731e-01
1.187500000000000000e+01,-2.493003884646957935e-01
1.189583333333333215e+01,3.313681887519406843e-01
1.191666666666666607e+01,4.903766084703606865e-01
1.193750000000000000e+01,-1.585628652873503630e-01
1.195833333333333215e+01,-3.707515164345851488e-01
1.197916666666666607e+01,2.043719630808928933e-01
1.200000000000000000e+01,8.272144764525922733e-01
1.202083333333333215e+01,2.089178562362544456e-01
1.204166666666666607e+01,-3.511734589548808905e-01
1.206250000000000000e+01,8.697472570943656778e-02
1.208333333333333215e+01,3.807851151069105433e-01
1.210416666666666607e+01,-2.011937075084897497e-01
1.212500000000000000e+01,-7.743138072166094732e-01
1.214583333333333215e+01,-1.017170349897884019e-01
1.216666666666666607e+01,5.314663938987630454e-01
1.218750000000000000e+01,-5.587143871565687647e-02
1.220833333333333215e+01,-6.650957573772238174e-01
1.222916666666666607e+01,-1.382975746234385572e-02
1.225000000000000000e+01,5.605064022453050132e-01
1.227083333333333215e+01,-2.378167353454828381e-02
1.229166666666666607e+01,-6.456672607424062127e-01
1.231250000000000000e+01,-4.269825012203719294e-02
1.233333333333333215e+01,5.144712766967732831e-01
1.235416666666666607e+01,-9.334786885621804142e-02
1.237500000000000000e+01,-4.862622119815432908e-01
1.239583333333333215e+01,8.348538818726458643e-02
1.241666666666666607e+01,6.871655943155536850e-01
1.243750000000000000e+01,5.228915241900733424e-02
1.245833333333333215e+01,-5.347997302261442432e-01
1.247916666666666607e+01,3.361445406524375679e-02
1.250000000000000000e+01,6.459798466497427283e-01
1.252083333333333215e+01,2.244790681104295860e-02
1.254166666666666607e+01,-5.235043827226131263e-01
1.256250000000000000e+01,6.461233790109825736e-02
1.258333333333333215e+01,6.772579995300104239e-01
1.260416666666666607e+01,9.946147099862318042e-02
1.262500000000000000e+01,-4.565014049188778622e-01
1.264583333333333215e+01,1.578611402090973337e-01
1.266666666666666607e+01,5.806070212169952560e-01
1.268750000000000000e+01,3.212316857869258746e-02
1.270833333333333215e+01,-5.601830407098623565e-01
1.272916666666666607e+01,6.328501157166958879e-02
1.275000000000000000e+01,5.199833108829146067e-01
1.277083333333333215e+01,-4.088929830171436630e-02
1.279166666666666607e+01,-6.694536736973504265e-01
1.281250000000000000e+01,-5.949784660491340416e-02
1.283333333333333215e+01,4.980700304578117299e-01
1.285416666666666607e+01,-8.815712104181995523e-02
1.287500000000000000e+01,-7.070752528898714973e-01
1.289583333333333215e+01,-1.278362392693448979e-01
1.291666666666666607e+01,4.348906006984190609e-01
1.293750000000000000e+01,-2.418724694791130336e-01
1.295833333333333215e+01,-8.734516583307105897e-01
1.297916666666666607e+01,-2.735831675108207350e-01
1.300000000000000000e+01,3.809381791260307293e-01
1.302083333333333215e+01,-2.717437882626837498e-01
1.304166666666666607e+01,-7.091037668859181409e-01
1.306250000000000000e+01,-1.381279726448440548e-01
1.308333333333333215e+01,4.563926449657935702e-01
1.310416666666666607e+01,8.096084582115126160e-02
1.312500000000000000e+01,-3.276516886009946394e-01
1.314583333333333215e+01,2.654975449341323568e-01
1.316666666666666607e+01,8.515927666955749320e-01
1.318750000000000000e+01,3.162131624911930783e-01
1.320833333333333215e+01,-2.473671398730135640e-01
1.322916666666666607e+01,3.617628817502963612e-01
1.325000000000000000e+01,5.260328075265813252e-01
1.327083333333333215e+01,-9.456475034342951003e-03
1.329166666666666607e+01,-4.976218198826460881e-01
1.331250000000000000e+01,1.205749753436553551e-01
1.333333333333333215e+01,7.434082934774007834e-01
1.335416666666666607e+01,1.622640949507249686e-01
1.337500000000000000e+01,-4.697851617536057400e-01
1.339583333333333215e+01,1.194183534154320409e-01
1.341666666666666607e+01,7.811590399461728618e-01
1.343750000000000000e+01,1.696992309862292436e-01
1.345833333333333215e+01,-4.997600143752686797e-01
1.347916666666666607e+01,4.660763448578020274e-02
1.350000000000000000e+01,4.280142277906619497e-01
1.352083333333333215e+01,-1.864448147553008917e-01
1.354166666666666607e+01,-8.932663717704019124e-01
1.356250000000000000e+01,-3.431158337988019502e-01
1.358333333333333215e+01,3.345676466052054931e-01
1.360416666666666607e+01,-8.556819247552328866e-02
1.362500000000000000e+01,-5.780798712872599054e-01
1.364583333333333215e+01,3.550684327095299242e-02
1.366666666666666607e+01,7.074597308797586637e-01
1.368750000000000000e+01,1.111111419338942918e-01
1.370833333333333215e+01,-6.432586314769516145e-01
1.372916666666666607e+01,-4.194135677431551357e-02
1.375000000000000000e+01,6.237361396752461040e-01
1.377083333333333215e+01,5.798887866057181317e-02
1.379166666666666607e+01,-6.700100911056549036e-01
1.381250000000000000e+01,-4.200008696062237923e-02
1.383333333333333215e+01,6.474179875121998107e-01
1.385416666666666607e+01,8.688442223943987353e-02
1.387500000000000000e+01,-5.973364771150004859e-01
1.389583333333333215e+01,1.826670743181146861e-02
1.391666666666666607e+01,6.060016967509646024e-01
1.393750000000000000e+01,3.066321083651650514e-02
1.395833333333333215e+01,-5.758080208618926443e-01
1.397916666666666607e+01,5.986339249519331829e-02
1.400000000000000000e+01,5.923204551443587151e-01
1.402083333333333215e+01,-3.258478976814346839e-03
1.404166666666666607e+01,-5.991878653825120082e-01
1.406250000000000000e+01,-6.777700647976679649e-02
1.408333333333333215e+01,5.053429276910201828e-01
1.410416666666666607e+01,-9.784028689407112123e-02
1.412500000000000000e+01,-6.941613564385087365e-01
1.414583333333333215e+01,-1.569774659034792741e-01
1.416666666666666607e+01,4.723515547678768245e-01
1.418750000000000000e+01,-1.423084591292226309e-01
1.420833333333333215e+01,-4.942870705785183394e-01
1.422916666666666607e+01,1.029297816989742514e-01
1.425000000000000000e+01,7.460426655805141305e-01
1.427083333333333215e+01,1.210675831892494420e-01
1.429166666666666607e+01,-4.333260715569938193e-01
1.431250000000000000e+01,3.291374569396859906e-02
1.433333333333333215e+01,2.834350435330370011e-01
1.435416666666666607e+01,-2.914647705396814503e-01
1.437500000000000000e+01,-6.503230833601502114e-01
1.439583333333333215e+01,-5.733723543224857055e-02
1.441666666666666607e+01,5.276985163346058494e-01
1.443750000000000000e+01,2.035734985463667768e-02
1.445833333333333215e+01,-6.096074469559982223e-01
1.447916666666666607e+01,-2.907162437172970681e-02
1.450000000000000000e+01,6.195908068528347412e-01
1.452083333333333215e+01,-7.431232714973909359e-02
1.454166666666666607e+01,-4.565733418887580886e-01
1.456250000000000000e+01,2.026220656235973305e-01
1.458333333333333215e+01,7.678398231408593011e-01
1.460416666666666607e+01,5.418718384066525950e-02
1.462500000000000000e+01,-5.720827023431751535e-01
1.464583333333333215e+01,1.199059379383654589e-01
1.466666666666666607e+01,6.630851795197394427e-01
1.468750000000000000e+01,1.332996343929865324e-02
1.470833333333333215e+01,-5.920228867764156799e-01
1.472916666666666607e+01,3.612594088854514940e-02
1.475000000000000000e+01,5.956311197307357919e-01
1.477083333333333215e+01,-1.405431003893226061e-02
1.479166666666666607e+01,-6.226408823680422699e-01
1.481250000000000000e+01,-8.245845560455239420e-02
1.483333333333333215e+01,5.156892761119000745e-01
1.485416666666666607e+01,-9.742382258612414248e-02
1.487500000000000000e+01,-4.532559325660908134e-01
1.489583333333333215e+01,1.012787682354374941e-01
1.491666666666666607e+01,7.490357155549268731e-01
1.493750000000000000e+01,1.409722183501487258e-01
1.495833333333333215e+01,-4.371258761235940482e-01
1.497916666666666607e+01,1.392613433541863288e-01
1.500000000000000000e+01,5.913384678695184915e-01
1.502083333333333215e+01,-7.296737384779539148e-03
1.504166666666666607e+01,-5.827958683883325275e-01
1.506250000000000000e+01,2.659851914136104889e-02
1.508333333333333215e+01,6.448782994444020034e-01
1.510416666666666607e+01,9.174747037132931216e-02
1.512500000000000000e+01,-4.902190506545142656e-01
1.514583333333333215e+01,-1.471956766671595751e-01
1.516666666666666607e+01,3.329073717567554991e-01
1.518750000000000000e+01,-2.085048881529509568e-01
1.520833333333333215e+01,-8.261147433451229150e-01
1.522916666666666607e+01,-2.181611909242109348e-01
1.525000000000000000e+01,3.692762489030314565e-01
1.527083333333333215e+01,-2.022696912486462162e-01
1.529166666666666607e+01,-4.946685527287731921e-01
1.531250000000000000e+01,1.602354457341454708e-01
1.533333333333333215e+01,7.130812436231153129e-01
1.535416666666666607e+01,1.195162636548052215e-01
1.537500000000000000e+01,-5.467741480607565263e-01
1.539583333333333215e+01,3.771387586108164436e-02
1.541666666666666607e+01,7.819201042189672934e-01
1.543750000000000000e+01,1.447987508420948422e-01
1.545833333333333215e+01,-5.349235263550485842e-01
1.547916666666666607e+01,-1.591570661015068167e-02
1.550000000000000000e+01,3.813393789123968314e-01
1.552083333333333215e+01,-2.322160189250410123e-01
1.554166666666666607e+01,-8.765825995900576872e-01
1.556250000000000000e+01,-3.205463481820310379e-01
1.558333333333333215e+01,3.510881312198649851e-01
1.560416666666666607e+01,3.651092943741800906e-02
1.562500000000000000e+01,-5.583706309191021067e-01
1.564583333333333215e+01,2.854587847918473031e-02
1.566666666666666607e+01,6.981604926824869217e-01
1.568750000000000000e+01,1.132162247832395469e-01
1.570833333333333215e+01,-6.409640480401200824e-01
1.572916666666666607e+01,1.081973481520673297e-02
1.575000000000000000e+01,7.058578659289408419e-01
1.577083333333333215e+01,5.789294179521428663e-02
1.579166666666666607e+01,-6.574542732253778610e-01
1.581250000000000000e+01,2.188908967243252679e-02
1.583333333333333215e+01,7.356377080782314781e-01
1.585416666666666607e+01,-1.367790257876877469e-02
1.587500000000000000e+01,-5.046224586401668599e-01
1.589583333333333215e+01,1.834117523988155751e-01
1.591666666666666607e+01,9.170828698755331132e-01
1.593750000000000000e+01,2.257325543121019573e-01
1.595833333333333215e+01,-4.420071178821263769e-01
1.597916666666666607e+01,3.060946730426182816e-01
1.600000000000000000e+01,2.640012498049187362e-01
1.602083333333333215e+01,-4.056748624582094953e-01
1.604166666666666430e+01,3.186205344571844955e-02
1.606250000000000000e+01,3.994176492046798144e-01
1.608333333333333215e+01,-2.171034036552337843e-01
1.610416666666666430e+01,-8.946296580833006384e-01
1.612500000000000000e+01,-3.207393497857167208e-01
1.614583333333333215e+01,4.012105439766706638e-01
1.616666666666666430e+01,-2.265660232173493105e-01
1.618750000000000000e+01,-3.056292324158482732e-01
1.620833333333333215e+01,2.673534026675674635e-01
1.622916666666666430e+01,6.867987880159495684e-02
1.625000000000000000e+01,-5.525998165504535375e-01
1.627083333333333215e+01,2.366135667520165298e-02
1.629166666666666430e+01,6.132175502467466233e-01
1.631250000000000000e+01,-3.495315134535822987e-02
1.633333333333333215e+01,-6.783068958691637063e-01
1.635416666666666430e+01,-1.001938105322795480e-01
1.637500000000000000e+01,5.402111711969567187e-01
1.639583333333333215e+01,-7.168288174808933044e-02
1.641666666666666430e+01,-3.392501102756421139e-01
1.643750000000000000e+01,2.606320231821024902e-01
1.645833333333333215e+01,6.731957841547301369e-01
1.647916666666666430e+01,9.799114740128846146e-02
1.650000000000000000e+01,-6.358584874960213629e-01
1.652083333333333215e+01,1.271695283107229790e-02
1.654166666666666430e+01,7.059156606737038153e-01
1.656250000000000000e+01,5.711000617083064612e-02
1.658333333333333215e+01,-6.494560154769004612e-01
1.660416666666666430e+01,1.181409927900808898e-02
1.662500000000000000e+01,7.287464028261210203e-01
1.664583333333333215e+01,-8.082294786429272682e-03
1.666666666666666430e+01,-6.757220192053638996e-01
1.668750000000000000e+01,1.680210324424527557e-02
1.670833333333333215e+01,7.647254754866736892e-01
1.672916666666666430e+01,5.925959167022157303e-02
1.675000000000000000e+01,-6.116968447946123932e-01
1.677083333333333215e+01,1.244258183076065449e-01
1.679166666666666430e+01,8.493050132630071136e-01
1.681250000000000000e+01,1.763130876297564764e-01
1.683333333333333215e+01,-5.211164740991574007e-01
1.685416666666666430e+01,7.628857669329248969e-02
1.687500000000000000e+01,3.241531706728844053e-01
1.689583333333333215e+01,-3.502619637922348983e-01
1.691666666666666430e+01,-6.674157070183949214e-01
1.693750000000000000e+01,6.440393447274198047e-02
1.695833333333333215e+01,6.961276743333794093e-01
1.697916666666666430e+01,2.350117675191085165e-02
1.700000000000000000e+01,-5.382231355414182072e-01
1.702083333333333215e+01,8.442540606013039517e-02
1.704166666666666430e+01,3.306467930636518560e-01
1.706250000000000000e+01,-4.110849403985492034e-01
1.708333333333333215e+01,-7.119582497257469500e-01
1.710416666666666430e+01,-4.667159074729032575e-02
1.712500000000000000e+01,5.572083633098980915e-01
1.714583333333333215e+01,-1.897457608864350775e-01
1.716666666666666430e+01,-7.880829202473548234e-01
1.718750000000000000e+01,-1.159172591971625310e-01
1.720833333333333215e+01,4.437545166260166707e-01
1.722916666666666430e+01,-2.671580866651945829e-01
1.725000000000000000e+01,-2.268222483829721026e-01
1.727083333333333215e+01,4.724640862016853404e-01
1.729166666666666430e+01,1.511570872594398818e-01
1.731250000000000000e+01,-5.430075999943191345e-01
1.733333333333333215e+01,1.281943376475312424e-01
1.735416666666666430e+01,8.646400049445710501e-01
1.737500000000000000e+01,1.369469460377923109e-01
1.739583333333333215e+01,-5.201467465089523179e-01
1.741666666666666430e+01,1.799413058359777828e-01
1.743750000000000000e+01,9.202284600122346836e-01
1.745833333333333215e+01,2.315977314865749759e-01
1.747916666666666430e+01,-4.414309230810187223e-01
1.750000000000000000e+01,3.207663276368197258e-02
1.752083333333333215e+01,4.984060142386906866e-01
1.754166666666666430e+01,-1.759445314351284206e-01
1.756250000000000000e+01,-8.791215834302404941e-01
1.758333333333333215e+01,-1.685324622415190488e-01
1.760416666666666430e+01,4.986360849031777343e-01
1.762500000000000000e+01,-1.897464589597701035e-01
1.764583333333333215e+01,-7.304098556776791318e-01
1.766666666666666430e+01,-1.655117768074240714e-02
1.768750000000000000e+01,6.345339319385001620e-01
1.770833333333333215e+01,-7.975779687609657609e-02
1.772916666666666430e+01,-8.074347223181790323e-01
1.775000000000000000e+01,-1.497819541980382474e-01
1.777083333333333215e+01,5.392837177857290332e-01
1.779166666666666430e+01,6.393214757239548685e-02
1.781250000000000000e+01,-4.212687970364745738e-01
1.783333333333333215e+01,2.465175690256484475e-01
1.785416666666666430e+01,9.697451570435280388e-01
1.787500000000000000e+01,2.311139659429745363e-01
1.789583333333333215e+01,-4.327079225727611389e-01
1.791666666666666430e+01,2.590449290650890801e-01
1.793750000000000000e+01,5.982500712148657307e-01
1.795833333333333215e+01,-1.028727150007606173e-01
1.797916666666666430e+01,-7.682216978938937180e-01
1.800000000000000000e+01,-3.476947325254239884e-02
1.802083333333333215e+01,6.908255605650150954e-01
1.804166666666666430e+01,2.972719737381859795e-02
1.806250000000000000e+01,-6.621329537037885515e-01
1.808333333333333215e+01,8.330858393097279047e-02
1.810416666666666430e+01,7.807080006973421415e-01
1.812500000000000000e+01,1.171336285951121436e-01
1.814583333333333215e+01,-6.129746378555736008e-01
1.816666666666666430e+01,1.179670865503828214e-01
1.818750000000000000e+01,2.997878281594319461e-01
1.820833333333333215e+01,-3.944796367590456820e-01
1.822916666666666430e+01,-6.513646707249340917e-01
1.825000000000000000e+01,4.542381104954001936e-02
1.827083333333333215e+01,5.952493215322238740e-01
1.829166666666666430e+01,-1.544882283210527729e-01
1.831250000000000000e+01,-8.408614333577413280e-01
1.833333333333333215e+01,-1.677283554536889709e-01
1.835416666666666430e+01,5.293482463868552923e-01
1.837500000000000000e+01,-2.433981021729279548e-01
