0.000000000000000000e+00,-2.358399321296139606e-01
2.083333333333333218e-02,-6.578530144795832757e-02
4.166666666666666435e-02,1.268177935045092242e-01
6.250000000000000000e-02,-1.628842167360572413e-01
8.333333333333332871e-02,-2.223808854239312238e-01
1.041666666666666574e-01,1.770787635304160723e-01
1.250000000000000000e-01,1.664607876387751845e-02
1.458333333333333148e-01,-3.786477770146705057e-01
1.666666666666666574e-01,5.395903225238439516e-02
1.875000000000000000e-01,3.029224984642703844e-01
2.083333333333333148e-01,-3.912366769414183376e-01
2.291666666666666574e-01,-2.520786280071697361e-01
2.500000000000000000e-01,4.368964729925473023e-01
2.708333333333333148e-01,-1.004508930966255126e-01
2.916666666666666297e-01,-5.332679367487601629e-01
3.125000000000000000e-01,2.418140332922581459e-01
3.333333333333333148e-01,3.639846526880161637e-01
3.541666666666666297e-01,-3.817420544173251717e-01
3.750000000000000000e-01,-2.157349832734772321e-01
3.958333333333333148e-01,5.120507047978490878e-01
4.166666666666666297e-01,-1.766903515385231382e-01
4.375000000000000000e-01,-4.620326024763747874e-01
4.583333333333333148e-01,2.921362196638968012e-01
4.791666666666666297e-01,3.078268918126904619e-01
5.000000000000000000e-01,-4.477730590343473871e-01
5.208333333333332593e-01,-5.268296188094402643e-02
5.416666666666666297e-01,5.179815627191372007e-01
5.625000000000000000e-01,-2.304806312003752078e-01
5.833333333333332593e-01,-4.275469879870519296e-01
6.041666666666666297e-01,3.012881381435770223e-01
6.250000000000000000e-01,2.494636531880868868e-01
6.458333333333332593e-01,-5.027003782599984705e-01
6.666666666666666297e-01,5.444445998255384445e-02
6.875000000000000000e-01,5.159389843766759576e-01
7.083333333333332593e-01,-2.646947639321846069e-01
7.291666666666666297e-01,-4.088204954492697385e-01
7.500000000000000000e-01,3.456600275369512421e-01
7.708333333333332593e-01,2.085167356837169805e-01
7.916666666666666297e-01,-5.533713273358988882e-01
8.125000000000000000e-01,1.339364341411159454e-01
8.333333333333332593e-01,5.084972639843108322e-01
8.541666666666666297e-01,-2.627967186786296372e-01
8.750000000000000000e-01,-3.903439409396488036e-01
8.958333333333332593e-01,3.600906022352881042e-01
9.166666666666666297e-01,1.960895316841420877e-01
9.375000000000000000e-01,-5.520696801226190331e-01
9.583333333333332593e-01,1.676959424620595995e-01
9.791666666666666297e-01,4.945124165627448054e-01
1.000000000000000000e+00,-2.517158163169435081e-01
1.020833333333333259e+00,-4.072570366153231425e-01
1.041666666666666519e+00,3.680539542117640117e-01
1.062500000000000000e+00,1.908589294342307729e-01
1.083333333333333259e+00,-5.530357314087815945e-01
1.104166666666666519e+00,1.436137897690005216e-01
1.125000000000000000e+00,5.404575650282888999e-01
1.145833333333333259e+00,-2.217728575208879616e-01
1.166666666666666519e+00,-4.662451143173980683e-01
1.187500000000000000e+00,2.823007259747764564e-01
1.208333333333333259e+00,3.499631739880164627e-01
1.229166666666666519e+00,-4.271529775055392664e-01
1.250000000000000000e+00,-8.315935935591589612e-02
1.270833333333333259e+00,5.268476616363674259e-01
1.291666666666666519e+00,-2.156211906903225672e-01
1.312500000000000000e+00,-4.652368553687429853e-01
1.333333333333333259e+00,3.083504262673557039e-01
1.354166666666666519e+00,2.958266194506921631e-01
1.375000000000000000e+00,-4.580862987736160630e-01
1.395833333333333259e+00,-4.177986408145786812e-02
1.416666666666666519e+00,5.671509094712849919e-01
1.437500000000000000e+00,-1.954859932119550614e-01
1.458333333333333259e+00,-5.089723797619453149e-01
1.479166666666666519e+00,2.337486646759890929e-01
1.500000000000000000e+00,4.278153876576489822e-01
1.520833333333333259e+00,-3.328157236177435863e-01
1.541666666666666519e+00,-2.557533632000734691e-01
1.562500000000000000e+00,4.851360305253215044e-01
1.583333333333333259e+00,-3.702852478210638676e-02
1.604166666666666519e+00,-5.361024464573397319e-01
1.625000000000000000e+00,2.274120657458719441e-01
1.645833333333333259e+00,4.225595854049556954e-01
1.666666666666666519e+00,-3.175888589696255204e-01
1.687500000000000000e+00,-2.650598632655568609e-01
1.708333333333333259e+00,4.958851224866183127e-01
1.729166666666666519e+00,-6.612124757633372485e-02
1.750000000000000000e+00,-5.139363227073834306e-01
1.770833333333333259e+00,2.347247986655397467e-01
1.791666666666666519e+00,4.264635083788481662e-01
1.812500000000000000e+00,-3.382264959310414820e-01
1.833333333333333259e+00,-2.494329344098831225e-01
1.854166666666666519e+00,4.883744375213072697e-01
1.875000000000000000e+00,-4.227514286136500876e-02
1.895833333333333259e+00,-5.281784519832748437e-01
1.916666666666666519e+00,2.280784129580449293e-01
1.937500000000000000e+00,4.252239736862546970e-01
1.958333333333333259e+00,-3.118289686066382238e-01
1.979166666666666519e+00,-2.732928428170768864e-01
2.000000000000000000e+00,4.773183110063847767e-01
2.020833333333333037e+00,-5.013730404237103089e-02
2.041666666666666519e+00,-4.918071512782912769e-01
2.062500000000000000e+00,2.580497094131478653e-01
2.083333333333333037e+00,3.788696636000145057e-01
2.104166666666666519e+00,-3.834899732984323739e-01
2.125000000000000000e+00,-1.630211803924173641e-01
2.145833333333333037e+00,5.251725406860402456e-01
2.166666666666666519e+00,-1.694353059141185669e-01
2.187500000000000000e+00,-4.874420603662711349e-01
2.208333333333333037e+00,2.704031756999030200e-01
2.229166666666666519e+00,3.343229406102997681e-01
2.250000000000000000e+00,-3.976946955459313426e-01
2.270833333333333037e+00,-1.044947627849186211e-01
2.291666666666666519e+00,5.164431506466379274e-01
2.312500000000000000e+00,-2.605044001986222546e-01
2.333333333333333037e+00,-3.846818729768506917e-01
2.354166666666666519e+00,3.669303536739084715e-01
2.375000000000000000e+00,1.809485895333727556e-01
2.395833333333333037e+00,-5.522002631556280905e-01
2.416666666666666519e+00,1.800403330525394419e-01
2.437500000000000000e+00,4.774372010655169030e-01
2.458333333333333037e+00,-2.552959852954271858e-01
2.479166666666666519e+00,-3.603065446200441890e-01
2.500000000000000000e+00,4.002914783763578677e-01
2.520833333333333037e+00,1.144227946206634594e-01
2.541666666666666519e+00,-5.293970154449839649e-01
2.562500000000000000e+00,2.126332363672685244e-01
2.583333333333333037e+00,4.584444525671290682e-01
2.604166666666666519e+00,-3.023534337410875850e-01
2.625000000000000000e+00,-3.069765100061903063e-01
2.645833333333333037e+00,4.340861927893908678e-01
2.666666666666666519e+00,5.387756370378099513e-02
2.687500000000000000e+00,-5.372412954651375472e-01
2.708333333333333037e+00,2.152240310411642765e-01
2.729166666666666519e+00,4.349895673328020851e-01
2.750000000000000000e+00,-2.992581092125831677e-01
2.770833333333333037e+00,-2.910213665391034876e-01
2.791666666666666519e+00,4.723208954981137353e-01
2.812500000000000000e+00,-1.483840133731156863e-02
2.833333333333333037e+00,-5.296135968769346558e-01
2.854166666666666519e+00,2.047601598709832271e-01
2.875000000000000000e+00,4.689532191822027851e-01
2.895833333333333037e+00,-2.900896211515181511e-01
2.916666666666666519e+00,-3.321647530133191029e-01
2.937500000000000000e+00,4.131599204099413170e-01
2.958333333333333037e+00,1.001271178051031940e-01
2.979166666666666519e+00,-5.412703743547447877e-01
3.000000000000000000e+00,2.129593201524208890e-01
3.020833333333333037e+00,4.459420269393613578e-01
3.041666666666666519e+00,-2.853649436041390541e-01
3.062500000000000000e+00,-3.057981321150332610e-01
3.083333333333333037e+00,4.475619140538485974e-01
3.104166666666666519e+00,1.271259493150969644e-02
3.125000000000000000e+00,-5.038475679116137806e-01
3.145833333333333037e+00,2.465073957317273634e-01
3.166666666666666519e+00,4.047203061892490350e-01
3.187500000000000000e+00,-3.583350052173454037e-01
3.208333333333333037e+00,-2.087187411480401766e-01
3.229166666666666519e+00,5.222144601261378138e-01
3.250000000000000000e+00,-1.187550640052905393e-01
3.270833333333333037e+00,-5.163271006695525633e-01
3.291666666666666519e+00,2.399331972192147167e-01
3.312500000000000000e+00,4.012463165206999749e-01
3.333333333333333037e+00,-3.364823535410449429e-01
3.354166666666666519e+00,-2.327483070790601349e-01
3.375000000000000000e+00,5.245287829377220934e-01
3.395833333333333037e+00,-1.349402552257679688e-01
3.416666666666666519e+00,-4.819354642327368654e-01
3.437500000000000000e+00,2.752193240464546053e-01
3.458333333333333037e+00,3.466171051295843242e-01
3.479166666666666519e+00,-4.295382021390162786e-01
3.500000000000000000e+00,-7.668070346736698129e-02
3.520833333333333037e+00,5.248388006440402043e-01
3.541666666666666519e+00,-2.209406898932875785e-01
3.562500000000000000e+00,-4.560021365308715158e-01
3.583333333333333037e+00,3.066825161258730503e-01
3.604166666666666519e+00,2.694106715974695088e-01
3.625000000000000000e+00,-4.616105749680543546e-01
3.645833333333333037e+00,2.577277319091193786e-02
3.666666666666666519e+00,5.008780395103085148e-01
3.687500000000000000e+00,-2.775568258073730643e-01
3.708333333333333037e+00,-3.589738857611847189e-01
3.729166666666666519e+00,3.955734605245704305e-01
3.750000000000000000e+00,1.291987058452141457e-01
3.770833333333333037e+00,-5.532271064979690234e-01
3.791666666666666519e+00,2.072531918607481427e-01
3.812500000000000000e+00,4.535961840698543024e-01
3.833333333333333037e+00,-2.843529467808715294e-01
3.854166666666666519e+00,-3.264306342189626786e-01
3.875000000000000000e+00,4.357635720255063072e-01
3.895833333333333037e+00,3.642816400142408206e-02
3.916666666666666519e+00,-5.095740877818606407e-01
3.937500000000000000e+00,2.472954013406605811e-01
3.958333333333333037e+00,4.010226547361706029e-01
3.979166666666666519e+00,-3.694155621590781147e-01
4.000000000000000000e+00,-1.879174141467216674e-01
4.020833333333333037e+00,5.179396338631314656e-01
4.041666666666666075e+00,-1.518708051507986767e-01
4.062500000000000000e+00,-4.822261484018927069e-01
4.083333333333333037e+00,2.779348577410707954e-01
4.104166666666666075e+00,3.278786170751202267e-01
4.125000000000000000e+00,-4.118574538926786932e-01
4.145833333333333037e+00,-9.717718093678462399e-02
4.166666666666666075e+00,5.336301084729477839e-01
4.187500000000000000e+00,-2.345092691022032660e-01
4.208333333333333037e+00,-4.245821603779348363e-01
4.229166666666666075e+00,3.345592718825642908e-01
4.250000000000000000e+00,2.348201003578284096e-01
4.270833333333333037e+00,-5.399563032986876010e-01
4.291666666666666075e+00,1.231186404778833177e-01
4.312500000000000000e+00,4.994021197860842309e-01
4.333333333333333037e+00,-2.406655375017348053e-01
4.354166666666666075e+00,-3.969146147487117582e-01
4.375000000000000000e+00,3.637221116649757002e-01
4.395833333333333037e+00,1.694728049480737908e-01
4.416666666666666075e+00,-5.209076964654746345e-01
4.437500000000000000e+00,1.536928993280795852e-01
4.458333333333333037e+00,4.802076397819747267e-01
4.479166666666666075e+00,-2.922022421129755743e-01
4.500000000000000000e+00,-3.324676824471327619e-01
4.520833333333333037e+00,4.230672211835644347e-01
4.541666666666666075e+00,7.762500070423143661e-02
4.562500000000000000e+00,-5.490226628644829798e-01
4.583333333333333037e+00,2.112628001335956074e-01
4.604166666666666075e+00,4.494570383852369844e-01
4.625000000000000000e+00,-2.922919733909186135e-01
4.645833333333333037e+00,-3.197352692599245705e-01
4.666666666666666075e+00,4.499727599499232511e-01
4.687500000000000000e+00,2.771713908193879083e-02
4.708333333333333037e+00,-5.222805634377292172e-01
4.729166666666666075e+00,2.348271810478849142e-01
4.750000000000000000e+00,4.316623059534770435e-01
4.770833333333333037e+00,-3.383940022040781148e-01
4.791666666666666075e+00,-2.393074945424557565e-01
4.812500000000000000e+00,5.187707648949986261e-01
4.833333333333333037e+00,-9.291570853719857692e-02
4.854166666666666075e+00,-5.448795850364833715e-01
4.875000000000000000e+00,2.221580271676590335e-01
4.895833333333333037e+00,4.360056549601863396e-01
4.916666666666666075e+00,-3.030479129238938807e-01
4.937500000000000000e+00,-2.939952306485968392e-01
4.958333333333333037e+00,4.636834648264910319e-01
4.979166666666666075e+00,-2.285502619098632449e-02
5.000000000000000000e+00,-4.937500522471225950e-01
5.020833333333333037e+00,2.658006248629992685e-01
5.041666666666666075e+00,3.665232406039519719e-01
5.062500000000000000e+00,-4.178091700961944488e-01
5.083333333333333037e+00,-1.101832729257096466e-01
5.104166666666666075e+00,5.205787786916764581e-01
5.125000000000000000e+00,-2.139624847168984101e-01
5.145833333333333037e+00,-4.450045639155025823e-01
5.166666666666666075e+00,3.087590846399865252e-01
5.187500000000000000e+00,2.740576805491731771e-01
5.208333333333333037e+00,-4.606573748839317695e-01
5.229166666666666075e+00,1.180543653923347980e-02
5.250000000000000000e+00,5.247163887999682919e-01
5.270833333333333037e+00,-2.276471841158254350e-01
5.291666666666666075e+00,-4.254956326657949317e-01
5.312500000000000000e+00,3.315636935385539164e-01
5.333333333333333037e+00,2.619335777567747270e-01
5.354166666666666075e+00,-4.835591792853705106e-01
5.375000000000000000e+00,5.668567304471000545e-02
5.395833333333333037e+00,5.180274802672425460e-01
5.416666666666666075e+00,-2.305727661640403769e-01
5.437500000000000000e+00,-4.203953921025083140e-01
5.458333333333333037e+00,3.498623597241859451e-01
5.479166666666666075e+00,2.437719483731869696e-01
5.500000000000000000e+00,-5.040109652252490191e-01
5.520833333333333037e+00,8.016011881566842412e-02
5.541666666666666075e+00,5.179706926740383910e-01
5.562500000000000000e+00,-2.269875315598360865e-01
5.583333333333333037e+00,-4.113972578876664010e-01
5.604166666666666075e+00,3.523209883789533703e-01
5.625000000000000000e+00,2.194404497665412568e-01
5.645833333333333037e+00,-5.200511438071653281e-01
5.666666666666666075e+00,1.309307019651584081e-01
5.687500000000000000e+00,4.941713820504601284e-01
5.708333333333333037e+00,-2.579502481533148539e-01
5.729166666666666075e+00,-3.706659362713015660e-01
5.750000000000000000e+00,4.043946881314200437e-01
5.770833333333333037e+00,1.382752819523880849e-01
5.791666666666666075e+00,-5.457820586416097797e-01
5.812500000000000000e+00,2.290011397852160790e-01
5.833333333333333037e+00,4.651537588098578202e-01
5.854166666666666075e+00,-2.835748051675728854e-01
5.875000000000000000e+00,-2.988070269971339621e-01
5.895833333333333037e+00,4.574219142011326511e-01
5.916666666666666075e+00,1.380558548791276097e-02
5.937500000000000000e+00,-5.127535126142624966e-01
5.958333333333333037e+00,2.537056093561597114e-01
5.979166666666666075e+00,3.833252154166986725e-01
6.000000000000000000e+00,-3.598397684733429802e-01
6.020833333333333037e+00,-1.719725622428338319e-01
6.041666666666666075e+00,5.325243644297084078e-01
6.062500000000000000e+00,-1.779679721392254110e-01
6.083333333333333037e+00,-4.624566359325921194e-01
6.104166666666666075e+00,3.048320672454593039e-01
6.125000000000000000e+00,3.097918154464583962e-01
6.145833333333333037e+00,-4.370522325910625172e-01
6.166666666666666075e+00,-5.071218455931625346e-02
6.187500000000000000e+00,5.337330185100138680e-01
6.208333333333333037e+00,-2.251827337661932993e-01
6.229166666666666075e+00,-4.257300599016756171e-01
6.250000000000000000e+00,3.097404064639338594e-01
6.270833333333333037e+00,2.738957561564683285e-01
6.291666666666666075e+00,-4.781204415561423060e-01
6.312500000000000000e+00,4.484017823596903041e-02
6.333333333333333037e+00,5.000770712799812445e-01
6.354166666666666075e+00,-2.413494878293421519e-01
6.375000000000000000e+00,-3.979871186911551617e-01
6.395833333333333037e+00,3.625648268788078665e-01
6.416666666666666075e+00,1.840748763835323154e-01
6.437500000000000000e+00,-5.245812778473000204e-01
6.458333333333333037e+00,1.449968745444499552e-01
6.479166666666666075e+00,4.943891191459047763e-01
6.500000000000000000e+00,-2.664070868567468553e-01
6.520833333333333037e+00,-3.464018899509750948e-01
6.541666666666666075e+00,3.920907312833847858e-01
6.562500000000000000e+00,1.342798312989016973e-01
6.583333333333333037e+00,-5.360071770042850181e-01
6.604166666666666075e+00,2.396026960188663291e-01
6.625000000000000000e+00,4.320402951376322020e-01
6.645833333333333037e+00,-3.233819771416276412e-01
6.666666666666666075e+00,-2.627290161276049085e-01
6.687500000000000000e+00,5.016425509061397392e-01
6.708333333333333037e+00,-6.156448549187161501e-02
6.729166666666666075e+00,-5.082269374721912758e-01
6.750000000000000000e+00,2.354917713240364530e-01
6.770833333333333037e+00,4.228758819923946755e-01
6.791666666666666075e+00,-3.349658804494621833e-01
6.812500000000000000e+00,-2.204247590408792423e-01
6.833333333333333037e+00,5.174330526057165924e-01
6.854166666666666075e+00,-1.017611064192332354e-01
6.875000000000000000e+00,-5.143210052913476105e-01
6.895833333333333037e+00,2.656458484384047747e-01
6.916666666666666075e+00,3.830720387364858759e-01
6.937500000000000000e+00,-3.772600210093313700e-01
6.958333333333333037e+00,-1.692923576731696356e-01
6.979166666666666075e+00,5.539133790514128020e-01
7.000000000000000000e+00,-2.065903255613788791e-01
7.020833333333333037e+00,-4.539027571721602206e-01
7.041666666666666075e+00,2.862445502664290875e-01
7.062500000000000000e+00,3.243996105391515061e-01
7.083333333333333037e+00,-4.347472079744269524e-01
7.104166666666666075e+00,-4.758078640591301145e-02
7.125000000000000000e+00,5.165807590022828411e-01
7.145833333333333037e+00,-2.365279231379993630e-01
7.166666666666666075e+00,-4.218639994890038269e-01
7.187500000000000000e+00,3.493200510135353598e-01
7.208333333333333037e+00,2.292118623070147354e-01
7.229166666666666075e+00,-5.184831769802682455e-01
7.250000000000000000e+00,9.535544211847879481e-02
7.270833333333333037e+00,5.182425258704866922e-01
7.291666666666666075e+00,-2.346310416971306712e-01
7.312500000000000000e+00,-3.992559567194209902e-01
7.333333333333333037e+00,3.344543902370407107e-01
7.354166666666666075e+00,2.229814881239267632e-01
7.375000000000000000e+00,-5.381716053328130522e-01
7.395833333333333037e+00,1.486921690419200914e-01
7.416666666666666075e+00,4.916990544371626082e-01
7.437500000000000000e+00,-2.665469690429252969e-01
7.458333333333333037e+00,-3.751990686623088433e-01
7.479166666666666075e+00,3.959605388894841260e-01
7.500000000000000000e+00,1.310323417455294404e-01
7.520833333333333037e+00,-5.252463199756949308e-01
7.541666666666666075e+00,2.171481093594626044e-01
7.562500000000000000e+00,4.588921747486757741e-01
7.583333333333333037e+00,-3.030722761359320172e-01
7.604166666666666075e+00,-2.786949537969344859e-01
7.625000000000000000e+00,4.546379767948236506e-01
7.645833333333333037e+00,2.186617665578205472e-03
7.666666666666666075e+00,-5.118316653451644438e-01
7.687500000000000000e+00,2.639255311650923752e-01
7.708333333333333037e+00,3.747899936922150510e-01
7.729166666666666075e+00,-3.782985991799452941e-01
7.750000000000000000e+00,-1.609777961653245382e-01
7.770833333333333037e+00,5.585023699679592113e-01
7.791666666666666075e+00,-1.994655846484881534e-01
7.812500000000000000e+00,-4.743906961922220722e-01
7.833333333333333037e+00,2.756735702353371731e-01
7.854166666666666075e+00,3.471038292148506121e-01
7.875000000000000000e+00,-4.107300108387101356e-01
7.895833333333333037e+00,-8.518697520848918237e-02
7.916666666666666075e+00,5.165484933264374856e-01
7.937500000000000000e+00,-2.241877582900316246e-01
7.958333333333333037e+00,-4.389534183732797801e-01
7.979166666666666075e+00,3.192267864293769075e-01
8.000000000000000000e+00,2.775179688511106857e-01
8.020833333333332149e+00,-4.636073208106394894e-01
8.041666666666666075e+00,-2.568374048828245271e-03
8.062500000000000000e+00,5.432748328126478787e-01
8.083333333333332149e+00,-2.182681593532560804e-01
8.104166666666666075e+00,-4.390376611098177340e-01
8.125000000000000000e+00,2.956492521449067268e-01
8.145833333333332149e+00,2.955846380915999050e-01
8.166666666666666075e+00,7.242572029238009135e-01
8.187500000000000000e+00,1.858108136496403384e+00
8.208333333333332149e+00,1.230003043358830706e+00
8.229166666666666075e+00,5.309207032279245064e-01
8.250000000000000000e+00,-3.480456681521487683e-02
8.270833333333332149e+00,-2.612841743487435142e-01
8.291666666666666075e+00,4.284088999429238598e-01
8.312500000000000000e+00,2.455711410157295493e-01
8.333333333333332149e+00,-7.558259001596262516e-02
8.354166666666666075e+00,1.440906064514194396e-01
8.375000000000000000e+00,3.694099296827857981e-01
8.395833333333332149e+00,-4.617976470355823759e-02
8.416666666666666075e+00,1.679290753610209186e-01
8.437500000000000000e+00,4.109766486198143109e-01
8.458333333333332149e+00,-2.764775841059017858e-01
8.479166666666666075e+00,3.202345746777309626e-02
8.500000000000000000e+00,5.746989798870186794e-01
8.520833333333332149e+00,1.158515665881931223e-01
8.541666666666666075e+00,-4.828047451066125317e-01
8.562500000000000000e+00,4.329136747393583784e-01
8.583333333333332149e+00,4.969567190978713134e-01
8.604166666666666075e+00,2.417808588401779146e-03
8.625000000000000000e+00,-4.048048576822959599e-01
8.645833333333332149e+00,5.099008470314342345e-01
8.666666666666666075e+00,2.448460842929170989e-01
8.687500000000000000e+00,-9.879368024439889873e-02
8.708333333333332149e+00,-3.926043692566896781e-02
8.729166666666666075e+00,2.397691639712673517e-01
8.750000000000000000e+00,1.658813119810590431e-01
8.770833333333332149e+00,-1.982788961177872067e-01
8.791666666666666075e+00,4.554876651762815309e-02
8.812500000000000000e+00,3.906752284681547227e-01
8.833333333333332149e+00,1.198904040495143153e-01
8.854166666666666075e+00,-3.317927988770553727e-01
8.875000000000000000e+00,2.628479269389051853e-01
8.895833333333332149e+00,3.630826306235949152e-01
8.916666666666666075e+00,7.480509295370918466e-02
8.937500000000000000e+00,-3.353495728329750070e-01
8.958333333333332149e+00,3.619917908621955727e-01
8.979166666666666075e+00,2.953731255120014554e-01
9.000000000000000000e+00,-7.313648590001470273e-02
9.020833333333332149e+00,-2.872751992560655665e-02
9.041666666666666075e+00,3.104143352631039132e-01
9.062500000000000000e+00,-1.012900139039957237e-01
9.083333333333332149e+00,6.529317842352880263e-02
9.104166666666666075e+00,3.161100621353551410e-01
9.125000000000000000e+00,-1.981331514382682346e-01
9.145833333333332149e+00,2.726589504673067321e-02
9.166666666666666075e+00,5.249583664588157728e-01
9.187500000000000000e+00,1.931032903125879108e-01
9.208333333333332149e+00,-1.754013381890355827e-01
9.229166666666666075e+00,1.852181356169895210e-01
9.250000000000000000e+00,2.741985573186456748e-01
9.270833333333332149e+00,5.203089066552575581e-02
9.291666666666666075e+00,-2.226060093749121505e-03
9.312500000000000000e+00,1.145096858115631500e-01
9.333333333333332149e+00,2.225544283526794953e-01
9.354166666666666075e+00,6.944790049393365083e-02
9.375000000000000000e+00,-3.719847216558405667e-02
9.395833333333332149e+00,2.315079593814718395e-01
9.416666666666666075e+00,1.975132963498854588e-01
9.437500000000000000e+00,-4.966706532390281759e-02
9.458333333333332149e+00,7.515145828039718201e-02
9.479166666666666075e+00,2.995767233957612463e-01
9.500000000000000000e+00,6.397790781684223327e-02
9.520833333333332149e+00,-1.053588581965752835e-01
9.541666666666666075e+00,2.970133103928401241e-01
9.562500000000000000e+00,2.599785000440734128e-01
9.583333333333332149e+00,-6.168667257501327106e-02
9.604166666666666075e+00,6.305992445208859210e-02
9.625000000000000000e+00,4.019874719110347883e-01
9.645833333333332149e+00,4.142896987926060481e-02
9.666666666666666075e+00,-1.125279491132898796e-01
9.687500000000000000e+00,4.042184805256088254e-01
9.708333333333332149e+00,9.000670978480705686e-02
9.729166666666666075e+00,-9.250174016560719359e-02
9.750000000000000000e+00,3.588791286806483627e-01
9.770833333333332149e+00,1.143055120777192735e-01
9.791666666666666075e+00,-1.053876071391368352e-01
9.812500000000000000e+00,3.591200205109745802e-01
9.833333333333332149e+00,1.766113437340615655e-01
9.854166666666666075e+00,-8.967729942598266779e-02
9.875000000000000000e+00,2.954209634752324454e-01
9.895833333333332149e+00,2.787442015108559379e-01
9.916666666666666075e+00,-2.391817870539743318e-02
9.937500000000000000e+00,1.712611170826705553e-01
9.958333333333332149e+00,3.144430609824366840e-01
9.979166666666666075e+00,6.810371398517228725e-02
1.000000000000000000e+01,7.680501726242930371e-02
1.002083333333333215e+01,3.302497048536386925e-01
1.004166666666666607e+01,7.205066311005464685e-02
1.006250000000000000e+01,5.153795609315836579e-02
1.008333333333333215e+01,3.677925388861951195e-01
1.010416666666666607e+01,-4.161684474917985710e-03
1.012500000000000000e+01,-2.260065311253514342e-01
1.014583333333333215e+01,7.732889833817150338e-01
1.016666666666666607e+01,1.319297729106861661e-01
1.018750000000000000e+01,-3.086814662473327808e-01
1.020833333333333215e+01,2.546853676400002708e-01
1.022916666666666607e+01,2.068954484707802022e-01
1.025000000000000000e+01,-2.684631776880807008e-01
1.027083333333333215e+01,3.998646089710947843e-02
1.029166666666666607e+01,4.157790132231136138e-01
1.031250000000000000e+01,2.241390602479878535e-02
1.033333333333333215e+01,-4.390077684994057039e-01
1.035416666666666607e+01,3.387640110934437843e-01
1.037500000000000000e+01,4.238796899273792329e-01
1.039583333333333215e+01,7.524310519249352569e-02
1.041666666666666607e+01,-5.232061080701548850e-01
1.043750000000000000e+01,4.098856812182463116e-01
1.045833333333333215e+01,4.596718103028764602e-01
1.047916666666666607e+01,9.969151004581448816e-02
1.050000000000000000e+01,-4.894237877268308168e-01
1.052083333333333215e+01,3.751400807716375185e-01
1.054166666666666607e+01,4.634571773872994682e-01
1.056250000000000000e+01,1.251924510488520437e-01
1.058333333333333215e+01,-4.417052168274199220e-01
1.060416666666666607e+01,3.014186141393356277e-01
1.062500000000000000e+01,4.689346353354137409e-01
1.064583333333333215e+01,1.266157416748103226e-01
1.066666666666666607e+01,-4.372598689418886186e-01
1.068750000000000000e+01,3.677839223577016869e-01
1.070833333333333215e+01,4.435572183411908842e-01
1.072916666666666607e+01,2.062765113710771092e-02
1.075000000000000000e+01,-4.150921138506270536e-01
1.077083333333333215e+01,4.559278085434552152e-01
1.079166666666666607e+01,3.909946628553248038e-01
1.081250000000000000e+01,-9.079808876779513205e-02
1.083333333333333215e+01,-2.313740494005576132e-01
1.085416666666666607e+01,4.782775005358297360e-01
1.087500000000000000e+01,2.271411733078664286e-01
1.089583333333333215e+01,-2.608131240164693332e-01
1.091666666666666607e+01,1.074036012784018168e-01
1.093750000000000000e+01,4.619552535169621499e-01
1.095833333333333215e+01,2.231401026558391398e-01
1.097916666666666607e+01,-2.348146170307190417e-01
1.100000000000000000e+01,9.435106718302732620e-02
1.102083333333333215e+01,4.495049471842626487e-01
1.104166666666666607e+01,2.259157368865866156e-01
1.106250000000000000e+01,-2.243150714600479767e-01
1.108333333333333215e+01,1.565924473080026191e-01
1.110416666666666607e+01,4.382192111807327595e-01
1.112500000000000000e+01,1.141428816808148228e-01
1.114583333333333215e+01,-2.231919171217599529e-01
1.116666666666666607e+01,2.844682342571775990e-01
1.118750000000000000e+01,3.854524408797016521e-01
1.120833333333333215e+01,4.242038665055815339e-02
1.122916666666666607e+01,-2.248563396403741865e-01
1.125000000000000000e+01,3.465848030537662661e-01
1.127083333333333215e+01,3.368417149017007839e-01
1.129166666666666607e+01,6.519760498515839164e-03
1.131250000000000000e+01,-9.377198890325641467e-02
1.133333333333333215e+01,3.352218323363724273e-01
1.135416666666666607e+01,2.200367091759868887e-01
1.137500000000000000e+01,-1.164581073106172593e-01
1.139583333333333215e+01,1.620339320654176352e-01
1.141666666666666607e+01,3.787783381384769998e-01
1.143750000000000000e+01,6.199299560573033607e-02
1.145833333333333215e+01,-1.415134550790254075e-01
1.147916666666666607e+01,3.444674732811784379e-01
1.150000000000000000e+01,3.109867713093032449e-01
1.152083333333333215e+01,1.972526239053420949e-02
1.154166666666666607e+01,-3.614072830258489855e-02
1.156250000000000000e+01,3.470237858422476895e-01
1.158333333333333215e+01,2.793865334016236712e-01
1.160416666666666607e+01,2.605264424179853933e-03
1.162500000000000000e+01,6.734819741347149169e-02
1.164583333333333215e+01,3.426223228469219562e-01
1.166666666666666607e+01,2.048225562916456133e-01
1.168750000000000000e+01,-4.657972579758326570e-02
1.170833333333333215e+01,2.016363507993426674e-01
1.172916666666666607e+01,3.012305600891657664e-01
1.175000000000000000e+01,-3.567184240017384766e-01
1.177083333333333215e+01,1.630912310543990995e-01
1.179166666666666607e+01,4.070170346038536335e-01
1.181250000000000000e+01,1.556339292126864005e-02
1.183333333333333215e+01,-4.947586571286439749e-01
1.185416666666666607e+01,3.587535008859807362e-01
1.187500000000000000e+01,3.128380843356892704e-01
1.189583333333333215e+01,-1.204331828694951145e-01
1.191666666666666607e+01,-2.656407351458888733e-01
1.193750000000000000e+01,3.529315815805895706e-01
1.195833333333333215e+01,1.065886466239397423e-01
1.197916666666666607e+01,-3.312643906833198093e-01
1.200000000000000000e+01,1.255345096448879927e-01
1.202083333333333215e+01,3.545769828100930887e-01
1.204166666666666607e+01,-4.366224288592443492e-04
1.206250000000000000e+01,-3.597175015039784096e-01
1.208333333333333215e+01,3.010753002120190036e-01
1.210416666666666607e+01,3.099431487895218384e-01
1.212500000000000000e+01,-3.348622219472945083e-02
1.214583333333333215e+01,-3.489354876186553378e-01
1.216666666666666607e+01,3.782046314415870025e-01
1.218750000000000000e+01,2.153308859535571773e-01
1.220833333333333215e+01,-1.805601125730459944e-01
1.222916666666666607e+01,-7.074821302295204728e-02
1.225000000000000000e+01,3.651267752320287441e-01
1.227083333333333215e+01,2.512705791441521841e-02
1.229166666666666607e+01,-3.661959760103696282e-01
1.231250000000000000e+01,2.493648115877524218e-01
1.233333333333333215e+01,4.184123095667978687e-01
1.235416666666666607e+01,5.572197385188033814e-02
1.237500000000000000e+01,-4.883176750017866885e-01
1.239583333333333215e+01,4.017474105643450977e-01
1.241666666666666607e+01,3.129045200623531420e-01
1.243750000000000000e+01,-4.608476321914435625e-02
1.245833333333333215e+01,-3.291658277289289392e-01
1.247916666666666607e+01,4.643409411806215248e-01
1.250000000000000000e+01,1.904326912858446130e-01
1.252083333333333215e+01,-3.714577420692112830e-01
1.254166666666666607e+01,1.682327844493340385e-01
1.256250000000000000e+01,4.251006355325231967e-01
1.258333333333333215e+01,1.374751795989861969e-01
1.260416666666666607e+01,-4.019246761834630588e-01
1.262500000000000000e+01,2.081458559852928381e-01
1.264583333333333215e+01,4.010375218722805335e-01
1.266666666666666607e+01,1.016684592766596701e-01
1.268750000000000000e+01,-2.811687223915840805e-01
1.270833333333333215e+01,1.764435867869366958e-01
1.272916666666666607e+01,3.904224942815955335e-01
1.275000000000000000e+01,1.426741461495140140e-01
1.277083333333333215e+01,-3.682716202954410267e-01
1.279166666666666607e+01,2.404021954766868141e-01
1.281250000000000000e+01,3.960141066192971460e-01
1.283333333333333215e+01,1.450507413036368209e-01
1.285416666666666607e+01,-3.507713548224407063e-01
1.287500000000000000e+01,2.458661141836650521e-01
1.289583333333333215e+01,4.045722044695164721e-01
1.291666666666666607e+01,1.482491922918921790e-01
1.293750000000000000e+01,-3.199750036474675596e-01
1.295833333333333215e+01,2.255147917388379275e-01
1.297916666666666607e+01,3.626511604259138322e-01
1.300000000000000000e+01,1.319476282958802760e-01
1.302083333333333215e+01,-3.326697083886336337e-01
1.304166666666666607e+01,2.894736414728951157e-01
1.306250000000000000e+01,3.931922333965666150e-01
1.308333333333333215e+01,1.603790887902544482e-01
1.310416666666666607e+01,-2.541075274619355451e-01
1.312500000000000000e+01,2.084144399787646873e-01
1.314583333333333215e+01,3.862543737673322930e-01
1.316666666666666607e+01,1.897387371266450740e-01
1.318750000000000000e+01,-1.959246695166172725e-01
1.320833333333333215e+01,1.525228588565129551e-01
1.322916666666666607e+01,3.596959718140885776e-01
1.325000000000000000e+01,2.154854137105865763e-01
1.327083333333333215e+01,-1.485597171500722957e-01
1.329166666666666607e+01,8.577217295623074111e-02
1.331250000000000000e+01,3.520856984743442331e-01
1.333333333333333215e+01,2.524889308886943962e-01
1.335416666666666607e+01,-9.138016960700233449e-02
1.337500000000000000e+01,7.987188211106832636e-03
1.339583333333333215e+01,3.532814030213733969e-01
1.341666666666666607e+01,2.304729178286679669e-01
1.343750000000000000e+01,-8.040408261418163782e-02
1.345833333333333215e+01,8.647641945143028086e-02
1.347916666666666607e+01,3.402256435554227854e-01
1.350000000000000000e+01,1.830978041072416351e-01
1.352083333333333215e+01,-1.078074776550300984e-01
1.354166666666666607e+01,2.536744949047642361e-01
1.356250000000000000e+01,3.424288530203044023e-01
1.358333333333333215e+01,9.959157590395711912e-02
1.360416666666666607e+01,-1.253506003077551056e-01
1.362500000000000000e+01,2.838305449141561576e-01
1.364583333333333215e+01,2.856184936766006377e-01
1.366666666666666607e+01,6.133161882784129992e-02
1.368750000000000000e+01,6.905829833183219080e-03
1.370833333333333215e+01,2.913689157781565453e-01
1.372916666666666607e+01,2.390716876501924049e-01
1.375000000000000000e+01,-1.126586939857897596e-01
1.377083333333333215e+01,3.617769190767805565e-02
1.379166666666666607e+01,2.355299713308177390e-02
1.381250000000000000e+01,6.167882380257283526e-03
1.383333333333333215e+01,-1.128279270637335546e-02
1.385416666666666607e+01,3.244814884742857480e-02
1.387500000000000000e+01,-5.781371393433420297e-02
1.389583333333333215e+01,-8.437327425344226528e-03
1.391666666666666607e+01,3.938612198347371529e-02
1.393750000000000000e+01,7.405383565619362563e-02
1.395833333333333215e+01,-3.178914827978826518e-02
1.397916666666666607e+01,-7.880180090735100507e-02
1.400000000000000000e+01,1.612685609717384727e-01
1.402083333333333215e+01,-3.123971161727198687e-02
1.404166666666666607e+01,-1.116147341411581756e-01
1.406250000000000000e+01,1.382986283777144498e-01
1.408333333333333215e+01,1.123962729002284666e-01
1.410416666666666607e+01,-2.353083243751984410e-01
1.412500000000000000e+01,4.872518789465228595e-02
1.414583333333333215e+01,2.375255873813317542e-01
1.416666666666666607e+01,-9.884295289180747290e-02
1.418750000000000000e+01,-1.302203125843577336e-01
1.420833333333333215e+01,2.783456373350842727e-01
1.422916666666666607e+01,-4.938496399955760729e-02
1.425000000000000000e+01,-3.008123015302659464e-01
1.427083333333333215e+01,2.899327369456038417e-01
1.429166666666666607e+01,8.770058262854546483e-02
1.431250000000000000e+01,-3.326347658769666649e-01
1.433333333333333215e+01,2.613476023034443374e-01
1.435416666666666607e+01,1.784947142465817538e-01
1.437500000000000000e+01,-3.369720027593097744e-01
1.439583333333333215e+01,1.114535496641809731e-01
1.441666666666666607e+01,4.080953636541259089e-01
1.443750000000000000e+01,-2.016759156321309421e-01
1.445833333333333215e+01,-2.815758886873396261e-01
1.447916666666666607e+01,5.140509856752423223e-01
1.450000000000000000e+01,1.323084058934659579e-01
1.452083333333333215e+01,-4.674087789822957140e-01
1.454166666666666607e+01,2.549550005831734412e-01
1.456250000000000000e+01,2.907681128688435757e-01
1.458333333333333215e+01,-8.732059268079202241e-02
1.460416666666666607e+01,-2.304404625449280042e-01
1.462500000000000000e+01,3.356857390645475170e-01
1.464583333333333215e+01,5.072224286494993184e-02
1.466666666666666607e+01,-3.336076867202135143e-01
1.468750000000000000e+01,2.745619942457347418e-01
1.470833333333333215e+01,2.516390101561025716e-01
1.472916666666666607e+01,-9.794704408517794503e-02
1.475000000000000000e+01,-1.030045156659378514e-01
1.477083333333333215e+01,2.570400576968436823e-01
1.479166666666666607e+01,9.073121429742161959e-03
1.481250000000000000e+01,-1.795029554881809042e-01
1.483333333333333215e+01,1.515670175449119195e-01
1.485416666666666607e+01,1.569303030992597880e-01
1.487500000000000000e+01,-1.502350781921668321e-01
1.489583333333333215e+01,4.706081947180963676e-02
1.491666666666666607e+01,2.109828350244197792e-01
1.493750000000000000e+01,-8.677735722750355707e-02
1.495833333333333215e+01,-7.234830076495658846e-02
1.497916666666666607e+01,2.058968640780651782e-01
1.500000000000000000e+01,-4.283621198341233671e-03
1.502083333333333215e+01,-1.040844111883227757e-01
1.504166666666666607e+01,1.947427738806524200e-01
1.506250000000000000e+01,3.943060857545810372e-02
1.508333333333333215e+01,-7.909599590907269440e-02
1.510416666666666607e+01,1.739408879611918091e-01
1.512500000000000000e+01,5.174120543252477833e-02
1.514583333333333215e+01,-1.499142836521602795e-01
1.516666666666666607e+01,1.193304354074294360e-01
1.518750000000000000e+01,1.808742613095837559e-01
1.520833333333333215e+01,-2.099723084512348237e-01
1.522916666666666607e+01,5.519537887241797447e-02
1.525000000000000000e+01,2.885967346338784156e-01
1.527083333333333215e+01,-1.469279403703872833e-02
1.529166666666666607e+01,-2.123971953643229993e-01
1.531250000000000000e+01,2.495779158762490013e-01
1.533333333333333215e+01,1.120920582750124656e-01
1.535416666666666607e+01,-1.706826103357764468e-01
1.537500000000000000e+01,5.820523355788580211e-02
1.539583333333333215e+01,2.731134810621189679e-01
1.541666666666666607e+01,-3.452870474604084750e-02
1.543750000000000000e+01,-1.152571614329989808e-01
1.545833333333333215e+01,2.685006654446579488e-01
1.547916666666666607e+01,2.963478347978311389e-02
1.550000000000000000e+01,-2.265411461896372491e-01
1.552083333333333215e+01,2.947925405800674858e-01
1.554166666666666607e+01,1.479998898532525475e-01
1.556250000000000000e+01,-2.598459179770654104e-01
1.558333333333333215e+01,1.397087220350631542e-01
1.560416666666666607e+01,3.679068735696701120e-01
1.562500000000000000e+01,-1.323555855689804162e-01
1.564583333333333215e+01,-1.801320504811265710e-01
1.566666666666666607e+01,3.989218764522862726e-01
1.568750000000000000e+01,1.363994908958851560e-01
1.570833333333333215e+01,-3.530845792656396864e-01
1.572916666666666607e+01,2.839480336748675393e-01
1.575000000000000000e+01,3.442312894854118177e-01
1.577083333333333215e+01,8.199870822827601269e-02
1.579166666666666607e+01,-2.697864336259772067e-01
1.581250000000000000e+01,2.774082457322030182e-01
1.583333333333333215e+01,2.164334559442348260e-01
1.585416666666666607e+01,-2.984401783655582507e-03
1.587500000000000000e+01,-8.176908534299484610e-02
1.589583333333333215e+01,2.871514440939141322e-01
1.591666666666666607e+01,1.187167640314636952e-01
1.593750000000000000e+01,-2.222612526303664737e-01
1.595833333333333215e+01,2.216670252966232990e-01
1.597916666666666607e+01,3.184544784289486952e-01
1.600000000000000000e+01,1.435524724286457443e-01
1.602083333333333215e+01,-2.019401443532266027e-01
1.604166666666666430e+01,1.483573024219304037e-01
1.606250000000000000e+01,3.057436001288434402e-01
1.608333333333333215e+01,1.644534627495555235e-01
1.610416666666666430e+01,-2.144789387223252353e-01
1.612500000000000000e+01,1.747419925370591876e-01
1.614583333333333215e+01,3.311692160519464356e-01
1.616666666666666430e+01,2.004747082822020965e-01
1.618750000000000000e+01,-1.561913949272671631e-01
1.620833333333333215e+01,1.183574840690970326e-01
1.622916666666666430e+01,3.135594098279596009e-01
1.625000000000000000e+01,2.139354564821117077e-01
1.627083333333333215e+01,-1.214541544986467020e-01
1.629166666666666430e+01,1.014762999785359110e-01
1.631250000000000000e+01,3.075525570264148745e-01
1.633333333333333215e+01,2.248237155525078246e-01
1.635416666666666430e+01,-8.893136375473816024e-02
1.637500000000000000e+01,8.875854548901228325e-02
1.639583333333333215e+01,3.096396188740698219e-01
1.641666666666666430e+01,2.554910704935621224e-01
1.643750000000000000e+01,-2.517091062443811700e-02
1.645833333333333215e+01,1.814402710765103399e-02
1.647916666666666430e+01,2.716287595586751591e-01
1.650000000000000000e+01,2.322407718378094454e-01
1.652083333333333215e+01,-3.848920618547149730e-02
1.654166666666666430e+01,1.026151659393123028e-01
1.656250000000000000e+01,2.882172421564556108e-01
1.658333333333333215e+01,2.829020918049521827e-01
1.660416666666666430e+01,6.110908763470521143e-02
1.662500000000000000e+01,6.398732610537102850e-02
1.664583333333333215e+01,2.878441603949044025e-01
1.666666666666666430e+01,3.368385466336248912e-01
1.668750000000000000e+01,1.748052863852082306e-01
1.670833333333333215e+01,4.838048469452368994e-02
1.672916666666666430e+01,1.228245991209476334e-01
1.675000000000000000e+01,-1.834349490026634943e-01
1.677083333333333215e+01,1.764447720373506778e-01
1.679166666666666430e+01,1.134370580386055288e-01
1.681250000000000000e+01,-2.164710544252040902e-01
1.683333333333333215e+01,9.436225320218477597e-02
1.685416666666666430e+01,2.484442183786184921e-01
1.687500000000000000e+01,-1.959615918566861847e-01
1.689583333333333215e+01,-5.680858251299161776e-02
1.691666666666666430e+01,3.807799754437946049e-01
1.693750000000000000e+01,-1.745715386384468770e-01
1.695833333333333215e+01,-1.632527112268310487e-01
1.697916666666666430e+01,4.800575286160027044e-01
1.700000000000000000e+01,-6.794340953042192488e-02
1.702083333333333215e+01,-4.204577009610999672e-01
1.704166666666666430e+01,4.594046777477017729e-01
1.706250000000000000e+01,2.384830415211536270e-01
1.708333333333333215e+01,-3.385899771787922452e-01
1.710416666666666430e+01,8.315883189003800413e-02
1.712500000000000000e+01,3.241246599181301646e-01
1.714583333333333215e+01,-5.802258005558821874e-03
1.716666666666666430e+01,-3.017487900731092854e-01
1.718750000000000000e+01,3.848763242573552956e-01
1.720833333333333215e+01,1.681289916964355813e-01
1.722916666666666430e+01,-2.689550627274001071e-01
1.725000000000000000e+01,1.465372857056891909e-01
1.727083333333333215e+01,3.686869311932388094e-01
1.729166666666666430e+01,2.687102683455895591e-02
1.731250000000000000e+01,-2.286846422006248436e-01
1.733333333333333215e+01,2.554145223402530807e-01
1.735416666666666430e+01,1.649115684637413315e-01
1.737500000000000000e+01,-9.269546505565032235e-02
1.739583333333333215e+01,5.810573472102110310e-02
1.741666666666666430e+01,2.054191067111395819e-01
1.743750000000000000e+01,-5.569762501317955528e-02
1.745833333333333215e+01,-1.893632730837850608e-02
1.747916666666666430e+01,2.815447835199993420e-01
1.750000000000000000e+01,-4.543573945526099833e-02
1.752083333333333215e+01,-1.508752915329820143e-01
1.754166666666666430e+01,3.561625321186233650e-01
1.756250000000000000e+01,9.564467541879265178e-02
1.758333333333333215e+01,-3.107028039184366874e-01
1.760416666666666430e+01,2.566606543175653510e-01
1.762500000000000000e+01,3.490880021244255338e-01
1.764583333333333215e+01,-1.339105360796611355e-01
1.766666666666666430e+01,-1.262006007971377963e-01
1.768750000000000000e+01,3.703083230018261451e-01
1.770833333333333215e+01,1.352258584971169353e-01
1.772916666666666430e+01,-3.347233600651853269e-01
1.775000000000000000e+01,3.082520283302025987e-01
1.777083333333333215e+01,3.442774662545763364e-01
1.779166666666666430e+01,1.071497288198922093e-01
1.781250000000000000e+01,-1.538281654344033633e-01
1.783333333333333215e+01,2.616061432636703210e-01
1.785416666666666430e+01,2.319158165346595912e-01
1.787500000000000000e+01,8.222479060184786914e-02
1.789583333333333215e+01,3.925774030773644674e-02
1.791666666666666430e+01,2.150213369423921161e-01
1.793750000000000000e+01,1.389469093750580475e-01
1.795833333333333215e+01,-3.633179336166719731e-02
1.797916666666666430e+01,1.774272410393863963e-01
1.800000000000000000e+01,2.081648997658899214e-01
1.802083333333333215e+01,1.187969585339450213e-01
1.804166666666666430e+01,-1.346334408046079290e-02
1.806250000000000000e+01,1.882326669227068483e-01
1.808333333333333215e+01,2.507491995064203838e-01
1.810416666666666430e+01,1.307710098724031988e-01
1.812500000000000000e+01,6.308685226472252050e-02
1.814583333333333215e+01,1.871752791898703139e-01
1.816666666666666430e+01,1.660079958761124796e-01
1.818750000000000000e+01,1.356443410622845680e-01
1.820833333333333215e+01,2.374643033132350922e-01
1.822916666666666430e+01,1.938655556949286929e-01
1.825000000000000000e+01,1.997511859362347264e-01
1.827083333333333215e+01,9.541912206070291003e-02
1.829166666666666430e+01,1.712857057395958116e-01
1.831250000000000000e+01,3.009297550485236505e-01
1.833333333333333215e+01,2.158921049766336642e-01
1.835416666666666430e+01,4.272856481369266546e-02
1.837500000000000000e+01,2.694420970813374283e-01
1.839583333333333215e+01,3.279200021901633733e-01
1.841666666666666430e+01,1.804648662546439464e-01
1.843750000000000000e+01,1.250528340580602804e-01
1.845833333333333215e+01,2.988300271410909703e-01
1.847916666666666430e+01,2.143697117445349798e-01
1.850000000000000000e+01,1.303458076670703791e-01
1.852083333333333215e+01,2.199755530478115229e-01
1.854166666666666430e+01,3.591336206550899690e-01
1.856250000000000000e+01,2.580363409020963728e-01
1.858333333333333215e+01,-1.445910189176433935e-01
1.860416666666666430e+01,2.033719357029868391e-01
1.862500000000000000e+01,1.778715221688185744e-01
1.864583333333333215e+01,-7.947909274879993990e-02
1.866666666666666430e+01,1.141869192042143932e-01
1.868750000000000000e+01,1.930686902210697053e-01
1.870833333333333215e+01,-1.505106787717404304e-02
1.872916666666666430e+01,1.463264738240090956e-01
1.875000000000000000e+01,2.131328725204669761e-01
1.877083333333333215e+01,-3.726487621237602188e-02
1.879166666666666430e+01,8.713504689878379117e-02
1.881250000000000000e+01,3.496282601917650723e-01
1.883333333333333215e+01,-1.050590854395259260e-01
1.885416666666666430e+01,-8.868525922975170617e-02
1.887500000000000000e+01,5.392333767497410335e-01
1.889583333333333215e+01,9.695123314217737875e-02
1.891666666666666430e+01,-3.074150929900720808e-01
1.893750000000000000e+01,4.611400572080081028e-01
1.895833333333333215e+01,3.423483286578578033e-01
1.897916666666666430e+01,-9.412801948631813187e-02
1.900000000000000000e+01,-1.302145413358406223e-02
1.902083333333333215e+01,3.904943981155641897e-01
1.904166666666666430e+01,2.049202474780109084e-01
1.906250000000000000e+01,-1.456561617667759823e-01
1.908333333333333215e+01,3.245457070198194405e-01
1.910416666666666430e+01,3.484822397721030196e-01
1.912500000000000000e+01,1.565203303979624538e-01
1.914583333333333215e+01,2.217915918543848786e-02
1.916666666666666430e+01,2.556578967099837341e-01
1.918750000000000000e+01,2.095830324211196971e-01
1.920833333333333215e+01,9.286021864039918639e-02
1.922916666666666430e+01,2.916401308405250359e-01
1.925000000000000000e+01,2.392933525193756683e-01
1.927083333333333215e+01,1.965434672351129008e-01
1.929166666666666430e+01,5.195174863299306667e-02
1.931250000000000000e+01,2.186510458487544439e-01
1.933333333333333215e+01,2.471130849138978569e-01
1.935416666666666430e+01,2.518172783696986938e-01
1.937500000000000000e+01,2.892904149331633201e-01
1.939583333333333215e+01,2.595918470429198210e-01
1.941666666666666430e+01,9.910129665017246292e-02
1.943750000000000000e+01,2.115795054236068173e-01
1.945833333333333215e+01,3.398656136698501307e-01
1.947916666666666430e+01,1.897832441164586936e-01
1.950000000000000000e+01,1.947635358088682100e-01
1.952083333333333215e+01,3.348490683188052874e-01
1.954166666666666430e+01,2.414212036728450028e-01
1.956250000000000000e+01,2.506849095793161064e-01
1.958333333333333215e+01,3.373558487781638804e-01
1.960416666666666430e+01,2.961883916476144574e-01
1.962500000000000000e+01,2.447063243059895976e-01
1.964583333333333215e+01,3.692290604201567961e-01
1.966666666666666430e+01,3.642204743220304186e-01
1.968750000000000000e+01,-1.097467831773090985e-01
1.970833333333333215e+01,-5.117953052065227215e-02
1.972916666666666430e+01,6.220782091029076755e-01
1.975000000000000000e+01,1.103978664471847726e-01
1.977083333333333215e+01,-3.691770307311367239e-01
1.979166666666666430e+01,5.851866863223382786e-01
1.981250000000000000e+01,4.513578142806389248e-01
1.983333333333333215e+01,9.383153468357677274e-03
1.985416666666666430e+01,4.921772243363645161e-02
1.987500000000000000e+01,4.217930607289658296e-01
1.989583333333333215e+01,2.279922200668296206e-01
1.991666666666666430e+01,-9.507712176174569485e-02
1.993750000000000000e+01,3.893041562006154255e-01
1.995833333333333215e+01,3.386976125519290948e-01
1.997916666666666430e+01,3.438202794412262286e-02
