0.000000000000000000e+00,1.096560081706861708e-13
2.083333333333333218e-02,9.595364288161910160e-13
4.166666666666666435e-02,2.649765359399803073e-12
6.250000000000000000e-02,4.931513107498720650e-12
8.333333333333332871e-02,7.137057244449250455e-12
1.041666666666666574e-01,8.199855019945337692e-12
1.250000000000000000e-01,6.664381844053430666e-12
1.458333333333333148e-01,6.866594994341544787e-13
1.666666666666666574e-01,-1.196730249480421557e-11
1.875000000000000000e-01,-3.392350178588782985e-11
2.083333333333333148e-01,-6.820205321324023134e-11
2.291666666666666574e-01,-1.182193371386269453e-10
2.500000000000000000e-01,-1.877901724643573023e-10
2.708333333333333148e-01,-2.811299620231327845e-10
2.916666666666666297e-01,-4.028568046031135490e-10
3.125000000000000000e-01,-5.579935657116445870e-10
3.333333333333333148e-01,-7.519698902727722841e-10
3.541666666666666297e-01,-9.906241662342550947e-10
3.750000000000000000e-01,-1.280205419751372395e-09
3.958333333333333148e-01,-1.627375139419547388e-09
4.166666666666666297e-01,-2.039209045628590076e-09
4.375000000000000000e-01,-2.523198799106343600e-09
4.583333333333333148e-01,-3.087253645175881002e-09
4.791666666666666297e-01,-3.739701992559294534e-09
5.000000000000000000e-01,-4.489292931486399655e-09
5.208333333333332593e-01,-5.345197691682005969e-09
5.416666666666666297e-01,-6.317011039809262042e-09
5.625000000000000000e-01,-7.414752610129641646e-09
5.833333333333332593e-01,-8.648868198649048190e-09
6.041666666666666297e-01,-1.003023099700086511e-08
6.250000000000000000e-01,-1.157014275358195548e-08
6.458333333333332593e-01,-1.328033488830403971e-08
6.666666666666666297e-01,-1.517296954717563382e-08
6.875000000000000000e-01,-1.726064060103226128e-08
7.083333333333332593e-01,-1.955637460004517748e-08
7.291666666666666297e-01,-2.207363166469285407e-08
7.500000000000000000e-01,-2.482630631035934542e-08
7.708333333333332593e-01,-2.782872823183763249e-08
7.916666666666666297e-01,-3.109566302009866025e-08
8.125000000000000000e-01,-3.464231283631696830e-08
8.333333333333332593e-01,-3.848431701715426428e-08
8.541666666666666297e-01,-4.263775262515448791e-08
8.750000000000000000e-01,-4.711913493289252430e-08
8.958333333333332593e-01,-5.194541785515165566e-08
9.166666666666666297e-01,-5.713399433182679691e-08
9.375000000000000000e-01,-6.270269663707194040e-08
9.583333333333332593e-01,-6.866979663543209310e-08
9.791666666666666297e-01,-7.505400597961764786e-08
1.000000000000000000e+00,-8.187447624594608996e-08
1.020833333333333259e+00,-8.915079900775588447e-08
1.041666666666666519e+00,-9.690300584618800129e-08
1.062500000000000000e+00,-1.051515682986503925e-07
1.083333333333333259e+00,-1.139173977454330106e-07
1.104166666666666519e+00,-1.232218452347824552e-07
1.125000000000000000e+00,-1.330867012377824571e-07
1.145833333333333259e+00,-1.435341953484006515e-07
1.166666666666666519e+00,-1.545869959189873521e-07
1.187500000000000000e+00,-1.662682096363234505e-07
1.208333333333333259e+00,-1.786013810181395064e-07
1.229166666666666519e+00,-1.916104918460032075e-07
1.250000000000000000e+00,-2.053199605404025754e-07
1.270833333333333259e+00,-2.197546414699357249e-07
1.291666666666666519e+00,-2.349398241913686267e-07
1.312500000000000000e+00,-2.509012326129920520e-07
1.333333333333333259e+00,-2.676650240988889420e-07
1.354166666666666519e+00,-2.852577885105772969e-07
1.375000000000000000e+00,-3.037065471733409836e-07
1.395833333333333259e+00,-3.230387517731675798e-07
1.416666666666666519e+00,-3.432822831928579247e-07
1.437500000000000000e+00,-3.644654502720094301e-07
1.458333333333333259e+00,-3.866169884983499119e-07
1.479166666666666519e+00,-4.097660586248721300e-07
1.500000000000000000e+00,-4.339422452293755933e-07
1.520833333333333259e+00,-4.591755552000518003e-07
1.541666666666666519e+00,-4.854964161369699611e-07
1.562500000000000000e+00,-5.129356746843742623e-07
1.583333333333333259e+00,-5.415245948000054495e-07
1.604166666666666519e+00,-5.712948559485891385e-07
1.625000000000000000e+00,-6.022785512305170009e-07
1.645833333333333259e+00,-6.345081854268069476e-07
1.666666666666666519e+00,-6.680166729702586852e-07
1.687500000000000000e+00,-7.028373358608146827e-07
1.708333333333333259e+00,-7.390039014893533827e-07
1.729166666666666519e+00,-7.765505003920988727e-07
1.750000000000000000e+00,-8.155105203311776088e-07
1.770833333333333259e+00,-8.559040715712332808e-07
1.791666666666666519e+00,-8.977579372108977515e-07
1.812500000000000000e+00,-9.411038707867799328e-07
1.833333333333333259e+00,-9.859743980554876986e-07
1.854166666666666519e+00,-1.032402312745931494e-06
1.875000000000000000e+00,-1.080420611333409084e-06
1.895833333333333259e+00,-1.130062480468783230e-06
1.916666666666666519e+00,-1.181361291202481859e-06
1.937500000000000000e+00,-1.234350594487935152e-06
1.958333333333333259e+00,-1.289064117300208205e-06
1.979166666666666519e+00,-1.345535759261495467e-06
2.000000000000000000e+00,-1.403799589715542201e-06
2.020833333333333037e+00,-1.463889845226461228e-06
2.041666666666666519e+00,-1.525840927470797202e-06
2.062500000000000000e+00,-1.589687401489567399e-06
2.083333333333333037e+00,-1.655463994287163344e-06
2.104166666666666519e+00,-1.723205593746586842e-06
2.125000000000000000e+00,-1.792947247847774303e-06
2.145833333333333037e+00,-1.864724164159864024e-06
2.166666666666666519e+00,-1.938571709597789829e-06
2.187500000000000000e+00,-2.014525410420882201e-06
2.208333333333333037e+00,-2.092620952469982444e-06
2.229166666666666519e+00,-2.172894181618212446e-06
2.250000000000000000e+00,-2.255381104427520502e-06
2.270833333333333037e+00,-2.340117889014520089e-06
2.291666666666666519e+00,-2.427140866093132363e-06
2.312500000000000000e+00,-2.516486530186416721e-06
2.333333333333333037e+00,-2.608191541024415290e-06
2.354166666666666519e+00,-2.702292725093321985e-06
2.375000000000000000e+00,-2.798827077337774360e-06
2.395833333333333037e+00,-2.897831763020211627e-06
2.416666666666666519e+00,-2.999344119717327509e-06
2.437500000000000000e+00,-3.103401659450347928e-06
2.458333333333333037e+00,-3.210042070958846069e-06
2.479166666666666519e+00,-3.319303222094854738e-06
2.500000000000000000e+00,-3.431223162352816140e-06
2.520833333333333037e+00,-3.545840125516171895e-06
2.541666666666666519e+00,-3.663192532425635268e-06
2.562500000000000000e+00,-3.783318993863489976e-06
2.583333333333333037e+00,-3.906258313549024795e-06
2.604166666666666519e+00,-4.032049491242744141e-06
2.625000000000000000e+00,-4.160731725967287511e-06
2.645833333333333037e+00,-4.292354087914303219e-06
2.666666666666666519e+00,-4.427013641108460835e-06
2.687500000000000000e+00,-4.564772237714209592e-06
2.708333333333333037e+00,-4.705679736829907506e-06
2.729166666666666519e+00,-4.849784637608636153e-06
2.750000000000000000e+00,-4.997135358923822963e-06
2.770833333333333037e+00,-5.147780419904520531e-06
2.791666666666666519e+00,-5.301768488155764953e-06
2.812500000000000000e+00,-5.459148409218683277e-06
2.833333333333333037e+00,-5.619969230891314940e-06
2.854166666666666519e+00,-5.784280224327607022e-06
2.875000000000000000e+00,-5.952130902393973465e-06
2.895833333333333037e+00,-6.123571035605760883e-06
2.916666666666666519e+00,-6.298650665890477705e-06
2.937500000000000000e+00,-6.477420118386602295e-06
2.958333333333333037e+00,-6.659930011509805507e-06
2.979166666666666519e+00,-6.846231265431659852e-06
3.000000000000000000e+00,-7.036375109152943133e-06
3.020833333333333037e+00,-7.230413086310992046e-06
3.041666666666666519e+00,-7.428397059844714113e-06
3.062500000000000000e+00,-7.630379215614833605e-06
3.083333333333333037e+00,-7.836412065097005691e-06
3.104166666666666519e+00,-8.046548447236102854e-06
3.125000000000000000e+00,-8.260841529519287043e-06
3.145833333333333037e+00,-8.479344808363716989e-06
3.166666666666666519e+00,-8.702112108877019142e-06
3.187500000000000000e+00,-8.929197584025077802e-06
3.208333333333333037e+00,-9.160655713277266905e-06
3.229166666666666519e+00,-9.396541300756936643e-06
3.250000000000000000e+00,-9.636909472941717318e-06
3.270833333333333037e+00,-9.881815675954955309e-06
3.291666666666666519e+00,-1.013131567246188620e-05
3.312500000000000000e+00,-1.038546553821001172e-05
3.333333333333333037e+00,-1.064432165823500367e-05
3.354166666666666519e+00,-1.090794072274265002e-05
3.375000000000000000e+00,-1.117637972270287066e-05
3.395833333333333037e+00,-1.144969594515851358e-05
3.416666666666666519e+00,-1.172794696826654951e-05
3.437500000000000000e+00,-1.201119065609046256e-05
3.458333333333333037e+00,-1.229948515314039610e-05
3.479166666666666519e+00,-1.259288887868702573e-05
3.500000000000000000e+00,-1.289146052083723117e-05
3.520833333333333037e+00,-1.319525903040776456e-05
3.541666666666666519e+00,-1.350431817332937489e-05
3.562500000000000000e+00,-1.381861567833963188e-05
3.583333333333333037e+00,-1.413818837140923282e-05
3.604166666666666519e+00,-1.446308516069988810e-05
3.625000000000000000e+00,-1.479335706202395578e-05
3.645833333333333037e+00,-1.512905597470862976e-05
3.666666666666666519e+00,-1.547023448373894007e-05
3.687500000000000000e+00,-1.581694578816436483e-05
3.708333333333333037e+00,-1.616924365023888094e-05
3.729166666666666519e+00,-1.652718235229694123e-05
3.750000000000000000e+00,-1.689081665923061287e-05
3.770833333333333037e+00,-1.726020178579194738e-05
3.791666666666666519e+00,-1.763539336812712380e-05
3.812500000000000000e+00,-1.801644743906783360e-05
3.833333333333333037e+00,-1.840342040673611607e-05
3.854166666666666519e+00,-1.879636903608654819e-05
3.875000000000000000e+00,-1.919535043306841923e-05
3.895833333333333037e+00,-1.960042203110435400e-05
3.916666666666666519e+00,-2.001164157962020612e-05
3.937500000000000000e+00,-2.042906713440439999e-05
3.958333333333333037e+00,-2.085275704959065556e-05
3.979166666666666519e+00,-2.128276997110220404e-05
4.000000000000000000e+00,-2.171916483138352418e-05
4.020833333333333037e+00,-2.216200084530484308e-05
4.041666666666666075e+00,-2.261133750711078475e-05
4.062500000000000000e+00,-2.306723458829109863e-05
4.083333333333333037e+00,-2.352975213631144176e-05
4.104166666666666075e+00,-2.399895047408714426e-05
4.125000000000000000e+00,-2.447489020015217550e-05
4.145833333333333037e+00,-2.495763218945390495e-05
4.166666666666666075e+00,-2.544723759473386412e-05
4.187500000000000000e+00,-2.594376784841941508e-05
4.208333333333333037e+00,-2.644728466498700629e-05
4.229166666666666075e+00,-2.695785004376210773e-05
4.250000000000000000e+00,-2.747552627214655893e-05
4.270833333333333037e+00,-2.800037592921376979e-05
4.291666666666666075e+00,-2.853246188965744931e-05
4.312500000000000000e+00,-2.907184732807597272e-05
4.333333333333333037e+00,-2.961859572356238192e-05
4.354166666666666075e+00,-3.017277086458446751e-05
4.375000000000000000e+00,-3.073443685414497487e-05
4.395833333333333037e+00,-3.130365811520611829e-05
4.416666666666666075e+00,-3.188049939636531841e-05
4.437500000000000000e+00,-3.246501621191103356e-05
4.458333333333333037e+00,-3.305725654309533935e-05
4.479166666666666075e+00,-3.365728199601558874e-05
4.500000000000000000e+00,-3.426515628553702725e-05
4.520833333333333037e+00,-3.488094372978623776e-05
4.541666666666666075e+00,-3.550470905744270182e-05
4.562500000000000000e+00,-3.613651736903698332e-05
4.583333333333333037e+00,-3.677643411762941911e-05
4.604166666666666075e+00,-3.742452509303403549e-05
4.625000000000000000e+00,-3.808085640756618886e-05
4.645833333333333037e+00,-3.874549448288901144e-05
4.666666666666666075e+00,-3.941850603777976859e-05
4.687500000000000000e+00,-4.009995807666337731e-05
4.708333333333333037e+00,-4.078991787876349982e-05
4.729166666666666075e+00,-4.148845298776399147e-05
4.750000000000000000e+00,-4.219563120189081574e-05
4.770833333333333037e+00,-4.291152056431034984e-05
4.791666666666666075e+00,-4.363618935376181691e-05
4.812500000000000000e+00,-4.436970607537418174e-05
4.833333333333333037e+00,-4.511213945160412475e-05
4.854166666666666075e+00,-4.586355841322535965e-05
4.875000000000000000e+00,-4.662403209034711628e-05
4.895833333333333037e+00,-4.739362980341894877e-05
4.916666666666666075e+00,-4.817242105417648198e-05
4.937500000000000000e+00,-4.896047551649144981e-05
4.958333333333333037e+00,-4.975786302713425209e-05
4.979166666666666075e+00,-5.056465357639498235e-05
5.000000000000000000e+00,-5.138091729855260632e-05
5.020833333333333037e+00,-5.220672446217696324e-05
5.041666666666666075e+00,-5.304214546024212275e-05
5.062500000000000000e+00,-5.388725080005223582e-05
5.083333333333333037e+00,-5.474211109295530213e-05
5.104166666666666075e+00,-5.560679704383542148e-05
5.125000000000000000e+00,-5.648137944039645814e-05
5.145833333333333037e+00,-5.736592914219592546e-05
5.166666666666666075e+00,-5.826051706944916864e-05
5.187500000000000000e+00,-5.916521419158936480e-05
5.208333333333333037e+00,-6.008009151558170745e-05
5.229166666666666075e+00,-6.100522007398422627e-05
5.250000000000000000e+00,-6.194067091275511387e-05
5.270833333333333037e+00,-6.288651507880580014e-05
5.291666666666666075e+00,-6.384282360729015907e-05
5.312500000000000000e+00,-6.480966803813686191e-05
5.333333333333333037e+00,-6.578724672536675263e-05
5.354166666666666075e+00,-6.677575959351495589e-05
5.375000000000000000e+00,-6.777530783641081585e-05
5.395833333333333037e+00,-6.878597977823266659e-05
5.416666666666666075e+00,-6.980786098790146203e-05
5.437500000000000000e+00,-7.084103560585362812e-05
5.458333333333333037e+00,-7.188558663416825167e-05
5.479166666666666075e+00,-7.294159608950118287e-05
5.500000000000000000e+00,-7.400914512512982494e-05
5.520833333333333037e+00,-7.508831413633168994e-05
5.541666666666666075e+00,-7.617918285243117102e-05
5.562500000000000000e+00,-7.728183041739535074e-05
5.583333333333333037e+00,-7.839633546040923346e-05
5.604166666666666075e+00,-7.952277615755824313e-05
5.625000000000000000e+00,-8.066123028525182454e-05
5.645833333333333037e+00,-8.181177526437996203e-05
5.666666666666666075e+00,-8.297448818426774559e-05
5.687500000000000000e+00,-8.414944555398487123e-05
5.708333333333333037e+00,-8.533666750526559060e-05
5.729166666666666075e+00,-8.653614965024391083e-05
5.750000000000000000e+00,-8.774796750949488211e-05
5.770833333333333037e+00,-8.897219800097859704e-05
5.791666666666666075e+00,-9.020891810813032069e-05
5.812500000000000000e+00,-9.145820487489789402e-05
5.833333333333333037e+00,-9.272013542109009277e-05
5.854166666666666075e+00,-9.399478696042287457e-05
5.875000000000000000e+00,-9.528223681877208504e-05
5.895833333333333037e+00,-9.658256245212459325e-05
5.916666666666666075e+00,-9.789584146416791335e-05
5.937500000000000000e+00,-9.922215162356119288e-05
5.958333333333333037e+00,-1.005615708809593552e-04
5.979166666666666075e+00,-1.019141773858857521e-04
6.000000000000000000e+00,-1.032800495035319301e-04
6.020833333333333037e+00,-1.046592658315327053e-04
6.041666666666666075e+00,-1.060519052167949324e-04
6.062500000000000000e+00,-1.074580467724388681e-04
6.083333333333333037e+00,-1.088777698949011490e-04
6.104166666666666075e+00,-1.103111542812254986e-04
6.125000000000000000e+00,-1.117582799466038449e-04
6.145833333333333037e+00,-1.132192272421778622e-04
6.166666666666666075e+00,-1.146940768731389816e-04
6.187500000000000000e+00,-1.161829099171483626e-04
6.208333333333333037e+00,-1.176858180761910404e-04
6.229166666666666075e+00,-1.192031288945903173e-04
6.250000000000000000e+00,-1.207350837069869005e-04
6.270833333333333037e+00,-1.222818142522655381e-04
6.291666666666666075e+00,-1.238434383288378258e-04
6.312500000000000000e+00,-1.254200711036917027e-04
6.333333333333333037e+00,-1.270118266462247055e-04
6.354166666666666075e+00,-1.286188183045741337e-04
6.375000000000000000e+00,-1.302411589234421573e-04
6.395833333333333037e+00,-1.318789610219695907e-04
6.416666666666666075e+00,-1.335323369480948138e-04
6.437500000000000000e+00,-1.352013990136971327e-04
6.458333333333333037e+00,-1.368862596130925697e-04
6.479166666666666075e+00,-1.385870313269377816e-04
6.500000000000000000e+00,-1.403038270132916585e-04
6.520833333333333037e+00,-1.420367598871930795e-04
6.541666666666666075e+00,-1.437859435895317119e-04
6.562500000000000000e+00,-1.455514922445901981e-04
6.583333333333333037e+00,-1.473335205000651750e-04
6.604166666666666075e+00,-1.491321435061709574e-04
6.625000000000000000e+00,-1.509474755306485665e-04
6.645833333333333037e+00,-1.527794193039609596e-04
6.666666666666666075e+00,-1.546278338363820304e-04
6.687500000000000000e+00,-1.564927969249918093e-04
6.708333333333333037e+00,-1.583743883038915893e-04
6.729166666666666075e+00,-1.602726874823142810e-04
6.750000000000000000e+00,-1.621877736728850861e-04
6.770833333333333037e+00,-1.641197257798514796e-04
6.791666666666666075e+00,-1.660686223959808195e-04
6.812500000000000000e+00,-1.680345418003589288e-04
6.833333333333333037e+00,-1.700175619553207190e-04
6.854166666666666075e+00,-1.720177605020688477e-04
6.875000000000000000e+00,-1.740352147549236253e-04
6.895833333333333037e+00,-1.760700016942478099e-04
6.916666666666666075e+00,-1.781221979581278493e-04
6.937500000000000000e+00,-1.801918798328927497e-04
6.958333333333333037e+00,-1.822791232425872586e-04
6.979166666666666075e+00,-1.843840037374697811e-04
7.000000000000000000e+00,-1.865065964815970721e-04
7.020833333333333037e+00,-1.886469762395668291e-04
7.041666666666666075e+00,-1.908052173624776807e-04
7.062500000000000000e+00,-1.929813937731640876e-04
7.083333333333333037e+00,-1.951755789507413118e-04
7.104166666666666075e+00,-1.973876482350936541e-04
7.125000000000000000e+00,-1.996159070242602704e-04
7.145833333333333037e+00,-2.018596988686912231e-04
7.166666666666666075e+00,-2.041188894499458377e-04
7.187500000000000000e+00,-2.063934202718085661e-04
7.208333333333333037e+00,-2.086832552548061775e-04
7.229166666666666075e+00,-2.109883728890298276e-04
7.250000000000000000e+00,-2.133087638613782823e-04
7.270833333333333037e+00,-2.156444295069220776e-04
7.291666666666666075e+00,-2.179953805232184470e-04
7.312500000000000000e+00,-2.203616358610915632e-04
7.333333333333333037e+00,-2.227432217629640222e-04
7.354166666666666075e+00,-2.251401709289091316e-04
7.375000000000000000e+00,-2.275525217937637206e-04
7.395833333333333037e+00,-2.299803179009292310e-04
7.416666666666666075e+00,-2.324236073603146234e-04
7.437500000000000000e+00,-2.348824423795384698e-04
7.458333333333333037e+00,-2.373568788588928152e-04
7.479166666666666075e+00,-2.398469760418379764e-04
7.500000000000000000e+00,-2.423527962138366293e-04
7.520833333333333037e+00,-2.448744044433040024e-04
7.541666666666666075e+00,-2.474118683592477956e-04
7.562500000000000000e+00,-2.499652579608588332e-04
7.583333333333333037e+00,-2.525346454549479581e-04
7.604166666666666075e+00,-2.551201051176845867e-04
7.625000000000000000e+00,-2.577217131775004348e-04
7.645833333333333037e+00,-2.603395477164574231e-04
7.666666666666666075e+00,-2.629736885877513846e-04
7.687500000000000000e+00,-2.656242173472944082e-04
7.708333333333333037e+00,-2.682912171976071592e-04
7.729166666666666075e+00,-2.709747729424682203e-04
7.750000000000000000e+00,-2.736749709509699708e-04
7.770833333333333037e+00,-2.763918991298397725e-04
7.791666666666666075e+00,-2.791256469029900736e-04
7.812500000000000000e+00,-2.818763051974146729e-04
7.833333333333333037e+00,-2.846439664346788715e-04
7.854166666666666075e+00,-2.874287245273316306e-04
7.875000000000000000e+00,-2.902306748796515032e-04
7.895833333333333037e+00,-2.930499143922347060e-04
7.916666666666666075e+00,-2.958865414699708902e-04
7.937500000000000000e+00,-2.987406560330376024e-04
7.958333333333333037e+00,-3.016123595305854094e-04
7.979166666666666075e+00,-3.045017549568039311e-04
8.000000000000000000e+00,-3.074096036782074360e-04
8.020833333333332149e+00,-3.103389661204957882e-04
8.041666666666666075e+00,-3.132908007903931744e-04
8.062500000000000000e+00,-3.162654936171128777e-04
8.083333333333332149e+00,-3.192633394961752274e-04
8.104166666666666075e+00,-3.222846009653683366e-04
8.125000000000000000e+00,-3.253295177520539191e-04
8.145833333333332149e+00,-3.283983102934783936e-04
8.166666666666666075e+00,-3.314911822426195968e-04
8.187500000000000000e+00,-3.346083225786220905e-04
8.208333333333332149e+00,-3.377499074292542231e-04
8.229166666666666075e+00,-3.409161016488697956e-04
8.250000000000000000e+00,-3.441070601833248668e-04
8.270833333333332149e+00,-3.473229292469856805e-04
8.291666666666666075e+00,-3.505638473292532276e-04
8.312500000000000000e+00,-3.538299460313068436e-04
8.333333333333332149e+00,-3.571213506708789567e-04
8.354166666666666075e+00,-3.604381801576044182e-04
8.375000000000000000e+00,-3.637805284365006292e-04
8.395833333333332149e+00,-3.671477576474945609e-04
8.416666666666666075e+00,-3.705393878222424438e-04
8.437500000000000000e+00,-3.739555822258279136e-04
8.458333333333332149e+00,-3.773965152962300055e-04
8.479166666666666075e+00,-3.808623623503919740e-04
8.500000000000000000e+00,-3.843532991504126505e-04
8.520833333333332149e+00,-3.878695019433900056e-04
8.541666666666666075e+00,-3.914111475734405928e-04
8.562500000000000000e+00,-3.949784136009211835e-04
8.583333333333332149e+00,-3.985714784138398104e-04
8.604166666666666075e+00,-4.021905213279038842e-04
8.625000000000000000e+00,-4.058357226749471263e-04
8.645833333333332149e+00,-4.095072638804720332e-04
8.666666666666666075e+00,-4.132053275313561885e-04
8.687500000000000000e+00,-4.169300974347776747e-04
8.708333333333332149e+00,-4.206817586693432291e-04
8.729166666666666075e+00,-4.244604976293043391e-04
8.750000000000000000e+00,-4.282665020626145276e-04
8.770833333333332149e+00,-4.320999611034549302e-04
8.791666666666666075e+00,-4.359610652996809277e-04
8.812500000000000000e+00,-4.398500066354142624e-04
8.833333333333332149e+00,-4.437669785487057222e-04
8.854166666666666075e+00,-4.477121759435719528e-04
8.875000000000000000e+00,-4.516857951944076182e-04
8.895833333333332149e+00,-4.556870643473827582e-04
8.916666666666666075e+00,-4.597137184248834343e-04
8.937500000000000000e+00,-4.637653112097731099e-04
8.958333333333332149e+00,-4.678417005514420336e-04
8.979166666666666075e+00,-4.719427946087283599e-04
9.000000000000000000e+00,-4.760685198784305166e-04
9.020833333333332149e+00,-4.802188133893986162e-04
9.041666666666666075e+00,-4.843935999179773918e-04
9.062500000000000000e+00,-4.885924982944117416e-04
9.083333333333332149e+00,-4.928149741170522683e-04
9.104166666666666075e+00,-4.970609677995154558e-04
9.125000000000000000e+00,-5.013304950345201299e-04
9.145833333333332149e+00,-5.056235851952084470e-04
9.166666666666666075e+00,-5.099402761098526058e-04
9.187500000000000000e+00,-5.142806123281225489e-04
9.208333333333332149e+00,-5.186446440902154785e-04
9.229166666666666075e+00,-5.230324265600253550e-04
9.250000000000000000e+00,-5.274440192051606420e-04
9.270833333333332149e+00,-5.318794852789482863e-04
9.291666666666666075e+00,-5.363388913816137310e-04
9.312500000000000000e+00,-5.408223070863105294e-04
9.333333333333332149e+00,-5.453298046197264199e-04
9.354166666666666075e+00,-5.498614585892003725e-04
9.375000000000000000e+00,-5.544173457497799089e-04
9.395833333333332149e+00,-5.589975448057262365e-04
9.416666666666666075e+00,-5.636021362417385555e-04
9.437500000000000000e+00,-5.682312021798427339e-04
9.458333333333332149e+00,-5.728848262583621440e-04
9.479166666666666075e+00,-5.775630935297461355e-04
9.500000000000000000e+00,-5.822660903743063577e-04
9.520833333333332149e+00,-5.869939044269263185e-04
9.541666666666666075e+00,-5.917466245135991282e-04
9.562500000000000000e+00,-5.965243405938594002e-04
9.583333333333332149e+00,-6.013271437032886597e-04
9.604166666666666075e+00,-6.061551258857663695e-04
9.625000000000000000e+00,-6.110083800939161008e-04
9.645833333333332149e+00,-6.158870000049609505e-04
9.666666666666666075e+00,-6.207910795975518431e-04
9.687500000000000000e+00,-6.257207119162028208e-04
9.708333333333332149e+00,-6.306759838947206083e-04
9.729166666666666075e+00,-6.356569301902007581e-04
9.750000000000000000e+00,-6.406630941152024767e-04
9.770833333333332149e+00,-6.456938258355393026e-04
9.791666666666666075e+00,-6.507506199305724409e-04
9.812500000000000000e+00,-6.558357723819367409e-04
9.833333333333332149e+00,-6.609498445565144351e-04
9.854166666666666075e+00,-6.660931784996614296e-04
9.875000000000000000e+00,-6.712660755595969975e-04
9.895833333333332149e+00,-6.764688189842277136e-04
9.916666666666666075e+00,-6.817016784332486506e-04
9.937500000000000000e+00,-6.869649122115018425e-04
9.958333333333332149e+00,-6.922587690372808628e-04
9.979166666666666075e+00,-6.975834895686369242e-04
1.000000000000000000e+01,-7.029393077328659634e-04
1.002083333333333215e+01,-7.083264518841810150e-04
1.004166666666666607e+01,-7.137451458109283315e-04
1.006250000000000000e+01,-7.191956096113696862e-04
1.008333333333333215e+01,-7.246780604549128615e-04
1.010416666666666607e+01,-7.301927132435753710e-04
1.012500000000000000e+01,-7.357397811865787601e-04
1.014583333333333215e+01,-7.413194762992706896e-04
1.016666666666666607e+01,-7.469320098359995925e-04
1.018750000000000000e+01,-7.525775926651703460e-04
1.020833333333333215e+01,-7.582564355933417910e-04
1.022916666666666607e+01,-7.639687496438881580e-04
1.025000000000000000e+01,-7.697147462941918193e-04
1.027083333333333215e+01,-7.754946376733054883e-04
1.029166666666666607e+01,-7.813086367187038923e-04
1.031250000000000000e+01,-7.871569572844628639e-04
1.033333333333333215e+01,-7.930398141789434972e-04
1.035416666666666607e+01,-7.989574230730002316e-04
1.037500000000000000e+01,-8.049100001050295272e-04
1.039583333333333215e+01,-8.108977605647328148e-04
1.041666666666666607e+01,-8.169209135821563824e-04
1.043750000000000000e+01,-8.229796222021647321e-04
1.045833333333333215e+01,-8.290733804775322338e-04
1.047916666666666607e+01,-8.352007492230893032e-04
1.050000000000000000e+01,-8.413614291056030437e-04
1.052083333333333215e+01,-8.475554066881932662e-04
1.054166666666666607e+01,-8.537826889254840216e-04
1.056250000000000000e+01,-8.600432856751934673e-04
1.058333333333333215e+01,-8.663372064918418644e-04
1.060416666666666607e+01,-8.726644596656038576e-04
1.062500000000000000e+01,-8.790250518453072027e-04
1.064583333333333215e+01,-8.854189878595014607e-04
1.066666666666666607e+01,-8.918461972654258491e-04
1.068750000000000000e+01,-8.983018492911149780e-04
1.070833333333333215e+01,-9.047820896123194350e-04
1.072916666666666607e+01,-9.112861528223245404e-04
1.075000000000000000e+01,-9.178136905596419835e-04
1.077083333333333215e+01,-9.243644563614130706e-04
1.079166666666666607e+01,-9.309382626047760017e-04
1.081250000000000000e+01,-9.375349696506718889e-04
1.083333333333333215e+01,-9.441544794814245084e-04
1.085416666666666607e+01,-9.507967305403768445e-04
1.087500000000000000e+01,-9.574616933038036359e-04
1.089583333333333215e+01,-9.641493664520358990e-04
1.091666666666666607e+01,-9.708597735560136471e-04
1.093750000000000000e+01,-9.775929602102823805e-04
1.095833333333333215e+01,-9.843489915530335976e-04
1.097916666666666607e+01,-9.911279501217992293e-04
1.100000000000000000e+01,-9.979299340002331046e-04
1.102083333333333215e+01,-1.004755055217326993e-03
1.104166666666666607e+01,-1.011603438365553300e-03
1.106250000000000000e+01,-1.018475219408906214e-03
1.108333333333333215e+01,-1.025370544655629899e-03
1.110416666666666607e+01,-1.032289569873763016e-03
1.112500000000000000e+01,-1.039232459530536196e-03
1.114583333333333215e+01,-1.046199386139114651e-03
1.116666666666666607e+01,-1.053190529698311111e-03
1.118750000000000000e+01,-1.060206077212722713e-03
1.120833333333333215e+01,-1.067246222282214113e-03
1.122916666666666607e+01,-1.074311164750879708e-03
1.125000000000000000e+01,-1.081401110406454875e-03
1.127083333333333215e+01,-1.088516270721433428e-03
1.129166666666666607e+01,-1.095656862626704633e-03
1.131250000000000000e+01,-1.102823108306380528e-03
1.133333333333333215e+01,-1.110015234996811293e-03
1.135416666666666607e+01,-1.117233474758062102e-03
1.137500000000000000e+01,-1.124478064144983315e-03
1.139583333333333215e+01,-1.131749243572904937e-03
1.141666666666666607e+01,-1.139047255639893171e-03
1.143750000000000000e+01,-1.146372338498836052e-03
1.145833333333333215e+01,-1.153724662557694758e-03
1.147916666666666607e+01,-1.161101435889385670e-03
1.150000000000000000e+01,-1.168496170176428275e-03
1.152083333333333215e+01,-1.175907905006883143e-03
1.154166666666666607e+01,-1.183336270130978026e-03
1.156250000000000000e+01,-1.190781568015964256e-03
1.158333333333333215e+01,-1.198253400643881821e-03
1.160416666666666607e+01,-1.205756894093431338e-03
1.162500000000000000e+01,-1.213293498464796186e-03
1.164583333333333215e+01,-1.220864172226020228e-03
1.166666666666666607e+01,-1.228469758039435521e-03
1.168750000000000000e+01,-1.236111034499567723e-03
1.170833333333333215e+01,-1.243788729503000337e-03
1.172916666666666607e+01,-1.251503528228683397e-03
1.175000000000000000e+01,-1.259256079644941731e-03
1.177083333333333215e+01,-1.267047002105142111e-03
1.179166666666666607e+01,-1.274876888194777149e-03
1.181250000000000000e+01,-1.282746308934318421e-03
1.183333333333333215e+01,-1.290655817424323686e-03
1.185416666666666607e+01,-1.298605952007401499e-03
1.187500000000000000e+01,-1.306597239011727781e-03
1.189583333333333215e+01,-1.314630195132179737e-03
1.191666666666666607e+01,-1.322705329497667623e-03
1.193750000000000000e+01,-1.330823145466806644e-03
1.195833333333333215e+01,-1.338984142188386376e-03
1.197916666666666607e+01,-1.347188815958251301e-03
1.200000000000000000e+01,-1.355437661399956206e-03
1.202083333333333215e+01,-1.363731172492901444e-03
1.204166666666666607e+01,-1.372069843468465495e-03
1.206250000000000000e+01,-1.380454169591946532e-03
1.208333333333333215e+01,-1.388884647845690457e-03
1.210416666666666607e+01,-1.397361777526731977e-03
1.212500000000000000e+01,-1.405886060770515211e-03
1.214583333333333215e+01,-1.414458003010691687e-03
1.216666666666666607e+01,-1.423078113383641815e-03
1.218750000000000000e+01,-1.431746905085229653e-03
1.220833333333333215e+01,-1.440464895686287966e-03
1.222916666666666607e+01,-1.449232607412450800e-03
1.225000000000000000e+01,-1.458050567393194292e-03
1.227083333333333215e+01,-1.466919307884306280e-03
1.229166666666666607e+01,-1.475839366467434364e-03
1.231250000000000000e+01,-1.484811286229846192e-03
1.233333333333333215e+01,-1.493835615927126574e-03
1.235416666666666607e+01,-1.502912910131180835e-03
1.237500000000000000e+01,-1.512043729365533272e-03
1.239583333333333215e+01,-1.521228640229657604e-03
1.241666666666666607e+01,-1.530468215513801139e-03
1.243750000000000000e+01,-1.539763034305522381e-03
1.245833333333333215e+01,-1.549112074518161014e-03
1.247916666666666607e+01,-1.558941759658963007e-03
1.250000000000000000e+01,-1.568353570974059027e-03
1.252083333333333215e+01,-1.577762335521916805e-03
1.254166666666666607e+01,-1.587213767389871345e-03
1.256250000000000000e+01,-1.596711442262825978e-03
1.258333333333333215e+01,-1.606254303740119313e-03
1.260416666666666607e+01,-1.615840941562393489e-03
1.262500000000000000e+01,-1.625470058500809835e-03
1.264583333333333215e+01,-1.635140502900840316e-03
1.266666666666666607e+01,-1.644851254181826103e-03
1.268750000000000000e+01,-1.654601405382303148e-03
1.270833333333333215e+01,-1.664390147484743785e-03
1.272916666666666607e+01,-1.674216755778649805e-03
1.275000000000000000e+01,-1.684080578045398782e-03
1.277083333333333215e+01,-1.693981024326749601e-03
1.279166666666666607e+01,-1.703917558065136742e-03
1.281250000000000000e+01,-1.713889688431670518e-03
1.283333333333333215e+01,-1.723896963682454734e-03
1.285416666666666607e+01,-1.733938965405176129e-03
1.287500000000000000e+01,-1.744015303536491099e-03
1.289583333333333215e+01,-1.754125612046683125e-03
1.291666666666666607e+01,-1.764269545201919802e-03
1.293750000000000000e+01,-1.774446774326360245e-03
1.295833333333333215e+01,-1.784656984996703041e-03
1.297916666666666607e+01,-1.794899874610632589e-03
1.300000000000000000e+01,-1.805175150278397157e-03
1.302083333333333215e+01,-1.815482526993430004e-03
1.304166666666666607e+01,-1.825821726043759877e-03
1.306250000000000000e+01,-1.836192473631168953e-03
1.308333333333333215e+01,-1.846594499669574826e-03
1.310416666666666607e+01,-1.857027536738144408e-03
1.312500000000000000e+01,-1.867491319168238482e-03
1.314583333333333215e+01,-1.877985582246415345e-03
1.316666666666666607e+01,-1.888510061518364333e-03
1.318750000000000000e+01,-1.899064492180971763e-03
1.320833333333333215e+01,-1.909648608551549548e-03
1.322916666666666607e+01,-1.920262143604736880e-03
1.325000000000000000e+01,-1.930904828568794085e-03
1.327083333333333215e+01,-1.941576392573985668e-03
1.329166666666666607e+01,-1.952276562346472958e-03
1.331250000000000000e+01,-1.963005061941840851e-03
1.333333333333333215e+01,-1.973761612512978797e-03
1.335416666666666607e+01,-1.984545932107622743e-03
1.337500000000000000e+01,-1.995359573843882937e-03
1.339583333333333215e+01,-2.006208802532280858e-03
1.341666666666666607e+01,-2.017095282264887678e-03
1.343750000000000000e+01,-2.028019668148712401e-03
1.345833333333333215e+01,-2.038982459090561521e-03
1.347916666666666607e+01,-2.049984101364824007e-03
1.350000000000000000e+01,-2.061025005383639030e-03
1.352083333333333215e+01,-2.072105551843399403e-03
1.354166666666666607e+01,-2.083226096083544854e-03
1.356250000000000000e+01,-2.094386971748828270e-03
1.358333333333333215e+01,-2.105588493946521957e-03
1.360416666666666607e+01,-2.116830961977860751e-03
1.362500000000000000e+01,-2.128114661702369074e-03
1.364583333333333215e+01,-2.139439867584679803e-03
1.366666666666666607e+01,-2.150806844466638876e-03
1.368750000000000000e+01,-2.162215849101704196e-03
1.370833333333333215e+01,-2.173667131483675297e-03
1.372916666666666607e+01,-2.185160935997461189e-03
1.375000000000000000e+01,-2.196697502415847266e-03
1.377083333333333215e+01,-2.208277066763022437e-03
1.379166666666666607e+01,-2.219899862062817836e-03
1.381250000000000000e+01,-2.231566118987185487e-03
1.383333333333333215e+01,-2.243276066418352799e-03
1.385416666666666607e+01,-2.255029931936283327e-03
1.387500000000000000e+01,-2.266827942241516486e-03
1.389583333333333215e+01,-2.278670323522071980e-03
1.391666666666666607e+01,-2.290557301771968882e-03
1.393750000000000000e+01,-2.302489103067873692e-03
1.395833333333333215e+01,-2.314465953809502659e-03
1.397916666666666607e+01,-2.326488080928681111e-03
1.400000000000000000e+01,-2.338555712071260870e-03
1.402083333333333215e+01,-2.350669075755567727e-03
1.404166666666666607e+01,-2.362828401510526626e-03
1.406250000000000000e+01,-2.375033919996203269e-03
1.408333333333333215e+01,-2.387285863109129148e-03
1.410416666666666607e+01,-2.399584464074456559e-03
1.412500000000000000e+01,-2.411929957526705217e-03
1.414583333333333215e+01,-2.424322579580646952e-03
1.416666666666666607e+01,-2.436762567893642137e-03
1.418750000000000000e+01,-2.449250161720585312e-03
1.420833333333333215e+01,-2.461785601962446224e-03
1.422916666666666607e+01,-2.474369131209255401e-03
1.425000000000000000e+01,-2.487000993778297996e-03
1.427083333333333215e+01,-2.499682688319211123e-03
1.429166666666666607e+01,-2.512417009258239870e-03
1.431250000000000000e+01,-2.525204860966542494e-03
1.433333333333333215e+01,-2.538046878620547377e-03
1.435416666666666607e+01,-2.550943653469088697e-03
1.437500000000000000e+01,-2.563895761032870466e-03
1.439583333333333215e+01,-2.576903766376191420e-03
1.441666666666666607e+01,-2.589968226476160960e-03
1.443750000000000000e+01,-2.603089692023918475e-03
1.445833333333333215e+01,-2.616268708957323122e-03
1.447916666666666607e+01,-2.629505819786828996e-03
1.450000000000000000e+01,-2.642801564745158368e-03
1.452083333333333215e+01,-2.656156482784639318e-03
1.454166666666666607e+01,-2.669571112442426387e-03
1.456250000000000000e+01,-2.683045992590950626e-03
1.458333333333333215e+01,-2.696581663088381056e-03
1.460416666666666607e+01,-2.710178665341645213e-03
1.462500000000000000e+01,-2.723837542792493897e-03
1.464583333333333215e+01,-2.737558841335092485e-03
1.466666666666666607e+01,-2.751343109671686507e-03
1.468750000000000000e+01,-2.765190899610799752e-03
1.470833333333333215e+01,-2.779102766309840544e-03
1.472916666666666607e+01,-2.793079268460754022e-03
1.475000000000000000e+01,-2.807120968412418153e-03
1.477083333333333215e+01,-2.821228432215822438e-03
1.479166666666666607e+01,-2.835402229564589448e-03
1.481250000000000000e+01,-2.849642933578573276e-03
1.483333333333333215e+01,-2.863951120328785994e-03
1.485416666666666607e+01,-2.878327367895700418e-03
1.487500000000000000e+01,-2.892772254503619186e-03
1.489583333333333215e+01,-2.907286354619521493e-03
1.491666666666666607e+01,-2.921870229917272743e-03
1.493750000000000000e+01,-2.936524404607209100e-03
1.495833333333333215e+01,-2.951249277069389974e-03
1.497916666666666607e+01,-2.966044599843984091e-03
1.500000000000000000e+01,-2.980905199038183778e-03
1.502083333333333215e+01,-2.995819304334325795e-03
1.504166666666666607e+01,-3.010782701232225106e-03
1.506250000000000000e+01,-3.025794513138771544e-03
1.508333333333333215e+01,-3.040854295921691184e-03
1.510416666666666607e+01,-3.055961701435186244e-03
1.512500000000000000e+01,-3.071116412065675021e-03
1.514583333333333215e+01,-3.086318106347058551e-03
1.516666666666666607e+01,-3.101553221868828814e-03
1.518750000000000000e+01,-3.116807052169670578e-03
1.520833333333333215e+01,-3.132076909196757075e-03
1.522916666666666607e+01,-3.147361707956080907e-03
1.525000000000000000e+01,-3.162660741586591044e-03
1.527083333333333215e+01,-3.177973515683182090e-03
1.529166666666666607e+01,-3.193299707693594836e-03
1.531250000000000000e+01,-3.208639143636725886e-03
1.533333333333333215e+01,-3.223991779352750574e-03
1.535416666666666607e+01,-3.239357684462975447e-03
1.537500000000000000e+01,-3.254737028528930255e-03
1.539583333333333215e+01,-3.270130069094129722e-03
1.541666666666666607e+01,-3.285537141350499280e-03
1.543750000000000000e+01,-3.300958649208928040e-03
1.545833333333333215e+01,-3.316395057583989420e-03
1.547916666666666607e+01,-3.331846885728851661e-03
1.550000000000000000e+01,-3.347314701478756264e-03
1.552083333333333215e+01,-3.362799116280667036e-03
1.554166666666666607e+01,-3.378300780903213934e-03
1.556250000000000000e+01,-3.393820381735393379e-03
1.558333333333333215e+01,-3.409358637594785482e-03
1.560416666666666607e+01,-3.424916296976682466e-03
1.562500000000000000e+01,-3.440494135684650685e-03
1.564583333333333215e+01,-3.456092954790962457e-03
1.566666666666666607e+01,-3.471713578882059011e-03
1.568750000000000000e+01,-3.487356854549926097e-03
1.570833333333333215e+01,-3.503023649095118007e-03
1.572916666666666607e+01,-3.518714849411157339e-03
1.575000000000000000e+01,-3.534431361023163826e-03
1.577083333333333215e+01,-3.550174107255756918e-03
1.579166666666666607e+01,-3.565944028506420026e-03
1.581250000000000000e+01,-3.581742081600128302e-03
1.583333333333333215e+01,-3.597569239198385171e-03
1.585416666666666607e+01,-3.613426489229371735e-03
1.587500000000000000e+01,-3.629314834292426614e-03
1.589583333333333215e+01,-3.645235290962869391e-03
1.591666666666666607e+01,-3.661188888866850032e-03
1.593750000000000000e+01,-3.677176669272655407e-03
1.595833333333333215e+01,-3.693199682653102757e-03
1.597916666666666607e+01,-3.709258983903997338e-03
1.600000000000000000e+01,-3.725355621552463217e-03
1.602083333333333215e+01,-3.741490608438293765e-03
1.604166666666666430e+01,-3.757665846141588963e-03
1.606250000000000000e+01,-3.773913856567561505e-03
1.608333333333333215e+01,-3.790247557760598619e-03
1.610416666666666430e+01,-3.806645758994017369e-03
1.612500000000000000e+01,-3.823102796227662459e-03
1.614583333333333215e+01,-3.839620935066099389e-03
1.616666666666666430e+01,-3.856203000371140506e-03
1.618750000000000000e+01,-3.872851797961189817e-03
1.620833333333333215e+01,-3.889570037599960218e-03
1.622916666666666430e+01,-3.906360325960228641e-03
1.625000000000000000e+01,-3.923225175096218577e-03
1.627083333333333215e+01,-3.940167014485498366e-03
1.629166666666666430e+01,-3.957188203266736280e-03
1.631250000000000000e+01,-3.974291041624397093e-03
1.633333333333333215e+01,-3.991477781023109253e-03
1.635416666666666430e+01,-4.008750633263235413e-03
1.637500000000000000e+01,-4.026111778428339769e-03
1.639583333333333215e+01,-4.043563371828842908e-03
1.641666666666666430e+01,-4.061107550052870004e-03
1.643750000000000000e+01,-4.078746436230868549e-03
1.645833333333333215e+01,-4.096482144611677048e-03
1.647916666666666430e+01,-4.114316784537314260e-03
1.650000000000000000e+01,-4.132252463893304299e-03
1.652083333333333215e+01,-4.150291292101141415e-03
1.654166666666666430e+01,-4.168435382710004161e-03
1.656250000000000000e+01,-4.186686855635577374e-03
1.658333333333333215e+01,-4.205047839084761693e-03
1.660416666666666430e+01,-4.223520471195469500e-03
1.662500000000000000e+01,-4.242106901409420025e-03
1.664583333333333215e+01,-4.260809291581260823e-03
1.666666666666666430e+01,-4.279629816805572036e-03
1.668750000000000000e+01,-4.298570665907082769e-03
1.670833333333333215e+01,-4.317634041472818117e-03
1.672916666666666430e+01,-4.336822159170830755e-03
1.675000000000000000e+01,-4.356137245804339066e-03
1.677083333333333215e+01,-4.375581534827175517e-03
1.679166666666666430e+01,-4.395157256040471173e-03
1.681250000000000000e+01,-4.414866609598696971e-03
1.683333333333333215e+01,-4.434711686786026522e-03
1.685416666666666430e+01,-4.454694126814197526e-03
1.687500000000000000e+01,-4.474812088482013270e-03
1.689583333333333215e+01,-4.495040726698095422e-03
1.691666666666666430e+01,-4.515352850552966854e-03
1.693750000000000000e+01,-4.535738987416482876e-03
1.695833333333333215e+01,-4.556157673552644130e-03
1.697916666666666430e+01,-4.576590970223231788e-03
1.700000000000000000e+01,-4.597034226658165169e-03
1.702083333333333215e+01,-4.617484787727423046e-03
1.704166666666666430e+01,-4.637940621951078431e-03
1.706250000000000000e+01,-4.658400106495356845e-03
1.708333333333333215e+01,-4.678861955768899225e-03
1.710416666666666430e+01,-4.699325174112921853e-03
1.712500000000000000e+01,-4.719789017150505250e-03
1.714583333333333215e+01,-4.740252958924846133e-03
1.716666666666666430e+01,-4.760716663706204485e-03
1.718750000000000000e+01,-4.781179961726074630e-03
1.720833333333333215e+01,-4.801642828257091447e-03
1.722916666666666430e+01,-4.822105365559848159e-03
1.725000000000000000e+01,-4.842567787294183718e-03
1.727083333333333215e+01,-4.863030405053249579e-03
1.729166666666666430e+01,-4.883493616728432248e-03
1.731250000000000000e+01,-4.903957896454729480e-03
1.733333333333333215e+01,-4.924423785921249776e-03
1.735416666666666430e+01,-4.944891886861427915e-03
1.737500000000000000e+01,-4.965362854563015911e-03
1.739583333333333215e+01,-4.985837392259933644e-03
1.741666666666666430e+01,-5.006316246286823639e-03
1.743750000000000000e+01,-5.026800201893439138e-03
1.745833333333333215e+01,-5.047290079629938343e-03
1.747916666666666430e+01,-5.067786732226306837e-03
1.750000000000000000e+01,-5.088291041899501224e-03
1.752083333333333215e+01,-5.108803918030893794e-03
1.754166666666666430e+01,-5.129326295164444993e-03
1.756250000000000000e+01,-5.149859131282693604e-03
1.758333333333333215e+01,-5.170403406323497049e-03
1.760416666666666430e+01,-5.190960120905413824e-03
1.762500000000000000e+01,-5.211530295234034944e-03
1.764583333333333215e+01,-5.232114968165315662e-03
1.766666666666666430e+01,-5.252715196405127220e-03
1.768750000000000000e+01,-5.273332053827146232e-03
1.770833333333333215e+01,-5.293966630893559393e-03
1.772916666666666430e+01,-5.314620034165168892e-03
1.775000000000000000e+01,-5.335293385889343550e-03
1.777083333333333215e+01,-5.355987823655763806e-03
1.779166666666666430e+01,-5.376704500111271351e-03
1.781250000000000000e+01,-5.397444582726352788e-03
1.783333333333333215e+01,-5.418212254998161850e-03
1.785416666666666430e+01,-5.439023867307909814e-03
1.787500000000000000e+01,-5.459884791515976811e-03
1.789583333333333215e+01,-5.480797078611193002e-03
1.791666666666666430e+01,-5.501762246141807776e-03
1.793750000000000000e+01,-5.522781618328526446e-03
1.795833333333333215e+01,-5.543856383165012523e-03
1.797916666666666430e+01,-5.564987614666920199e-03
1.800000000000000000e+01,-5.586176289011137927e-03
1.802083333333333215e+01,-5.607423298142002674e-03
1.804166666666666430e+01,-5.628729461501587664e-03
1.806250000000000000e+01,-5.650095536173464078e-03
1.808333333333333215e+01,-5.671522225658293288e-03
1.810416666666666430e+01,-5.693010187466510282e-03
1.812500000000000000e+01,-5.714560039687880191e-03
1.814583333333333215e+01,-5.736172366676083913e-03
1.816666666666666430e+01,-5.757847723967860452e-03
1.818750000000000000e+01,-5.779586642540081656e-03
1.820833333333333215e+01,-5.801389632494139206e-03
1.822916666666666430e+01,-5.823257186244992605e-03
1.825000000000000000e+01,-5.845189781281744795e-03
1.827083333333333215e+01,-5.867187882557611464e-03
1.829166666666666430e+01,-5.889251944559306499e-03
1.831250000000000000e+01,-5.911382413099115427e-03
1.833333333333333215e+01,-5.933579726867081738e-03
1.835416666666666430e+01,-5.955844318775649175e-03
1.837500000000000000e+01,-5.978176617124748848e-03
1.839583333333333215e+01,-6.000577046611525397e-03
1.841666666666666430e+01,-6.023046029205610802e-03
1.843750000000000000e+01,-6.045583984908013860e-03
1.845833333333333215e+01,-6.068191332409241315e-03
1.847916666666666430e+01,-6.090868489660136373e-03
1.850000000000000000e+01,-6.113615874367068527e-03
1.852083333333333215e+01,-6.136433904421517878e-03
1.854166666666666430e+01,-6.159322998272696338e-03
1.856250000000000000e+01,-6.182283575250630339e-03
1.858333333333333215e+01,-6.205316055846104434e-03
1.860416666666666430e+01,-6.228420861952905022e-03
1.862500000000000000e+01,-6.251598417076997642e-03
1.864583333333333215e+01,-6.274849146516546169e-03
1.866666666666666430e+01,-6.298173477516069013e-03
1.868750000000000000e+01,-6.321571839397386455e-03
1.870833333333333215e+01,-6.345044663669480688e-03
1.872916666666666430e+01,-6.368593737728444823e-03
1.875000000000000000e+01,-6.392223248240935449e-03
1.877083333333333215e+01,-6.415934353789334507e-03
1.879166666666666430e+01,-6.439727651197500562e-03
1.881250000000000000e+01,-6.463603632839871709e-03
1.883333333333333215e+01,-6.487562744429992145e-03
1.885416666666666430e+01,-6.511605396282101055e-03
1.887500000000000000e+01,-6.535731968599406763e-03
1.889583333333333215e+01,-6.559942815520658846e-03
1.891666666666666430e+01,-6.584238268538819723e-03
1.893750000000000000e+01,-6.608618639423025944e-03
1.895833333333333215e+01,-6.633084222710074369e-03
1.897916666666666430e+01,-6.657635297815454010e-03
1.900000000000000000e+01,-6.682272130803829958e-03
1.902083333333333215e+01,-6.706994975849604225e-03
1.904166666666666430e+01,-6.731804076408751808e-03
1.906250000000000000e+01,-6.756699666112646503e-03
1.908333333333333215e+01,-6.781681969382257966e-03
1.910416666666666430e+01,-6.806751201745284315e-03
1.912500000000000000e+01,-6.831907569817001653e-03
1.914583333333333215e+01,-6.857151270873876846e-03
1.916666666666666430e+01,-6.882482491900165228e-03
1.918750000000000000e+01,-6.907901407909232579e-03
1.920833333333333215e+01,-6.933408179209677759e-03
1.922916666666666430e+01,-6.959002947055909112e-03
1.925000000000000000e+01,-6.984685826701529307e-03
1.927083333333333215e+01,-7.010456896065261033e-03
1.929166666666666430e+01,-7.036316176581711851e-03
1.931250000000000000e+01,-7.062263599289055060e-03
1.933333333333333215e+01,-7.088298941132399264e-03
1.935416666666666430e+01,-7.114421696756474678e-03
1.937500000000000000e+01,-7.140630801390934757e-03
1.939583333333333215e+01,-7.166924008792081510e-03
1.941666666666666430e+01,-7.193296665690737841e-03
1.943750000000000000e+01,-7.219740700119327628e-03
1.945833333333333215e+01,-7.246246858720340085e-03
1.947916666666666430e+01,-7.272808579211944430e-03
1.950000000000000000e+01,-7.299422376479490666e-03
1.952083333333333215e+01,-7.326086487635712942e-03
1.954166666666666430e+01,-7.352799964600319899e-03
1.956250000000000000e+01,-7.379562255848315724e-03
1.958333333333333215e+01,-7.406373017762513632e-03
1.960416666666666430e+01,-7.433232024125814748e-03
1.962500000000000000e+01,-7.460152812005720752e-03
1.964583333333333215e+01,-7.487157562003126689e-03
1.966666666666666430e+01,-7.514252044734139914e-03
1.968750000000000000e+01,-7.541439935288566689e-03
1.970833333333333215e+01,-7.568724555217932158e-03
1.972916666666666430e+01,-7.596109087650386275e-03
1.975000000000000000e+01,-7.623596616178390274e-03
1.977083333333333215e+01,-7.651190142172538053e-03
1.979166666666666430e+01,-7.678892598211918899e-03
1.981250000000000000e+01,-7.706706859713008916e-03
1.983333333333333215e+01,-7.734635755092879837e-03
1.985416666666666430e+01,-7.762682074616782286e-03
1.987500000000000000e+01,-7.790848578058053205e-03
1.989583333333333215e+01,-7.819138001286333670e-03
1.991666666666666430e+01,-7.847553061884230546e-03
1.993750000000000000e+01,-7.876096463872156797e-03
1.995833333333333215e+01,-7.904770901595766994e-03
1.997916666666666430e+01,-7.933579062798059786e-03
2.000000000000000000e+01,-7.962523630854317566e-03
2.002083333333333215e+01,-7.991607286084065689e-03
2.004166666666666430e+01,-8.020832705954231145e-03
2.006250000000000000e+01,-8.050202563820975377e-03
2.008333333333333215e+01,-8.079719525562394783e-03
2.010416666666666430e+01,-8.109386242899498803e-03
2.012500000000000000e+01,-8.139205341093819907e-03
2.014583333333333215e+01,-8.169179396332878346e-03
2.016666666666666430e+01,-8.199310892589522712e-03
2.018750000000000000e+01,-8.229602133591812016e-03
2.020833333333333215e+01,-8.260055044841905017e-03
2.022916666666666430e+01,-8.290670667152310810e-03
2.025000000000000000e+01,-8.321447662582118557e-03
2.027083333333333215e+01,-8.352377909151902438e-03
2.029166666666666430e+01,-8.383440976867686384e-03
2.031250000000000000e+01,-8.414614173498709271e-03
2.033333333333333215e+01,-8.445884791547631984e-03
2.035416666666666430e+01,-8.477246544634485861e-03
2.037500000000000000e+01,-8.508695491050493817e-03
2.039583333333333215e+01,-8.540228567942703686e-03
2.041666666666666430e+01,-8.571843086702033571e-03
2.043750000000000000e+01,-8.603536534356614682e-03
2.045833333333333215e+01,-8.635306484601259006e-03
2.047916666666666430e+01,-8.667150553598103324e-03
2.050000000000000000e+01,-8.699065938038376758e-03
2.052083333333333215e+01,-8.731001358341223401e-03
2.054166666666666430e+01,-8.762912475827694392e-03
2.056250000000000000e+01,-8.794790697047522379e-03
2.058333333333333215e+01,-8.826632301840924705e-03
2.060416666666666430e+01,-8.858434799944952392e-03
2.062500000000000000e+01,-8.890196424360716221e-03
2.064583333333333215e+01,-8.921915996798836929e-03
2.066666666666666430e+01,-8.953592846389347298e-03
2.068750000000000000e+01,-8.985226743577641104e-03
2.070833333333333215e+01,-9.016817843555704343e-03
2.072916666666666430e+01,-9.048366637490784514e-03
2.075000000000000000e+01,-9.079873910422831332e-03
2.077083333333333215e+01,-9.111340704905676255e-03
2.079166666666666430e+01,-9.142768289602974316e-03
2.081250000000000000e+01,-9.174158132161196882e-03
2.083333333333333215e+01,-9.205511875776353770e-03
2.085416666666666430e+01,-9.236831318951813780e-03
2.087500000000000000e+01,-9.268118398013771783e-03
2.089583333333333215e+01,-9.299375172010380247e-03
2.091666666666666430e+01,-9.330603809671756538e-03
2.093750000000000000e+01,-9.361806578152163591e-03
2.095833333333333215e+01,-9.392985833313606883e-03
2.097916666666666430e+01,-9.424144011342954971e-03
2.100000000000000000e+01,-9.455283621522841964e-03
2.102083333333333215e+01,-9.486407240001085497e-03
2.104166666666666430e+01,-9.517517504424375177e-03
2.106250000000000000e+01,-9.548617109320143778e-03
2.108333333333333215e+01,-9.579708802126149503e-03
2.110416666666666430e+01,-9.610795379780901274e-03
2.112500000000000000e+01,-9.641879685799565475e-03
2.114583333333333215e+01,-9.672964607770086903e-03
2.116666666666666430e+01,-9.704053075212748167e-03
2.118750000000000000e+01,-9.735148057753804235e-03
2.120833333333333215e+01,-9.766252563569978451e-03
2.122916666666666430e+01,-9.797369638065855577e-03
2.125000000000000000e+01,-9.828502362750561605e-03
2.127083333333333215e+01,-9.859653854283530541e-03
2.129166666666666430e+01,-9.890827263661810739e-03
2.131250000000000000e+01,-9.922025775523051275e-03
2.133333333333333215e+01,-9.953252607539085986e-03
2.135416666666666430e+01,-9.984511009874586993e-03
2.137500000000000000e+01,-1.001580426468326110e-02
2.139583333333333215e+01,-1.004713920273515859e-02
2.141666666666666430e+01,-1.007858483062013498e-02
2.143750000000000000e+01,-1.011017895462662693e-02
2.145833333333333215e+01,-1.014193019577152612e-02
2.147916666666666430e+01,-1.017384300443229840e-02
2.150000000000000000e+01,-1.020592063426437046e-02
2.152083333333333215e+01,-1.023816557758104422e-02
2.154166666666666430e+01,-1.027057969720701451e-02
2.156250000000000000e+01,-1.030316431247778504e-02
2.158333333333333215e+01,-1.033592027040248357e-02
2.160416666666666430e+01,-1.036884800684752944e-02
2.162500000000000000e+01,-1.040194759942527844e-02
2.164583333333333215e+01,-1.043521881325440263e-02
2.166666666666666430e+01,-1.046866114056565350e-02
2.168750000000000000e+01,-1.050227383498792896e-02
2.170833333333333215e+01,-1.053605594123197160e-02
2.172916666666666430e+01,-1.057000632078679454e-02
2.175000000000000000e+01,-1.060412367415462451e-02
2.177083333333333215e+01,-1.063840656007282448e-02
2.179166666666666430e+01,-1.067285341210442821e-02
2.181250000000000000e+01,-1.070746255292235292e-02
2.183333333333333215e+01,-1.074223220656529004e-02
2.185416666666666430e+01,-1.077716050890558698e-02
2.187500000000000000e+01,-1.081224551654023230e-02
2.189583333333333215e+01,-1.084748521429459642e-02
2.191666666666666430e+01,-1.088287752151334553e-02
2.193750000000000000e+01,-1.091842029730214284e-02
2.195833333333333215e+01,-1.095411134487525237e-02
2.197916666666666430e+01,-1.098994841515601659e-02
2.200000000000000000e+01,-1.102592920976739818e-02
2.202083333333333215e+01,-1.106205138353756612e-02
2.204166666666666430e+01,-1.109831254663041361e-02
2.206250000000000000e+01,-1.113471026639350873e-02
2.208333333333333215e+01,-1.117124206899743240e-02
2.210416666666666430e+01,-1.120790544092203737e-02
2.212500000000000000e+01,-1.124469783032837344e-02
2.214583333333333215e+01,-1.128161664834073825e-02
2.216666666666666430e+01,-1.131865927025226502e-02
2.218750000000000000e+01,-1.135582303665962772e-02
2.220833333333333215e+01,-1.139310525452770333e-02
2.222916666666666430e+01,-1.143050319818265069e-02
2.225000000000000000e+01,-1.146801411023146838e-02
2.227083333333333215e+01,-1.150563520240673737e-02
2.229166666666666430e+01,-1.154335657920069549e-02
2.231250000000000000e+01,-1.158112161626601716e-02
2.233333333333333215e+01,-1.161890923921178945e-02
2.235416666666666430e+01,-1.165671374547159848e-02
2.237500000000000000e+01,-1.169453180547373912e-02
2.239583333333333215e+01,-1.173236089204380064e-02
2.241666666666666430e+01,-1.177019903015112147e-02
2.243750000000000000e+01,-1.180804470743986555e-02
2.245833333333333215e+01,-1.184589681141458468e-02
2.247916666666666430e+01,-1.188375457680099744e-02
2.250000000000000000e+01,-1.192161754023072368e-02
2.252083333333333215e+01,-1.195948550108971893e-02
2.254166666666666430e+01,-1.199735848767657237e-02
2.256250000000000000e+01,-1.203523672794934614e-02
2.258333333333333215e+01,-1.207312062423923464e-02
2.260416666666666430e+01,-1.211101073139370272e-02
2.262500000000000000e+01,-1.214890773788454906e-02
2.264583333333333215e+01,-1.218681244947929058e-02
2.266666666666666430e+01,-1.222472577512870827e-02
2.268750000000000000e+01,-1.226264871477042093e-02
2.270833333333333215e+01,-1.230058234878904713e-02
2.272916666666666430e+01,-1.233852782890872829e-02
2.275000000000000000e+01,-1.237648637032413845e-02
2.277083333333333215e+01,-1.241445924490242395e-02
2.279166666666666430e+01,-1.245244777531125460e-02
2.281250000000000000e+01,-1.249045332994775173e-02
2.283333333333333215e+01,-1.252847731856010678e-02
2.285416666666666430e+01,-1.256652118846834400e-02
2.287500000000000000e+01,-1.260458642130334560e-02
2.289583333333333215e+01,-1.264267453019424746e-02
2.291666666666666430e+01,-1.268078705734381785e-02
2.293750000000000000e+01,-1.271892557193953291e-02
2.295833333333333215e+01,-1.275709166835525647e-02
2.297916666666666430e+01,-1.279528696460443225e-02
2.300000000000000000e+01,-1.283351310101107229e-02
2.302083333333333215e+01,-1.287177173906933932e-02
2.304166666666666430e+01,-1.291006456046649327e-02
2.306250000000000000e+01,-1.294839326624733916e-02
2.308333333333333215e+01,-1.298675957610133727e-02
2.310416666666666430e+01,-1.302516522775597381e-02
2.312500000000000000e+01,-1.306361197646229398e-02
2.314583333333333215e+01,-1.310210159456026008e-02
2.316666666666666430e+01,-1.314063587111340657e-02
2.318750000000000000e+01,-1.317922248740924750e-02
2.320833333333333215e+01,-1.321788634494596923e-02
2.322916666666666430e+01,-1.325663448057669454e-02
2.325000000000000000e+01,-1.329546955234610708e-02
2.327083333333333215e+01,-1.333439346492250668e-02
2.329166666666666430e+01,-1.337340781846199471e-02
2.331250000000000000e+01,-1.341251398943644688e-02
2.333333333333333215e+01,-1.345171316535689193e-02
2.335416666666666430e+01,-1.349100637076520309e-02
2.337500000000000000e+01,-1.353039448923869584e-02
2.339583333333333215e+01,-1.356987828235586141e-02
2.341666666666666430e+01,-1.360945840608213456e-02
2.343750000000000000e+01,-1.364913542493102760e-02
2.345833333333333215e+01,-1.368890982420307295e-02
2.347916666666666430e+01,-1.372878202056341222e-02
2.350000000000000000e+01,-1.376875237118345592e-02
2.352083333333333215e+01,-1.380882118164142650e-02
2.354166666666666430e+01,-1.384898871275016922e-02
2.356250000000000000e+01,-1.388925518645774994e-02
2.358333333333333215e+01,-1.392962079094668161e-02
2.360416666666666430e+01,-1.397008568504047588e-02
2.362500000000000000e+01,-1.401065000201148596e-02
2.364583333333333215e+01,-1.405131385287129546e-02
2.366666666666666430e+01,-1.409207732921384168e-02
2.368750000000000000e+01,-1.413294050567197140e-02
2.370833333333333215e+01,-1.417390344203982994e-02
2.372916666666666430e+01,-1.421496618510646216e-02
2.375000000000000000e+01,-1.425612877023979194e-02
2.377083333333333215e+01,-1.429739122275483672e-02
2.379166666666666430e+01,-1.433875355909540288e-02
2.381250000000000000e+01,-1.438021578785461663e-02
2.383333333333333215e+01,-1.442177791065610976e-02
2.385416666666666430e+01,-1.446343992291473750e-02
2.387500000000000000e+01,-1.450520181449322862e-02
2.389583333333333215e+01,-1.454706357026884327e-02
2.391666666666666430e+01,-1.458902517062221973e-02
2.393750000000000000e+01,-1.463108659185901120e-02
2.395833333333333215e+01,-1.467324780657336923e-02
2.397916666666666430e+01,-1.471550878396118110e-02
2.400000000000000000e+01,-1.475786949008986264e-02
2.402083333333333215e+01,-1.480032988813060474e-02
2.404166666666666430e+01,-1.484288993855811985e-02
2.406250000000000000e+01,-1.488554959932232059e-02
2.408333333333333215e+01,-1.492830882599573486e-02
2.410416666666666430e+01,-1.497116757189989426e-02
2.412500000000000000e+01,-1.501412578821357743e-02
2.414583333333333215e+01,-1.505718342406535230e-02
2.416666666666666430e+01,-1.510034042661249735e-02
2.418750000000000000e+01,-1.514359674110820654e-02
2.420833333333333215e+01,-1.518695231095858536e-02
2.422916666666666430e+01,-1.523040707777087097e-02
2.425000000000000000e+01,-1.527396098139399867e-02
2.427083333333333215e+01,-1.531761395995259387e-02
2.429166666666666430e+01,-1.536136594987521156e-02
2.431250000000000000e+01,-1.540521688591765109e-02
2.433333333333333215e+01,-1.544916670118195827e-02
2.435416666666666430e+01,-1.549321532713170656e-02
2.437500000000000000e+01,-1.553736269360404300e-02
2.439583333333333215e+01,-1.558160872881892388e-02
2.441666666666666430e+01,-1.562595335938589403e-02
2.443750000000000000e+01,-1.567039651030876363e-02
2.445833333333333215e+01,-1.571493810498843929e-02
2.447916666666666430e+01,-1.575957806522410715e-02
2.450000000000000000e+01,-1.580431631121307148e-02
2.452083333333333215e+01,-1.584915276154930455e-02
2.454166666666666430e+01,-1.589408733322094855e-02
2.456250000000000000e+01,-1.593911994160688780e-02
2.458333333333333215e+01,-1.598425050047244667e-02
2.460416666666666430e+01,-1.602947892196440738e-02
2.462500000000000000e+01,-1.607480511660534100e-02
2.464583333333333215e+01,-1.612022899328739711e-02
2.466666666666666430e+01,-1.616575045926556264e-02
2.468750000000000000e+01,-1.621136942015048016e-02
2.470833333333333215e+01,-1.625708577990084974e-02
2.472916666666666430e+01,-1.630289944081550133e-02
2.475000000000000000e+01,-1.634881030352507841e-02
2.477083333333333215e+01,-1.639481826698350325e-02
2.479166666666666430e+01,-1.644092322845908116e-02
2.481250000000000000e+01,-1.648712508352542794e-02
2.483333333333333215e+01,-1.653342372605211968e-02
2.485416666666666430e+01,-1.657981904819517960e-02
2.487500000000000000e+01,-1.662631094038732535e-02
2.489583333333333215e+01,-1.667289929132804993e-02
2.491666666666666430e+01,-1.671958398797353945e-02
2.493750000000000000e+01,-1.676636491552641051e-02
