0.000000000000000000e+00,-8.146386412498949348e-01
2.083333333333333218e-02,-9.397826796540525995e-01
4.166666666666666435e-02,-1.390452428767775528e-01
6.250000000000000000e-02,-3.662164495530073061e-01
8.333333333333332871e-02,-8.767177742198215551e-01
1.041666666666666574e-01,-1.105961086038638741e-01
1.250000000000000000e-01,-2.173815928341982784e-01
1.458333333333333148e-01,-8.980858213715121607e-01
1.666666666666666574e-01,-7.194803743644015981e-01
1.875000000000000000e-01,1.496156109360019526e-02
2.083333333333333148e-01,-4.777883262700706180e-01
2.291666666666666574e-01,-9.859684083479900440e-01
2.500000000000000000e-01,-5.089325825283370630e-01
2.708333333333333148e-01,2.370956304256130187e-01
2.916666666666666297e-01,-2.764366319830313112e-01
3.125000000000000000e-01,-9.942138564237782417e-01
3.333333333333333148e-01,-4.228345950148472143e-01
3.541666666666666297e-01,3.495025136818721290e-01
3.750000000000000000e-01,-2.292855984588663687e-01
3.958333333333333148e-01,-6.828445932413309549e-01
4.166666666666666297e-01,-1.644430056855025746e-02
4.375000000000000000e-01,6.241264752017083861e-01
4.583333333333333148e-01,-1.169925158832544887e-01
4.791666666666666297e-01,-7.979501730741137555e-01
5.000000000000000000e-01,-5.495785135738506799e-02
5.208333333333332593e-01,7.350717022791846134e-01
5.416666666666666297e-01,-5.454653990530075602e-02
5.625000000000000000e-01,-8.128420535793039470e-01
5.833333333333332593e-01,-1.032317058130304832e-01
6.041666666666666297e-01,6.539390712881636425e-01
6.250000000000000000e-01,-4.523545479456547724e-02
6.458333333333332593e-01,-6.799747667030962006e-01
6.666666666666666297e-01,5.449590780262358880e-04
6.875000000000000000e-01,7.133193725228604842e-01
7.083333333333332593e-01,1.032285108975189436e-02
7.291666666666666297e-01,-7.549345321442361145e-01
7.500000000000000000e-01,-5.817917147292203661e-02
7.708333333333332593e-01,7.111961273388069937e-01
7.916666666666666297e-01,-2.259981567368168909e-02
8.125000000000000000e-01,-7.740356542277448959e-01
8.333333333333332593e-01,-5.652087577326261880e-02
8.541666666666666297e-01,7.196806567064262250e-01
8.750000000000000000e-01,-3.236244698982515544e-02
8.958333333333332593e-01,-7.904863638286950822e-01
9.166666666666666297e-01,-4.391063344059828455e-02
9.375000000000000000e-01,7.298273987666388241e-01
9.583333333333332593e-01,-5.620949454854390348e-02
9.791666666666666297e-01,-7.943699941153564703e-01
1.000000000000000000e+00,-2.827271866240535503e-02
1.020833333333333259e+00,7.384832062671665698e-01
1.041666666666666519e+00,-5.448886067280789280e-02
1.062500000000000000e+00,-8.035716976046234361e-01
1.083333333333333259e+00,-3.920575669723955214e-02
1.104166666666666519e+00,7.286078242370200853e-01
1.125000000000000000e+00,-5.913718809261853115e-02
1.145833333333333259e+00,-7.840249150679243773e-01
1.166666666666666519e+00,-2.846791039017226854e-02
1.187500000000000000e+00,7.280579980672404750e-01
1.208333333333333259e+00,-2.698640770777008258e-02
1.229166666666666519e+00,-7.649592295699404465e-01
1.250000000000000000e+00,1.080866420327122879e-02
1.270833333333333259e+00,5.500515543437050070e-01
1.291666666666666519e+00,-3.636525937394732289e-01
1.312500000000000000e+00,-1.223567563431573912e+00
1.333333333333333259e+00,-5.034902470981537093e-01
1.354166666666666519e+00,4.194748941243010565e-01
1.375000000000000000e+00,-1.810596459312388551e-01
1.395833333333333259e+00,-1.192774162517011183e+00
1.416666666666666519e+00,-5.106855634900608898e-01
1.437500000000000000e+00,1.472845276349446508e-01
1.458333333333333259e+00,-2.877081585102690964e-01
1.479166666666666519e+00,-8.989492760768968971e-01
1.500000000000000000e+00,-3.481596589724205715e-01
1.520833333333333259e+00,1.565566823570825050e-01
1.541666666666666519e+00,-3.089685554958364611e-01
1.562500000000000000e+00,-1.030693173096890458e+00
1.583333333333333259e+00,-5.996314741440578189e-01
1.604166666666666519e+00,3.034827018660102294e-02
1.625000000000000000e+00,-4.352419383593689739e-01
1.645833333333333259e+00,-8.271779461058341720e-01
1.666666666666666519e+00,-2.831121437950439579e-01
1.687500000000000000e+00,3.491425122655178459e-01
1.708333333333333259e+00,-2.600390662122230578e-01
1.729166666666666519e+00,-7.170094763221968037e-01
1.750000000000000000e+00,-5.256347872627922801e-02
1.770833333333333259e+00,6.589277627940067772e-01
1.791666666666666519e+00,6.567536740856303457e-01
1.812500000000000000e+00,2.096786317322618665e-01
1.833333333333333259e+00,-3.594842712375109217e-01
1.854166666666666519e+00,2.532328383532508886e-02
1.875000000000000000e+00,3.572329716701734270e-01
1.895833333333333259e+00,-2.313383623684954760e-01
1.916666666666666519e+00,-1.821048111230920141e-01
1.937500000000000000e+00,4.522996174151510673e-01
1.958333333333333259e+00,-1.432380019286980111e-01
1.979166666666666519e+00,-4.089263140074072544e-01
2.000000000000000000e+00,3.815846794758809279e-01
2.020833333333333037e+00,2.646109932681297572e-01
2.041666666666666519e+00,-5.507260675421324914e-01
2.062500000000000000e+00,7.902369226440120187e-02
2.083333333333333037e+00,6.149351928607466045e-01
2.104166666666666519e+00,-9.205390346079925235e-02
2.125000000000000000e+00,-6.926620121616269277e-01
2.145833333333333037e+00,5.449262042909355785e-02
2.166666666666666519e+00,7.592468622695991431e-01
2.187500000000000000e+00,2.811696235706229174e-02
2.208333333333333037e+00,-5.913526097788273095e-01
2.229166666666666519e+00,6.252582482210936043e-02
2.250000000000000000e+00,5.143870604119920031e-01
2.270833333333333037e+00,-2.358412635575011240e-01
2.291666666666666519e+00,-4.286337502214020989e-01
2.312500000000000000e+00,3.423120736230074734e-01
2.333333333333333037e+00,1.575795617094719880e-01
2.354166666666666519e+00,-5.889594157444884015e-01
2.375000000000000000e+00,2.178515978837824996e-01
2.395833333333333037e+00,4.581740079385438480e-01
2.416666666666666519e+00,-3.175326087494834693e-01
2.437500000000000000e+00,-4.033570419159034359e-01
2.458333333333333037e+00,3.972971716745152815e-01
2.479166666666666519e+00,1.269289481412443632e-01
2.500000000000000000e+00,-6.344097701166285797e-01
2.520833333333333037e+00,5.203390908817837057e-02
2.541666666666666519e+00,6.853167484904058027e-01
2.562500000000000000e+00,-2.332200848250218228e-02
2.583333333333333037e+00,-8.030683609179566362e-01
2.604166666666666519e+00,-9.413688629373495598e-02
2.625000000000000000e+00,6.836667128274360739e-01
2.645833333333333037e+00,-6.091774820232243037e-02
2.666666666666666519e+00,-7.687532302665547324e-01
2.687500000000000000e+00,-2.912840414928929977e-02
2.708333333333333037e+00,7.462750341128395748e-01
2.729166666666666519e+00,-1.445017706065870877e-02
2.750000000000000000e+00,-7.581482781549589989e-01
2.770833333333333037e+00,3.849278798016081415e-03
2.791666666666666519e+00,7.628878746687847157e-01
2.812500000000000000e+00,3.218576439120870991e-02
2.833333333333333037e+00,-7.028080930986327912e-01
2.854166666666666519e+00,2.248771821312219310e-01
2.875000000000000000e+00,9.798109252233104527e-02
2.895833333333333037e+00,-7.757644923661379810e-01
2.916666666666666519e+00,-1.499424698386732091e-01
2.937500000000000000e+00,3.627385777536313860e-01
2.958333333333333037e+00,-4.653228360375479822e-01
2.979166666666666519e+00,-1.090146692521223315e+00
3.000000000000000000e+00,-2.742211298194443536e-01
3.020833333333333037e+00,5.303584118937860747e-01
3.041666666666666519e+00,-4.055921903809640849e-02
3.062500000000000000e+00,-1.047170241757327425e+00
3.083333333333333037e+00,-5.475348999213051071e-01
3.104166666666666519e+00,2.401103312604454809e-01
3.125000000000000000e+00,-2.501255246322937609e-01
3.145833333333333037e+00,-7.567008522946967464e-01
3.166666666666666519e+00,-2.241535489465552589e-01
3.187500000000000000e+00,3.224012556529206597e-01
3.208333333333333037e+00,-3.374484254787547544e-01
3.229166666666666519e+00,-5.966598355655751140e-01
3.250000000000000000e+00,2.333167624177089061e-02
3.270833333333333037e+00,2.739987008481739039e-01
3.291666666666666519e+00,-4.014824958079972195e-01
3.312500000000000000e+00,-2.300385811322865071e-01
3.333333333333333037e+00,5.875694448172377182e-01
3.354166666666666519e+00,-1.142332391826516025e-01
3.375000000000000000e+00,-4.668260558118933479e-01
3.395833333333333037e+00,2.886369716492458437e-01
3.416666666666666519e+00,5.063055888452370201e-01
3.437500000000000000e+00,-2.397110558052615858e-01
3.458333333333333037e+00,-2.577384276490788384e-01
3.479166666666666519e+00,4.491109277974283387e-01
3.500000000000000000e+00,7.124655739702835666e-02
3.520833333333333037e+00,-5.331621924232650134e-01
3.541666666666666519e+00,3.411447229401748937e-01
3.562500000000000000e+00,4.739198028354609793e-01
3.583333333333333037e+00,-3.655315845196360769e-01
3.604166666666666519e+00,-1.134662489801103180e-01
3.625000000000000000e+00,6.343358395369739222e-01
3.645833333333333037e+00,-1.774721962797459751e-01
3.666666666666666519e+00,-4.944592468356051596e-01
3.687500000000000000e+00,3.418409583122236639e-01
3.708333333333333037e+00,3.990169998997801226e-01
3.729166666666666519e+00,-3.909512342523612238e-01
3.750000000000000000e+00,-1.177835129203207709e-01
3.770833333333333037e+00,5.586589503433303516e-01
3.791666666666666519e+00,-1.899723375350720334e-01
3.812500000000000000e+00,-4.855255379719490838e-01
3.833333333333333037e+00,2.707657660605788941e-01
3.854166666666666519e+00,3.549560580320483827e-01
3.875000000000000000e+00,-3.881164137993081686e-01
3.895833333333333037e+00,-1.172722209860267983e-01
3.916666666666666519e+00,5.389232859611895465e-01
3.937500000000000000e+00,4.180401746515716721e-01
3.958333333333333037e+00,-2.535523397024097014e-01
3.979166666666666519e+00,-5.319605155410220276e-02
4.000000000000000000e+00,4.164661683959152150e-01
4.020833333333333037e+00,-1.286426685476867449e-01
4.041666666666666075e+00,-2.147402446423017364e-01
4.062500000000000000e+00,4.458717357388591873e-01
4.083333333333333037e+00,5.174343371390502377e-02
4.104166666666666075e+00,-4.389600468280508982e-01
4.125000000000000000e+00,1.888497419208839956e-01
4.145833333333333037e+00,4.989586653855953569e-01
4.166666666666666075e+00,-1.520049467637524521e-01
4.187500000000000000e+00,-4.440173981919357526e-01
4.208333333333333037e+00,2.235005213208663133e-01
4.229166666666666075e+00,4.984724308697123796e-01
4.250000000000000000e+00,-1.796822036662349131e-01
4.270833333333333037e+00,-3.790729926277610629e-01
4.291666666666666075e+00,3.386212123342199343e-01
4.312500000000000000e+00,2.512960576931485557e-01
4.333333333333333037e+00,-4.782979217585319187e-01
4.354166666666666075e+00,7.343749390925431719e-02
4.375000000000000000e+00,5.170380869708584015e-01
4.395833333333333037e+00,-2.398906012713565850e-01
4.416666666666666075e+00,-4.181789472058519697e-01
4.437500000000000000e+00,3.740108589932152894e-01
4.458333333333333037e+00,2.283081189548659684e-01
4.479166666666666075e+00,-5.465349732155317941e-01
4.500000000000000000e+00,1.233071168713271160e-01
4.520833333333333037e+00,5.073802631892010417e-01
4.541666666666666075e+00,-2.022211975755799362e-01
4.562500000000000000e+00,-4.332741642178903896e-01
4.583333333333333037e+00,1.522188891588291959e-01
4.604166666666666075e+00,3.439098483590749544e-01
4.625000000000000000e+00,-3.531057996046594871e-01
4.645833333333333037e+00,-1.680559797775694475e-01
4.666666666666666075e+00,4.436676645541769992e-01
4.687500000000000000e+00,-1.281597633423280924e-01
4.708333333333333037e+00,-3.984968421830488716e-01
4.729166666666666075e+00,3.363988035320765180e-01
4.750000000000000000e+00,1.726485461090236928e-01
4.770833333333333037e+00,-5.228857567332301226e-01
4.791666666666666075e+00,1.828659943041474889e-01
4.812500000000000000e+00,4.628394809148281275e-01
4.833333333333333037e+00,-2.737320913512818477e-01
4.854166666666666075e+00,-3.505070585679656570e-01
4.875000000000000000e+00,4.142509226133599398e-01
4.895833333333333037e+00,1.091430306204048684e-01
4.916666666666666075e+00,-5.603368868433914463e-01
4.937500000000000000e+00,2.009962026675796432e-01
4.958333333333333037e+00,4.954170893217748062e-01
4.979166666666666075e+00,-2.480864914876700078e-01
5.000000000000000000e+00,-3.703550949634502043e-01
5.020833333333333037e+00,3.862087026681711999e-01
5.041666666666666075e+00,1.453080057998364372e-01
5.062500000000000000e+00,-5.366291801802662853e-01
5.083333333333333037e+00,2.242471030862374093e-01
5.104166666666666075e+00,4.633141101992962474e-01
5.125000000000000000e+00,-2.790880311978575223e-01
5.145833333333333037e+00,-3.258056119417770957e-01
5.166666666666666075e+00,4.393153190432393940e-01
5.187500000000000000e+00,5.845105097867910049e-02
5.208333333333333037e+00,-5.327703323559959125e-01
5.229166666666666075e+00,2.387387268324322742e-01
5.250000000000000000e+00,3.063663645583357131e-01
5.270833333333333037e+00,-2.769485363990801252e-01
5.291666666666666075e+00,-9.443971093603065192e-02
5.312500000000000000e+00,3.721092768612314639e-01
5.333333333333333037e+00,-1.508903430691994063e-01
5.354166666666666075e+00,-2.904781520877268708e-01
5.375000000000000000e+00,3.655917863785298483e-01
5.395833333333333037e+00,4.413695139284691538e-02
5.416666666666666075e+00,-4.163067863554620329e-01
5.437500000000000000e+00,2.608692725402581569e-01
5.458333333333333037e+00,2.707262085576876420e-01
5.479166666666666075e+00,-4.901535340103400640e-01
5.500000000000000000e+00,7.215414723999463709e-02
5.520833333333333037e+00,5.117992612018140708e-01
5.541666666666666075e+00,-2.547321870108086861e-01
5.562500000000000000e+00,-4.187913160465741025e-01
5.583333333333333037e+00,3.222703257608483529e-01
5.604166666666666075e+00,2.386711360635411228e-01
5.625000000000000000e+00,-5.204597047246497521e-01
5.645833333333333037e+00,8.429658588795094221e-02
5.666666666666666075e+00,5.138260828856667795e-01
5.687500000000000000e+00,-2.453318397127261796e-01
5.708333333333333037e+00,-4.273417707595967285e-01
5.729166666666666075e+00,3.343277534069269974e-01
5.750000000000000000e+00,2.321177979904398003e-01
5.770833333333333037e+00,-5.124863211338068769e-01
5.791666666666666075e+00,7.977172400222316828e-02
5.812500000000000000e+00,5.393424032268341328e-01
5.833333333333333037e+00,-2.360339777285288543e-01
5.854166666666666075e+00,-4.415535386626204817e-01
5.875000000000000000e+00,3.075781680119485939e-01
5.895833333333333037e+00,3.958925640646376864e-01
5.916666666666666075e+00,-2.913366774534507653e-01
5.937500000000000000e+00,-1.420584621698751937e-01
5.958333333333333037e+00,4.614960740218070345e-01
5.979166666666666075e+00,-7.481388141116861179e-02
6.000000000000000000e+00,-4.265347132913993033e-01
6.020833333333333037e+00,2.745820088612138665e-01
6.041666666666666075e+00,3.643262672273915315e-01
6.062500000000000000e+00,-3.171108313121504541e-01
6.083333333333333037e+00,-1.966629289848032536e-01
6.104166666666666075e+00,4.964367341333709160e-01
6.125000000000000000e+00,-4.540524800509854186e-02
6.145833333333333037e+00,-4.620708479503473076e-01
6.166666666666666075e+00,2.404659002600180451e-01
6.187500000000000000e+00,3.540185839901733855e-01
6.208333333333333037e+00,-3.593223864690265890e-01
6.229166666666666075e+00,-1.039833229193825870e-01
6.250000000000000000e+00,4.365550091243810549e-01
6.270833333333333037e+00,-1.824951620781392891e-01
6.291666666666666075e+00,-3.483357775384421373e-01
6.312500000000000000e+00,4.369666109775606766e-01
6.333333333333333037e+00,5.741586315815415398e-02
6.354166666666666075e+00,-5.209247488135062554e-01
6.375000000000000000e+00,2.202583510538724532e-01
6.395833333333333037e+00,4.238871171930270743e-01
6.416666666666666075e+00,-3.346341397751697033e-01
6.437500000000000000e+00,-2.323825921653518978e-01
6.458333333333333037e+00,5.049034258494365934e-01
6.479166666666666075e+00,-8.484068769448740999e-02
6.500000000000000000e+00,-5.215689768841560436e-01
6.520833333333333037e+00,1.645190251503961254e-02
6.541666666666666075e+00,5.838508789564134105e-01
6.562500000000000000e+00,-3.715465204486400053e-01
6.583333333333333037e+00,-6.114207194135725665e-01
6.604166666666666075e+00,2.609300595295103165e-01
6.625000000000000000e+00,2.475282694179122278e-01
6.645833333333333037e+00,-6.550040749572448862e-01
6.666666666666666075e+00,-2.792583923830882497e-02
6.687500000000000000e+00,4.235365637776724590e-01
6.708333333333333037e+00,-2.119577551969372697e-01
6.729166666666666075e+00,-4.262847905552507588e-01
6.750000000000000000e+00,2.112653148515235835e-01
6.770833333333333037e+00,6.640966324295280443e-02
6.791666666666666075e+00,-4.537457146207332093e-01
6.812500000000000000e+00,1.930121299176649763e-01
6.833333333333333037e+00,2.786846534917983287e-01
6.854166666666666075e+00,-3.722885233414451323e-01
6.875000000000000000e+00,-1.539434806061005800e-01
6.895833333333333037e+00,5.172164338498785874e-01
6.916666666666666075e+00,-2.051105387973296834e-01
6.937500000000000000e+00,-4.707315760806138893e-01
6.958333333333333037e+00,2.855739140481333704e-01
6.979166666666666075e+00,3.551875901303646055e-01
7.000000000000000000e+00,-3.625500882274708125e-01
7.020833333333333037e+00,-1.396840743105188520e-01
7.041666666666666075e+00,5.203776257166260466e-01
7.062500000000000000e+00,-2.050439169900652725e-01
7.083333333333333037e+00,-4.283654648170643342e-01
7.104166666666666075e+00,-6.689364256535031139e-02
7.125000000000000000e+00,5.513183226984813556e-01
7.145833333333333037e+00,-8.143189303793862965e-02
7.166666666666666075e+00,-3.575054874326800136e-01
7.187500000000000000e+00,3.288064863085649603e-01
7.208333333333333037e+00,4.007447244905320005e-01
7.229166666666666075e+00,-2.308430710521298668e-01
7.250000000000000000e+00,-2.680852944966241602e-01
7.270833333333333037e+00,3.501865192756665190e-01
7.291666666666666075e+00,3.212299086979840124e-01
7.312500000000000000e+00,-2.643395849705456602e-01
7.333333333333333037e+00,-1.350682823748294847e-01
7.354166666666666075e+00,4.401646430644062247e-01
7.375000000000000000e+00,1.614719695450005377e-01
7.395833333333333037e+00,-2.757768547395672565e-01
7.416666666666666075e+00,1.062091911974323150e-01
7.437500000000000000e+00,3.423777750387760888e-01
7.458333333333333037e+00,-1.134393375717098473e-01
7.479166666666666075e+00,-1.050668376042315222e-01
7.500000000000000000e+00,2.282990564092576280e-01
7.520833333333333037e+00,3.138063419154517308e-02
7.541666666666666075e+00,-1.244207713743099158e-01
7.562500000000000000e+00,1.548493754239980702e-01
7.583333333333333037e+00,2.828108796716530260e-02
7.604166666666666075e+00,-1.785077799602674264e-01
7.625000000000000000e+00,1.500779809919281227e-01
7.645833333333333037e+00,1.181978492578904250e-01
7.666666666666666075e+00,-2.594589459764766737e-01
7.687500000000000000e+00,7.131566518245679998e-02
7.708333333333333037e+00,7.122533695224889105e-02
7.729166666666666075e+00,-4.035458026034259293e-01
7.750000000000000000e+00,2.386939299059054331e-01
7.770833333333333037e+00,1.511302931370223923e-01
7.791666666666666075e+00,-5.625734202110197479e-01
7.812500000000000000e+00,7.561808483644003043e-02
7.833333333333333037e+00,3.806870953323712170e-01
7.854166666666666075e+00,-5.018822469353880766e-01
7.875000000000000000e+00,-3.314237347054476146e-01
7.895833333333333037e+00,5.255904754303225568e-01
7.916666666666666075e+00,-1.287835562306942905e-01
7.937500000000000000e+00,-7.129254841714962598e-01
7.958333333333333037e+00,-7.448405070809829831e-02
7.979166666666666075e+00,6.755236550128642659e-01
8.000000000000000000e+00,1.609930004552337368e-02
8.020833333333332149e+00,-8.077420615786792268e-01
8.041666666666666075e+00,-1.677074698339916792e-01
8.062500000000000000e+00,6.321707224180479479e-01
8.083333333333332149e+00,-4.762338755656400635e-02
8.104166666666666075e+00,-8.757845255819307617e-01
8.125000000000000000e+00,-1.826325153116226951e-01
8.145833333333332149e+00,6.069995295899924814e-01
8.166666666666666075e+00,-1.243507584250613807e-01
8.187500000000000000e+00,-6.735589606092216020e-01
8.208333333333332149e+00,-3.541700228407093642e-01
8.229166666666666075e+00,2.360128061346655759e-01
8.250000000000000000e+00,8.925500433420362478e-01
8.270833333333332149e+00,5.961280249081325477e-01
8.291666666666666075e+00,3.851099060032377175e-02
8.312500000000000000e+00,6.491449302264670207e-01
8.333333333333332149e+00,8.764428184635315588e-01
8.354166666666666075e+00,2.189839901732905936e-01
8.375000000000000000e+00,-2.206306774376873281e-01
8.395833333333332149e+00,2.893416429089010755e-01
8.416666666666666075e+00,1.361386930578404320e+00
8.437500000000000000e+00,1.035348595608803324e+00
8.458333333333332149e+00,9.508960747840847216e-02
8.479166666666666075e+00,-2.485734069258398737e-01
8.500000000000000000e+00,1.891692532339231680e-01
8.520833333333332149e+00,1.240120494343817548e+00
8.541666666666666075e+00,7.566305150470986618e-01
8.562500000000000000e+00,-1.653033751899004311e-01
8.583333333333332149e+00,-3.710323743431609422e-03
8.604166666666666075e+00,5.289673889094871351e-01
8.625000000000000000e+00,4.357331301749127195e-01
8.645833333333332149e+00,-1.452633528807622809e-01
8.666666666666666075e+00,-1.998680302876397752e-01
8.687500000000000000e+00,4.614629379729374703e-01
8.708333333333332149e+00,1.768245876986381526e-01
8.729166666666666075e+00,-4.991597722966911732e-01
8.750000000000000000e+00,2.182074133106776948e-01
8.770833333333332149e+00,5.102108440313739557e-01
8.791666666666666075e+00,-2.642025726617319714e-01
8.812500000000000000e+00,-3.101487569662016996e-01
8.833333333333332149e+00,4.899913121788349035e-01
8.854166666666666075e+00,6.395126434064337673e-01
8.875000000000000000e+00,-5.737855541089934008e-02
8.895833333333332149e+00,8.490787891889978178e-03
8.916666666666666075e+00,6.274807268576845232e-01
8.937500000000000000e+00,2.025569500260010480e-01
8.958333333333332149e+00,-6.128632853767872896e-02
8.979166666666666075e+00,6.019840472864719239e-01
9.000000000000000000e+00,3.319281603446957996e-01
9.020833333333332149e+00,-2.106547248087402013e-01
9.041666666666666075e+00,6.501050808718709106e-01
9.062500000000000000e+00,4.806576515865780275e-01
9.083333333333332149e+00,-3.614342815618958871e-01
9.104166666666666075e+00,3.091915780924096580e-01
9.125000000000000000e+00,7.740429137417889072e-01
9.145833333333332149e+00,-1.096949960423715120e-01
9.166666666666666075e+00,-4.432176285103593960e-01
9.187500000000000000e+00,3.656590916992353835e-01
9.208333333333332149e+00,5.543250148593267257e-01
9.229166666666666075e+00,-2.051761962757331359e-01
9.250000000000000000e+00,-3.156379610459243978e-01
9.270833333333332149e+00,4.250521133607148005e-01
9.291666666666666075e+00,1.660584636268899739e-01
9.312500000000000000e+00,-5.669051870515866565e-01
9.333333333333332149e+00,2.014684486883275560e-01
9.354166666666666075e+00,5.540895502360371205e-01
9.375000000000000000e+00,-2.049216538711094437e-01
9.395833333333332149e+00,-4.428242462308389360e-01
9.416666666666666075e+00,2.973885045596638688e-01
9.437500000000000000e+00,3.044639133209216530e-01
9.458333333333332149e+00,-4.117035846107930386e-01
9.479166666666666075e+00,1.055375578945755288e-02
9.500000000000000000e+00,4.867016644786346102e-01
9.520833333333332149e+00,3.290598699893768075e-02
9.541666666666666075e+00,-3.600803867874812214e-01
9.562500000000000000e+00,3.046349777899875488e-01
9.583333333333332149e+00,4.816219896153230984e-01
9.604166666666666075e+00,-2.960630191682434575e-01
9.625000000000000000e+00,-1.980172409935307132e-01
9.645833333333332149e+00,5.528579300584421929e-01
9.666666666666666075e+00,7.951697784930900070e-02
9.687500000000000000e+00,-5.147838498392596218e-01
9.708333333333332149e+00,2.093132783926661133e-01
9.729166666666666075e+00,4.813154655067753418e-01
9.750000000000000000e+00,-2.585866324792492343e-01
9.770833333333332149e+00,-2.146562274809736548e-01
9.791666666666666075e+00,4.975551986275707494e-01
9.812500000000000000e+00,-6.248305952233688954e-02
9.833333333333332149e+00,-4.383403674136687189e-01
9.854166666666666075e+00,3.265602769670182259e-01
9.875000000000000000e+00,2.793996714156921635e-01
9.895833333333332149e+00,-5.007349163329170016e-01
9.916666666666666075e+00,3.070163465773531608e-02
9.937500000000000000e+00,5.207969762776959444e-01
9.958333333333332149e+00,-2.307758752486170906e-01
9.979166666666666075e+00,-4.157841162955726033e-01
1.000000000000000000e+01,3.336150079168542781e-01
1.002083333333333215e+01,2.332162740122136479e-01
1.004166666666666607e+01,-5.024165305946796112e-01
1.006250000000000000e+01,1.048059885647325551e-01
1.008333333333333215e+01,4.652969823920822812e-01
1.010416666666666607e+01,-2.997189342801989120e-01
1.012500000000000000e+01,-2.840905479849173965e-01
1.014583333333333215e+01,4.737339180578003517e-01
1.016666666666666607e+01,4.731830612560003479e-01
1.018750000000000000e+01,3.226101779046010587e-01
1.020833333333333215e+01,-8.733871916286012338e-02
1.022916666666666607e+01,3.477292672165731985e-02
1.025000000000000000e+01,2.839116546776429550e-01
1.027083333333333215e+01,-2.053316390274695369e-01
1.029166666666666607e+01,-3.311934095407700895e-01
1.031250000000000000e+01,5.854538818517529553e-01
1.033333333333333215e+01,4.122093339496334108e-02
1.035416666666666607e+01,-8.950692575934845463e-01
1.037500000000000000e+01,-3.891463523627630150e-01
1.039583333333333215e+01,5.740058078265557473e-01
1.041666666666666607e+01,1.800767114495133991e-01
1.043750000000000000e+01,-7.448054583161929365e-01
1.045833333333333215e+01,-2.512824247873356454e-01
1.047916666666666607e+01,7.000367039714640027e-01
1.050000000000000000e+01,1.754962322171665923e-01
1.052083333333333215e+01,-7.211450258814873226e-01
1.054166666666666607e+01,-1.792269545504770745e-01
1.056250000000000000e+01,7.124783463953947571e-01
1.058333333333333215e+01,1.293677443023654172e-01
1.060416666666666607e+01,-6.939633947226916399e-01
1.062500000000000000e+01,-7.487720487875927644e-02
1.064583333333333215e+01,7.437645939069448264e-01
1.066666666666666607e+01,7.781253594568013354e-02
1.068750000000000000e+01,-6.787284856521198506e-01
1.070833333333333215e+01,1.294612412160658921e-02
1.072916666666666607e+01,7.180977589087094159e-01
1.075000000000000000e+01,-2.305157011142081047e-01
1.077083333333333215e+01,-1.145438537639718701e+00
1.079166666666666607e+01,-2.497684539313634877e-01
1.081250000000000000e+01,6.771182801241768523e-01
1.083333333333333215e+01,-3.167134993453832870e-01
1.085416666666666607e+01,-1.257690754667356137e+00
1.087500000000000000e+01,-3.196067608796064885e-01
1.089583333333333215e+01,6.073756588409064960e-01
1.091666666666666607e+01,1.810390074500163038e-01
1.093750000000000000e+01,-8.763828288834090152e-01
1.095833333333333215e+01,-6.996541247169744127e-01
1.097916666666666607e+01,2.218528498439960306e-01
1.100000000000000000e+01,-2.068702472604996567e-01
1.102083333333333215e+01,-6.148906355619339070e-01
1.104166666666666607e+01,-4.085578285251442177e-01
1.106250000000000000e+01,7.805633155054125805e-02
1.108333333333333215e+01,8.667797695220573473e-02
1.110416666666666607e+01,-4.306882952051468982e-01
1.112500000000000000e+01,-2.550528435805610727e-01
1.114583333333333215e+01,3.613841156394405063e-01
1.116666666666666607e+01,-4.767172239434092074e-02
1.118750000000000000e+01,-3.497165433214414199e-01
1.120833333333333215e+01,1.721756422498505468e-01
1.122916666666666607e+01,2.356306063778520754e-01
1.125000000000000000e+01,-3.587927389553322022e-01
1.127083333333333215e+01,-2.458537663961450626e-02
1.129166666666666607e+01,3.937447938497489197e-01
1.131250000000000000e+01,-2.091285666444698266e-01
1.133333333333333215e+01,-3.010092070764783800e-01
1.135416666666666607e+01,4.385569020176887101e-01
1.137500000000000000e+01,2.542859331413696578e-02
1.139583333333333215e+01,-5.797256951610910702e-01
1.141666666666666607e+01,1.435168968662624833e-01
1.143750000000000000e+01,5.894333801058413425e-01
1.145833333333333215e+01,-1.226394928951567709e-01
1.147916666666666607e+01,-6.468345471590912776e-01
1.150000000000000000e+01,6.784149507543718594e-02
1.152083333333333215e+01,7.361076089142833956e-01
1.154166666666666607e+01,2.110954232174447331e-02
1.156250000000000000e+01,-7.661341131743376609e-01
1.158333333333333215e+01,-4.337095297364304547e-02
1.160416666666666607e+01,7.578071611030318122e-01
1.162500000000000000e+01,9.547515611616208542e-04
1.164583333333333215e+01,-7.795871224601986782e-01
1.166666666666666607e+01,-3.086171638025653197e-02
1.168750000000000000e+01,7.359227441218649801e-01
1.170833333333333215e+01,-3.738054822013336942e-02
1.172916666666666607e+01,-8.081833570397458644e-01
1.175000000000000000e+01,-5.642371945427746005e-02
1.177083333333333215e+01,7.034861401500928091e-01
1.179166666666666607e+01,-6.972492075397379585e-02
1.181250000000000000e+01,-7.502754446154006329e-01
1.183333333333333215e+01,4.679204026077521394e-03
1.185416666666666607e+01,7.620373228598062987e-01
1.187500000000000000e+01,-2.506288919136961946e-02
1.189583333333333215e+01,-7.998973657047594443e-01
1.191666666666666607e+01,-3.433666804574578291e-02
1.193750000000000000e+01,7.292779696616876750e-01
1.195833333333333215e+01,-5.955447382621262276e-02
1.197916666666666607e+01,-8.156537194157059689e-01
1.200000000000000000e+01,-5.362365607020661007e-02
1.202083333333333215e+01,7.062947171029684279e-01
1.204166666666666607e+01,-1.505315584880004554e-01
1.206250000000000000e+01,-7.615978871869645284e-01
1.208333333333333215e+01,2.683295593596921047e-02
1.210416666666666607e+01,8.023544848354267067e-01
1.212500000000000000e+01,9.863533377792138568e-03
1.214583333333333215e+01,-7.758042620438034831e-01
1.216666666666666607e+01,-1.606794455516233344e-02
1.218750000000000000e+01,7.394330943783508081e-01
1.220833333333333215e+01,-2.988644243191640459e-02
1.222916666666666607e+01,-7.849442599984666202e-01
1.225000000000000000e+01,-3.759739022583924450e-02
1.227083333333333215e+01,7.090168103360803276e-01
1.229166666666666607e+01,-5.727758145467157225e-02
1.231250000000000000e+01,-7.586302849049141317e-01
1.233333333333333215e+01,-1.634251021710525498e-02
1.235416666666666607e+01,7.286716335997682759e-01
1.237500000000000000e+01,-3.629950705784187881e-02
1.239583333333333215e+01,-7.718893971389216846e-01
1.241666666666666607e+01,-2.416635206645975642e-02
1.243750000000000000e+01,7.283926909107749648e-01
1.245833333333333215e+01,-4.474808233012467218e-02
1.247916666666666607e+01,-7.828320795380077080e-01
1.250000000000000000e+01,-3.950384580544225033e-02
1.252083333333333215e+01,7.093753777918727632e-01
1.254166666666666607e+01,-4.726412998474338600e-02
1.256250000000000000e+01,-7.509958063190815825e-01
1.258333333333333215e+01,-1.210749676301650646e-02
1.260416666666666607e+01,7.592824376886921911e-01
1.262500000000000000e+01,-4.822536123302079147e-03
1.264583333333333215e+01,-7.644685715741137422e-01
1.266666666666666607e+01,-2.518394272565527281e-02
1.268750000000000000e+01,7.483533048629338325e-01
1.270833333333333215e+01,5.024879536775958555e-02
1.272916666666666607e+01,-6.730233493851842663e-01
1.275000000000000000e+01,5.052403714908959564e-02
1.277083333333333215e+01,6.998941256180780668e-01
1.279166666666666607e+01,-7.300851238916106212e-02
1.281250000000000000e+01,-7.171825341467891191e-01
1.283333333333333215e+01,5.766602482265933971e-02
1.285416666666666607e+01,7.474300940331147780e-01
1.287500000000000000e+01,-2.886393247609761459e-02
1.289583333333333215e+01,-7.844808249427234204e-01
1.291666666666666607e+01,-1.491813422745549844e-02
1.293750000000000000e+01,7.233775439664819062e-01
1.295833333333333215e+01,-3.946867522678032536e-02
1.297916666666666607e+01,-7.818139689863038422e-01
1.300000000000000000e+01,-3.608977358840925742e-02
1.302083333333333215e+01,6.987987482021269514e-01
1.304166666666666607e+01,-6.019418841577831025e-02
1.306250000000000000e+01,-7.666116601076077286e-01
1.308333333333333215e+01,-2.653213729106260188e-02
1.310416666666666607e+01,7.136021916676886789e-01
1.312500000000000000e+01,-5.097787639019152328e-02
1.314583333333333215e+01,-7.866999961461295099e-01
1.316666666666666607e+01,-4.353420297623025736e-02
1.318750000000000000e+01,6.974885590014184844e-01
1.320833333333333215e+01,-6.562349976792039574e-02
1.322916666666666607e+01,-7.457878677743982054e-01
1.325000000000000000e+01,-3.981508848348747076e-03
1.327083333333333215e+01,7.410015028106786694e-01
1.329166666666666607e+01,-2.444290649803065874e-02
1.331250000000000000e+01,-7.877986445528877280e-01
1.333333333333333215e+01,-4.616613180573669872e-02
1.335416666666666607e+01,6.934280299204809150e-01
1.337500000000000000e+01,-5.402474639709689552e-02
1.339583333333333215e+01,-7.508926465829511843e-01
1.341666666666666607e+01,-1.734365259455114550e-02
1.343750000000000000e+01,7.169389097596805538e-01
1.345833333333333215e+01,-3.797903916931533175e-02
1.347916666666666607e+01,-7.864194839994644859e-01
1.350000000000000000e+01,-4.803958716330339329e-02
1.352083333333333215e+01,6.969264474840983770e-01
1.354166666666666607e+01,-6.457773833248175999e-02
1.356250000000000000e+01,-7.637611498827605594e-01
1.358333333333333215e+01,-2.140558286426630374e-02
1.360416666666666607e+01,7.209180479877865810e-01
1.362500000000000000e+01,-4.602684539587370560e-02
1.364583333333333215e+01,-7.890959851518598578e-01
1.366666666666666607e+01,-4.840094702895797463e-02
1.368750000000000000e+01,7.026771483502053384e-01
1.370833333333333215e+01,-5.356948934174340926e-02
1.372916666666666607e+01,-7.633592400224789021e-01
1.375000000000000000e+01,-2.777529818289048436e-02
1.377083333333333215e+01,7.296079093331533372e-01
1.379166666666666607e+01,-2.578832673560396693e-02
1.381250000000000000e+01,-7.946082343565163963e-01
1.383333333333333215e+01,-4.745182591644525605e-02
1.385416666666666607e+01,7.012807987399474197e-01
1.387500000000000000e+01,-6.046450349981694061e-02
1.389583333333333215e+01,-7.492697693172412077e-01
1.391666666666666607e+01,-1.104196910214902405e-02
1.393750000000000000e+01,7.410708220946835567e-01
1.395833333333333215e+01,-1.640933649950032658e-02
1.397916666666666607e+01,-7.940595068398561551e-01
1.400000000000000000e+01,-6.004788259148083340e-02
1.402083333333333215e+01,6.961164898632377085e-01
1.404166666666666607e+01,-5.662293410871349630e-02
1.406250000000000000e+01,-7.615444205683452594e-01
1.408333333333333215e+01,-2.476918503364333723e-02
1.410416666666666607e+01,7.290505518816057240e-01
1.412500000000000000e+01,-2.966708443177440424e-02
1.414583333333333215e+01,-8.016000461508528963e-01
1.416666666666666607e+01,-5.880541908538938767e-02
1.418750000000000000e+01,6.851223529585486194e-01
1.420833333333333215e+01,-8.525122394021433792e-02
1.422916666666666607e+01,-7.291487152246154402e-01
1.425000000000000000e+01,2.345272037999415748e-02
1.427083333333333215e+01,7.575836239243589620e-01
1.429166666666666607e+01,-1.779751968088782998e-02
1.431250000000000000e+01,-7.705803044730170637e-01
1.433333333333333215e+01,-1.380074920141063921e-02
1.435416666666666607e+01,7.188405129792920789e-01
1.437500000000000000e+01,-6.064237488395032849e-02
1.439583333333333215e+01,-8.285945350130148324e-01
