0.000000000000000000e+00,7.700098072914124149e-15
2.083333333333333218e-02,1.702794130363090204e-14
4.166666666666666435e-02,9.682298417389156623e-16
6.250000000000000000e-02,-8.503985443534314970e-14
8.333333333333332871e-02,-3.037092332328988315e-13
1.041666666666666574e-01,-7.354594923997694067e-13
1.250000000000000000e-01,-1.475667214822076843e-12
1.458333333333333148e-01,-2.638773933955612182e-12
1.666666666666666574e-01,-4.354888073812465035e-12
1.875000000000000000e-01,-6.768460343277505807e-12
2.083333333333333148e-01,-1.004319261565671755e-11
2.291666666666666574e-01,-1.435465261800101393e-11
2.500000000000000000e-01,-1.989557744628440331e-11
2.708333333333333148e-01,-2.687450068417518210e-11
2.916666666666666297e-01,-3.551353550731474925e-11
3.125000000000000000e-01,-4.604614670296472574e-11
3.333333333333333148e-01,-5.872490075556976769e-11
3.541666666666666297e-01,-7.381317160980548654e-11
3.750000000000000000e-01,-9.158537251143313995e-11
3.958333333333333148e-01,-1.123309199772649563e-10
4.166666666666666297e-01,-1.363515211305353485e-10
4.375000000000000000e-01,-1.639603224311479000e-10
4.583333333333333148e-01,-1.954797962987343832e-10
4.791666666666666297e-01,-2.312454422647293793e-10
5.000000000000000000e-01,-2.716026031916920836e-10
5.208333333333332593e-01,-3.169061828186386549e-10
5.416666666666666297e-01,-3.675203490543746681e-10
5.625000000000000000e-01,-4.238163495267123432e-10
5.833333333333332593e-01,-4.861780139406622753e-10
6.041666666666666297e-01,-5.549941257875227152e-10
6.250000000000000000e-01,-6.306597337691077167e-10
6.458333333333332593e-01,-7.135768223336686522e-10
6.666666666666666297e-01,-8.041560063280771758e-10
6.875000000000000000e-01,-9.028096761284935663e-10
7.083333333333332593e-01,-1.009957203005884423e-09
7.291666666666666297e-01,-1.126020550685343100e-09
7.500000000000000000e-01,-1.251427990804960918e-09
7.708333333333332593e-01,-1.386608017791111266e-09
7.916666666666666297e-01,-1.531990119362186380e-09
8.125000000000000000e-01,-1.688008860624581885e-09
8.333333333333332593e-01,-1.855096500336450808e-09
8.541666666666666297e-01,-2.033685170800700934e-09
8.750000000000000000e-01,-2.224209038170237172e-09
8.958333333333332593e-01,-2.427097078698435281e-09
9.166666666666666297e-01,-2.642780412039366459e-09
9.375000000000000000e-01,-2.871682752743199126e-09
9.583333333333332593e-01,-3.114224588988976842e-09
9.791666666666666297e-01,-3.370823384466175923e-09
1.000000000000000000e+00,-3.641889392997496671e-09
1.020833333333333259e+00,-3.927827076654532833e-09
1.041666666666666519e+00,-4.229034423972142878e-09
1.062500000000000000e+00,-4.545900378044845945e-09
1.083333333333333259e+00,-4.878805368719630168e-09
1.104166666666666519e+00,-5.228117248136199836e-09
1.125000000000000000e+00,-5.594196992131347903e-09
1.145833333333333259e+00,-5.977389602550209048e-09
1.166666666666666519e+00,-6.378028524183179507e-09
1.187500000000000000e+00,-6.796433589506316625e-09
1.208333333333333259e+00,-7.232909985343532898e-09
1.229166666666666519e+00,-7.687746159839837884e-09
1.250000000000000000e+00,-8.161214211685211468e-09
1.270833333333333259e+00,-8.653565677865576357e-09
1.291666666666666519e+00,-9.165038130144681919e-09
1.312500000000000000e+00,-9.695843013271050017e-09
1.333333333333333259e+00,-1.024617491179523561e-08
1.354166666666666519e+00,-1.081620184980586868e-08
1.375000000000000000e+00,-1.140607056276932263e-08
1.395833333333333259e+00,-1.201590258671989676e-08
1.416666666666666519e+00,-1.264579491128750019e-08
1.437500000000000000e+00,-1.329581332670858875e-08
1.458333333333333259e+00,-1.396599824195978068e-08
1.479166666666666519e+00,-1.465635861565202654e-08
1.500000000000000000e+00,-1.536687398847699101e-08
1.520833333333333259e+00,-1.609749087315234887e-08
1.541666666666666519e+00,-1.684812037398099253e-08
1.562500000000000000e+00,-1.761863974483813551e-08
1.583333333333333259e+00,-1.840889184035403747e-08
1.604166666666666519e+00,-1.924637958428285797e-08
1.625000000000000000e+00,-2.052790771782662789e-08
1.645833333333333259e+00,-2.187471142431016950e-08
1.666666666666666519e+00,-2.328890448865879326e-08
1.687500000000000000e+00,-2.477255218793607608e-08
1.708333333333333259e+00,-2.632773061067688940e-08
1.729166666666666519e+00,-2.795655587828337806e-08
1.750000000000000000e+00,-2.966119648781869161e-08
1.770833333333333259e+00,-3.144388098730227332e-08
1.791666666666666519e+00,-3.330689948399430773e-08
1.812500000000000000e+00,-3.525261071680822872e-08
1.833333333333333259e+00,-3.728343993171008459e-08
1.854166666666666519e+00,-3.940187653986495026e-08
1.875000000000000000e+00,-4.161048029248350832e-08
1.895833333333333259e+00,-4.391188129745859009e-08
1.916666666666666519e+00,-4.630877788675873922e-08
1.937500000000000000e+00,-4.880393257003556742e-08
1.958333333333333259e+00,-5.140018378147979604e-08
1.979166666666666519e+00,-5.410043552558862006e-08
2.000000000000000000e+00,-5.690766487796200579e-08
2.020833333333333037e+00,-5.982491425978272892e-08
2.041666666666666519e+00,-6.285529749377954544e-08
2.062500000000000000e+00,-6.600200252194150852e-08
2.083333333333333037e+00,-6.926828387667579449e-08
2.104166666666666519e+00,-7.265746742095668714e-08
2.125000000000000000e+00,-7.617294860831342660e-08
2.145833333333333037e+00,-7.981819591610528100e-08
2.166666666666666519e+00,-8.359674739529191918e-08
2.187500000000000000e+00,-8.751221073641347893e-08
2.208333333333333037e+00,-9.156826455586246779e-08
2.229166666666666519e+00,-9.576865925517421677e-08
2.250000000000000000e+00,-1.001172145140412847e-07
2.270833333333333037e+00,-1.046178215578515746e-07
2.291666666666666519e+00,-1.092744416484522812e-07
2.312500000000000000e+00,-1.140911066391056814e-07
2.333333333333333037e+00,-1.190719174185977524e-07
2.354166666666666519e+00,-1.242210473285917638e-07
2.375000000000000000e+00,-1.295427345235247788e-07
2.395833333333333037e+00,-1.350412915845477814e-07
2.416666666666666519e+00,-1.407210970023378517e-07
2.437500000000000000e+00,-1.452728061377272306e-07
2.458333333333333037e+00,-1.379855117214892991e-07
2.479166666666666519e+00,-1.304649241990624963e-07
2.500000000000000000e+00,-1.227064160071565423e-07
2.520833333333333037e+00,-1.147056607453004843e-07
2.541666666666666519e+00,-1.064584439773143355e-07
2.562500000000000000e+00,-9.796057154822255869e-08
2.583333333333333037e+00,-8.920782891632122031e-08
2.604166666666666519e+00,-8.019596005438336598e-08
2.625000000000000000e+00,-7.092066536781924580e-08
2.645833333333333037e+00,-6.137758957666351137e-08
2.666666666666666519e+00,-5.156233445519008882e-08
2.687500000000000000e+00,-4.147044694342759621e-08
2.708333333333333037e+00,-3.109743634459632660e-08
2.729166666666666519e+00,-2.043876820401505278e-08
2.750000000000000000e+00,-9.489869110260858430e-09
2.770833333333333037e+00,1.753864577205699221e-09
2.791666666666666519e+00,1.329707113986031772e-08
2.812500000000000000e+00,2.514441173823847910e-08
2.833333333333333037e+00,3.730056973986332374e-08
2.854166666666666519e+00,4.977024386742657209e-08
2.875000000000000000e+00,6.255814849612222304e-08
2.895833333333333037e+00,7.566900527070953866e-08
2.916666666666666519e+00,8.910754019167060416e-08
2.937500000000000000e+00,1.028784764014950424e-07
2.958333333333333037e+00,1.169865328586242328e-07
2.979166666666666519e+00,1.314364130753393744e-07
3.000000000000000000e+00,1.462328055811110470e-07
3.020833333333333037e+00,1.613803765177469507e-07
3.041666666666666519e+00,1.768837629334567721e-07
3.062500000000000000e+00,1.927475700650322533e-07
3.083333333333333037e+00,2.089763601810420298e-07
3.104166666666666519e+00,2.255746515233485820e-07
3.125000000000000000e+00,2.425469108423217226e-07
3.145833333333333037e+00,2.598975461389917901e-07
3.166666666666666519e+00,2.776309008776282679e-07
3.187500000000000000e+00,2.957512468986047118e-07
3.208333333333333037e+00,3.142627802735918892e-07
3.229166666666666519e+00,3.331696103726504243e-07
3.250000000000000000e+00,3.524757556822538019e-07
3.270833333333333037e+00,3.696681518580647213e-07
3.291666666666666519e+00,3.707775918848230428e-07
3.312500000000000000e+00,3.718559390273426289e-07
3.333333333333333037e+00,3.729010995275461223e-07
3.354166666666666519e+00,3.739113648370695261e-07
3.375000000000000000e+00,3.748852135317541982e-07
3.395833333333333037e+00,3.758212175115597322e-07
3.416666666666666519e+00,3.767180041293851430e-07
3.437500000000000000e+00,3.775742336001190462e-07
3.458333333333333037e+00,3.783885940621904004e-07
3.479166666666666519e+00,3.791597951701183743e-07
3.500000000000000000e+00,3.798865662449179682e-07
3.520833333333333037e+00,3.805676628820143641e-07
3.541666666666666519e+00,3.812018590961470465e-07
3.562500000000000000e+00,3.817879507484014740e-07
3.583333333333333037e+00,3.823247590927236412e-07
3.604166666666666519e+00,3.828111241763771137e-07
3.625000000000000000e+00,3.832459147202690091e-07
3.645833333333333037e+00,3.836280227972109188e-07
3.666666666666666519e+00,3.839563641675639196e-07
3.687500000000000000e+00,3.842298838015295359e-07
3.708333333333333037e+00,3.844475535011302041e-07
3.729166666666666519e+00,3.846083705721017400e-07
3.750000000000000000e+00,3.847113614878203254e-07
3.770833333333333037e+00,3.847555838963315656e-07
3.791666666666666519e+00,3.847401219605385435e-07
3.812500000000000000e+00,3.846640929494492615e-07
3.833333333333333037e+00,3.845266471611802347e-07
3.854166666666666519e+00,3.843269620258927835e-07
3.875000000000000000e+00,3.840642514033679697e-07
3.895833333333333037e+00,3.837377615586034566e-07
3.916666666666666519e+00,3.833467746323251289e-07
3.937500000000000000e+00,3.828906060767179287e-07
3.958333333333333037e+00,3.823686087475444096e-07
3.979166666666666519e+00,3.817801713892755436e-07
4.000000000000000000e+00,3.811247200174104809e-07
4.020833333333333037e+00,3.804017180600669477e-07
4.041666666666666075e+00,3.796106692178873546e-07
4.062500000000000000e+00,3.787511161271381615e-07
4.083333333333333037e+00,3.778226405166508949e-07
4.104166666666666075e+00,3.760363403903207583e-07
4.125000000000000000e+00,3.700833104199216448e-07
4.145833333333333037e+00,3.638282135357228477e-07
4.166666666666666075e+00,3.572654205292213992e-07
4.187500000000000000e+00,3.503907815932926114e-07
4.208333333333333037e+00,3.432009138222795005e-07
4.229166666666666075e+00,3.356928370379716182e-07
4.250000000000000000e+00,3.278637959801113799e-07
4.270833333333333037e+00,3.197111765430967468e-07
4.291666666666666075e+00,3.112324557471219436e-07
4.312500000000000000e+00,3.024251859611942935e-07
4.333333333333333037e+00,2.932869859379886913e-07
4.354166666666666075e+00,2.838155345954857171e-07
4.375000000000000000e+00,2.740085735242289176e-07
4.395833333333333037e+00,2.638639042995070471e-07
4.416666666666666075e+00,2.533793933271037208e-07
4.437500000000000000e+00,2.425529705339785020e-07
4.458333333333333037e+00,2.313826335173897141e-07
4.479166666666666075e+00,2.198664455833682579e-07
4.500000000000000000e+00,2.080025436482460106e-07
4.520833333333333037e+00,1.957891362425884601e-07
4.541666666666666075e+00,1.832245051027139736e-07
4.562500000000000000e+00,1.703070095379248404e-07
4.583333333333333037e+00,1.570350883241395287e-07
4.604166666666666075e+00,1.434072606184818572e-07
4.625000000000000000e+00,1.294221335841464106e-07
4.645833333333333037e+00,1.150783942309986627e-07
4.666666666666666075e+00,1.003748229530222726e-07
4.687500000000000000e+00,8.531028983139336109e-08
4.708333333333333037e+00,6.988375746174586071e-08
4.729166666666666075e+00,5.409428711628743612e-08
4.750000000000000000e+00,3.794103707257490519e-08
4.770833333333333037e+00,2.142326765233930924e-08
4.791666666666666075e+00,4.540342333292524493e-09
4.812500000000000000e+00,-1.270826711007509740e-08
4.833333333333333037e+00,-3.032297981004811673e-08
4.854166666666666075e+00,-4.830410203374437620e-08
4.875000000000000000e+00,-6.665182565671733032e-08
4.895833333333333037e+00,-8.536622199227649834e-08
4.916666666666666075e+00,-1.044472430911640156e-07
4.937500000000000000e+00,-1.199414499630529982e-07
4.958333333333333037e+00,-1.197427055495974908e-07
4.979166666666666075e+00,-1.193634462728830838e-07
5.000000000000000000e+00,-1.188039101028280403e-07
5.020833333333333037e+00,-1.180645573673961864e-07
5.041666666666666075e+00,-1.171460041962836300e-07
5.062500000000000000e+00,-1.160490039444412664e-07
5.083333333333333037e+00,-1.147744444263348717e-07
5.104166666666666075e+00,-1.133233401121890945e-07
5.125000000000000000e+00,-1.116968376702675359e-07
5.145833333333333037e+00,-1.098962079096226900e-07
5.166666666666666075e+00,-1.079228555099950400e-07
5.187500000000000000e+00,-1.057783095009531308e-07
5.208333333333333037e+00,-1.034642257678441297e-07
5.229166666666666075e+00,-1.009823835324598895e-07
5.250000000000000000e+00,-9.833468317992390800e-08
5.270833333333333037e+00,-9.552314433462623618e-08
5.291666666666666075e+00,-9.254990635351401279e-08
5.312500000000000000e+00,-8.941722496990513924e-08
5.333333333333333037e+00,-8.612746697656228157e-08
5.354166666666666075e+00,-8.268311105876183102e-08
5.375000000000000000e+00,-7.908674664947654508e-08
5.395833333333333037e+00,-7.534106875934991764e-08
5.416666666666666075e+00,-7.144887436623479816e-08
5.437500000000000000e+00,-6.741306454706291600e-08
5.458333333333333037e+00,-6.323663674143241220e-08
5.479166666666666075e+00,-5.892268232681173665e-08
5.500000000000000000e+00,-5.447438784610912173e-08
5.520833333333333037e+00,-4.989502824962565215e-08
5.541666666666666075e+00,-4.518796396371955640e-08
5.562500000000000000e+00,-4.035663999278205478e-08
5.583333333333333037e+00,-3.540457885957995651e-08
5.604166666666666075e+00,-3.033538198273859615e-08
5.625000000000000000e+00,-2.515272182677273380e-08
5.645833333333333037e+00,-1.986034080865699760e-08
5.666666666666666075e+00,-1.446204719027766407e-08
5.687500000000000000e+00,-8.961709022924317393e-09
5.708333333333333037e+00,-3.363252985151323080e-09
5.729166666666666075e+00,2.329340638328932311e-09
5.750000000000000000e+00,8.112040132257389953e-09
5.770833333333333037e+00,1.681438250778995891e-08
5.791666666666666075e+00,3.498419708479105269e-08
5.812500000000000000e+00,5.348638183648098037e-08
5.833333333333333037e+00,7.233044064773718011e-08
5.854166666666666075e+00,9.152278144825718572e-08
5.875000000000000000e+00,1.110683256336579364e-07
5.895833333333333037e+00,1.309712774877077415e-07
5.916666666666666075e+00,1.512354970048361812e-07
5.937500000000000000e+00,1.718646730000945657e-07
5.958333333333333037e+00,1.928624147723596771e-07
5.979166666666666075e+00,2.142322842225525137e-07
6.000000000000000000e+00,2.359778169973256739e-07
6.020833333333333037e+00,2.581025308369626065e-07
6.041666666666666075e+00,2.806099258412545566e-07
6.062500000000000000e+00,3.035034877505198769e-07
6.083333333333333037e+00,3.267866875487306305e-07
6.104166666666666075e+00,3.504629757046170841e-07
6.125000000000000000e+00,3.745357833674245951e-07
6.145833333333333037e+00,3.990085253009991603e-07
6.166666666666666075e+00,4.238845877115945736e-07
6.187500000000000000e+00,4.491673361739552779e-07
6.208333333333333037e+00,4.748601072909787628e-07
6.229166666666666075e+00,5.009662096404658357e-07
6.250000000000000000e+00,5.274889205369117062e-07
6.270833333333333037e+00,5.544314843909554738e-07
6.291666666666666075e+00,5.817971126809871605e-07
6.312500000000000000e+00,6.095889726578808264e-07
6.333333333333333037e+00,6.378101997093238120e-07
6.354166666666666075e+00,6.664638818023373975e-07
6.375000000000000000e+00,6.955530655041957851e-07
6.395833333333333037e+00,7.250807498880645952e-07
6.416666666666666075e+00,7.550498831127958576e-07
6.437500000000000000e+00,7.854633626692405331e-07
6.458333333333333037e+00,8.163240320567307281e-07
6.479166666666666075e+00,8.476346769960840071e-07
6.500000000000000000e+00,8.793980278163423391e-07
6.520833333333333037e+00,9.116167476590929180e-07
6.541666666666666075e+00,9.442934349634416480e-07
6.562500000000000000e+00,9.774306238749420160e-07
6.583333333333333037e+00,1.011030775561568524e-06
6.604166666666666075e+00,1.038836278516828801e-06
6.625000000000000000e+00,1.049872908253074893e-06
6.645833333333333037e+00,1.061027402333945457e-06
6.666666666666666075e+00,1.072296627975367578e-06
6.687500000000000000e+00,1.083678860792112040e-06
6.708333333333333037e+00,1.095173034145913628e-06
6.729166666666666075e+00,1.106778381780055476e-06
6.750000000000000000e+00,1.118494268113979218e-06
6.770833333333333037e+00,1.130320112275016254e-06
6.791666666666666075e+00,1.142255350161179020e-06
6.812500000000000000e+00,1.154299414718467002e-06
6.833333333333333037e+00,1.166451734595392597e-06
6.854166666666666075e+00,1.178711726096019243e-06
6.875000000000000000e+00,1.191078795299990660e-06
6.895833333333333037e+00,1.203552340875285220e-06
6.916666666666666075e+00,1.216131750389062423e-06
6.937500000000000000e+00,1.228816408316548079e-06
6.958333333333333037e+00,1.241605695307600769e-06
6.979166666666666075e+00,1.254498987743623401e-06
7.000000000000000000e+00,1.267495663392533257e-06
7.020833333333333037e+00,1.280595100518277946e-06
7.041666666666666075e+00,1.293796684691734373e-06
7.062500000000000000e+00,1.307099806134690186e-06
7.083333333333333037e+00,1.320503862908608146e-06
7.104166666666666075e+00,1.334008267709874893e-06
7.125000000000000000e+00,1.347612441831803661e-06
7.145833333333333037e+00,1.361315826840814894e-06
7.166666666666666075e+00,1.375117881141027105e-06
7.187500000000000000e+00,1.389018086153531205e-06
7.208333333333333037e+00,1.403015944431176593e-06
7.229166666666666075e+00,1.417110987418839683e-06
7.250000000000000000e+00,1.431302774090313898e-06
7.270833333333333037e+00,1.445590896734355526e-06
7.291666666666666075e+00,1.459974981802798113e-06
7.312500000000000000e+00,1.474454694746369651e-06
7.333333333333333037e+00,1.489029740339858149e-06
7.354166666666666075e+00,1.503699868917108244e-06
7.375000000000000000e+00,1.518464876585471091e-06
7.395833333333333037e+00,1.533324609893491234e-06
7.416666666666666075e+00,1.548278968244884008e-06
7.437500000000000000e+00,1.557976596204434756e-06
7.458333333333333037e+00,1.554890172891576991e-06
7.479166666666666075e+00,1.551269000268988513e-06
7.500000000000000000e+00,1.547110396991021767e-06
7.520833333333333037e+00,1.542411744889257413e-06
7.541666666666666075e+00,1.537170498319848958e-06
7.562500000000000000e+00,1.531384171225236577e-06
7.583333333333333037e+00,1.525050338490753601e-06
7.604166666666666075e+00,1.518166630840964167e-06
7.625000000000000000e+00,1.510730734750142005e-06
7.645833333333333037e+00,1.502740387643555618e-06
7.666666666666666075e+00,1.494193382697742067e-06
7.687500000000000000e+00,1.485087566577302483e-06
7.708333333333333037e+00,1.475420842164021044e-06
7.729166666666666075e+00,1.465191172313577231e-06
7.750000000000000000e+00,1.454396574766728784e-06
7.770833333333333037e+00,1.443035130416166927e-06
7.791666666666666075e+00,1.431104978938920566e-06
7.812500000000000000e+00,1.418604324654099673e-06
7.833333333333333037e+00,1.405531435186304398e-06
7.854166666666666075e+00,1.391884646127536440e-06
7.875000000000000000e+00,1.377662359735415495e-06
7.895833333333333037e+00,1.362863046775747184e-06
7.916666666666666075e+00,1.347485250904981309e-06
7.937500000000000000e+00,1.331527588483270834e-06
7.958333333333333037e+00,1.314988748861086451e-06
7.979166666666666075e+00,1.297867500091444563e-06
8.000000000000000000e+00,1.280162687179971952e-06
8.020833333333332149e+00,1.261873235833644683e-06
8.041666666666666075e+00,1.242998151561587042e-06
8.062500000000000000e+00,1.223536524750307237e-06
8.083333333333332149e+00,1.203487532330512553e-06
8.104166666666666075e+00,1.182850439589535605e-06
8.125000000000000000e+00,1.161624599023257621e-06
8.145833333333332149e+00,1.139809455534181932e-06
8.166666666666666075e+00,1.117404550095837412e-06
8.187500000000000000e+00,1.094409517569995535e-06
8.208333333333332149e+00,1.070824090273574400e-06
8.229166666666666075e+00,1.046648103492281751e-06
8.250000000000000000e+00,1.021881491039069393e-06
8.270833333333332149e+00,1.006147128101680645e-06
8.291666666666666075e+00,1.009446905264931603e-06
8.312500000000000000e+00,1.012895268806850827e-06
8.333333333333332149e+00,1.016492798403902212e-06
8.354166666666666075e+00,1.020240055831317651e-06
8.375000000000000000e+00,1.024137582325108425e-06
8.395833333333332149e+00,1.028185894856590475e-06
8.416666666666666075e+00,1.032385492755217912e-06
8.437500000000000000e+00,1.036736851438370801e-06
8.458333333333332149e+00,1.041240422693931074e-06
8.479166666666666075e+00,1.045896634499002231e-06
8.500000000000000000e+00,1.050705893092768790e-06
8.520833333333332149e+00,1.055668580156744572e-06
8.541666666666666075e+00,1.060785052498636923e-06
8.562500000000000000e+00,1.066055643498932875e-06
8.583333333333332149e+00,1.071480661315055465e-06
8.604166666666666075e+00,1.077060390714024763e-06
8.625000000000000000e+00,1.082795088631671224e-06
8.645833333333332149e+00,1.088684988025824996e-06
8.666666666666666075e+00,1.094730297409858678e-06
8.687500000000000000e+00,1.100931197021431945e-06
8.708333333333332149e+00,1.107287841889884570e-06
8.729166666666666075e+00,1.113800359013869277e-06
8.750000000000000000e+00,1.120468851493079996e-06
8.770833333333332149e+00,1.127293393226018305e-06
8.791666666666666075e+00,1.134274031962145800e-06
8.812500000000000000e+00,1.141410786511278134e-06
8.833333333333332149e+00,1.148703647709179080e-06
8.854166666666666075e+00,1.156152579808825062e-06
8.875000000000000000e+00,1.163757515822311151e-06
8.895833333333332149e+00,1.171518363052330267e-06
8.916666666666666075e+00,1.179434996145487423e-06
8.937500000000000000e+00,1.187507264105865512e-06
8.958333333333332149e+00,1.195734984582815738e-06
8.979166666666666075e+00,1.204117943792763137e-06
9.000000000000000000e+00,1.212655900388351012e-06
9.020833333333332149e+00,1.221348581655553528e-06
9.041666666666666075e+00,1.230195684676641581e-06
9.062500000000000000e+00,1.239196873513436768e-06
9.083333333333332149e+00,1.248351782079488308e-06
9.104166666666666075e+00,1.246495375146584878e-06
9.125000000000000000e+00,1.225130954952429448e-06
9.145833333333332149e+00,1.203185527756321532e-06
9.166666666666666075e+00,1.180660305327717980e-06
9.187500000000000000e+00,1.157556111615947402e-06
9.208333333333332149e+00,1.133873625031524868e-06
9.229166666666666075e+00,1.109613505016484218e-06
9.250000000000000000e+00,1.084776448194822113e-06
9.270833333333332149e+00,1.059363218315117384e-06
9.291666666666666075e+00,1.033374658807582921e-06
9.312500000000000000e+00,1.006811703650295395e-06
9.333333333333332149e+00,9.796753776825629258e-07
9.354166666666666075e+00,9.519668036866575459e-07
9.375000000000000000e+00,9.236871984817272064e-07
9.395833333333332149e+00,8.948378782010140106e-07
9.416666666666666075e+00,8.654202572155366479e-07
9.437500000000000000e+00,8.354358506950644393e-07
9.458333333333332149e+00,8.048862733122672551e-07
9.479166666666666075e+00,7.737732417364283681e-07
9.500000000000000000e+00,7.420985748765442864e-07
9.520833333333332149e+00,7.098641935142966953e-07
9.541666666666666075e+00,6.770721259733732513e-07
9.562500000000000000e+00,6.437245021159180690e-07
9.583333333333332149e+00,6.098235564617644309e-07
9.604166666666666075e+00,5.753716353437823488e-07
9.625000000000000000e+00,5.403711854855049102e-07
9.645833333333332149e+00,5.048247667331553701e-07
9.666666666666666075e+00,4.687350462526795925e-07
9.687500000000000000e+00,4.321047994144603175e-07
9.708333333333332149e+00,3.949369144084596064e-07
9.729166666666666075e+00,3.572343889630011933e-07
9.750000000000000000e+00,3.190003347354637047e-07
9.770833333333332149e+00,2.802379748920020681e-07
9.791666666666666075e+00,2.409506463846110967e-07
9.812500000000000000e+00,2.011418010782580174e-07
9.833333333333332149e+00,1.608150066364885050e-07
9.854166666666666075e+00,1.199739467117795754e-07
9.875000000000000000e+00,7.862242147131002252e-08
9.895833333333332149e+00,3.676434884282060867e-08
9.916666666666666075e+00,-5.596232683173558827e-09
9.937500000000000000e+00,-1.758916718428715823e-08
9.958333333333332149e+00,1.716931568076632308e-08
9.979166666666666075e+00,5.324297354682611763e-08
1.000000000000000000e+01,9.063075646209159915e-08
1.002083333333333215e+01,1.293324241838480371e-07
1.004166666666666607e+01,1.693480474622399882e-07
1.006250000000000000e+01,2.106777695318169000e-07
1.008333333333333215e+01,2.533216789066470666e-07
1.010416666666666607e+01,2.972797532398745722e-07
1.012500000000000000e+01,3.425518294730133444e-07
1.014583333333333215e+01,3.891375807711263133e-07
1.016666666666666607e+01,4.370365145094371219e-07
1.018750000000000000e+01,4.862479628087290804e-07
1.020833333333333215e+01,5.367710806864404851e-07
1.022916666666666607e+01,5.886048402296193534e-07
1.025000000000000000e+01,6.417480313631157092e-07
1.027083333333333215e+01,6.961992526097747176e-07
1.029166666666666607e+01,7.519569158017462752e-07
1.031250000000000000e+01,8.090192392586908698e-07
1.033333333333333215e+01,8.673842470798822769e-07
1.035416666666666607e+01,9.270497626445938363e-07
1.037500000000000000e+01,9.880134116990185484e-07
1.039583333333333215e+01,1.050272614505276435e-06
1.041666666666666607e+01,1.113824587054854880e-06
1.043750000000000000e+01,1.178666336007212170e-06
1.045833333333333215e+01,1.244794654220158910e-06
1.047916666666666607e+01,1.312206121542257132e-06
1.050000000000000000e+01,1.380897100395461948e-06
1.052083333333333215e+01,1.450863735102467699e-06
1.054166666666666607e+01,1.522101941356486684e-06
1.056250000000000000e+01,1.594607413359997945e-06
1.058333333333333215e+01,1.668375615198060169e-06
1.060416666666666607e+01,1.743401776608969882e-06
1.062500000000000000e+01,1.819680893585365156e-06
1.064583333333333215e+01,1.897207722763587365e-06
1.066666666666666607e+01,1.975976780441539491e-06
1.068750000000000000e+01,2.055982337880407394e-06
1.070833333333333215e+01,2.137218417883169329e-06
1.072916666666666607e+01,2.219678792424463715e-06
1.075000000000000000e+01,2.303356979186031887e-06
1.077083333333333215e+01,2.354826744925981412e-06
1.079166666666666607e+01,2.362855185947928786e-06
1.081250000000000000e+01,2.370331516216145408e-06
1.083333333333333215e+01,2.377254510448470948e-06
1.085416666666666607e+01,2.383622122058848805e-06
1.087500000000000000e+01,2.389431969678580724e-06
1.089583333333333215e+01,2.394681550657276720e-06
1.091666666666666607e+01,2.399368345299078125e-06
1.093750000000000000e+01,2.403489854547835695e-06
1.095833333333333215e+01,2.407043624794985582e-06
1.097916666666666607e+01,2.410027256749160819e-06
1.100000000000000000e+01,2.412438408863009223e-06
1.102083333333333215e+01,2.414274798631072758e-06
1.104166666666666607e+01,2.415534206410089931e-06
1.106250000000000000e+01,2.416214474876671092e-06
1.108333333333333215e+01,2.416313508795393937e-06
1.110416666666666607e+01,2.415829278168660276e-06
1.112500000000000000e+01,2.414759817641856980e-06
1.114583333333333215e+01,2.413103225948323663e-06
1.116666666666666607e+01,2.410857669613610299e-06
1.118750000000000000e+01,2.408021379248509102e-06
1.120833333333333215e+01,2.404592655132951095e-06
1.122916666666666607e+01,2.400569864722536777e-06
1.125000000000000000e+01,2.395951442003911863e-06
1.127083333333333215e+01,2.390735890814019202e-06
1.129166666666666607e+01,2.384921783540909476e-06
1.131250000000000000e+01,2.378507763818319873e-06
1.133333333333333215e+01,2.371492546860803519e-06
1.135416666666666607e+01,2.363874916119990683e-06
1.137500000000000000e+01,2.355653726353084219e-06
1.139583333333333215e+01,2.346827907047675497e-06
1.141666666666666607e+01,2.337396457681806060e-06
1.143750000000000000e+01,2.327358453960191364e-06
1.145833333333333215e+01,2.316713041591664760e-06
1.147916666666666607e+01,2.305459444252534026e-06
1.150000000000000000e+01,2.293596957312053949e-06
1.152083333333333215e+01,2.281124951833112008e-06
1.154166666666666607e+01,2.268042875150709527e-06
1.156250000000000000e+01,2.254350249429611104e-06
1.158333333333333215e+01,2.240046675952403164e-06
1.160416666666666607e+01,2.205310181135884692e-06
1.162500000000000000e+01,2.146707198575170719e-06
1.164583333333333215e+01,2.086469526577458408e-06
1.166666666666666607e+01,2.024597618566775685e-06
1.168750000000000000e+01,1.961092130895717215e-06
1.170833333333333215e+01,1.895953930076745522e-06
1.172916666666666607e+01,1.829184094041912990e-06
1.175000000000000000e+01,1.760783917385105372e-06
1.177083333333333215e+01,1.690754910191738923e-06
1.179166666666666607e+01,1.619098808714651865e-06
1.181250000000000000e+01,1.545817571092599955e-06
1.183333333333333215e+01,1.470913383563564395e-06
1.185416666666666607e+01,1.394388662099257754e-06
1.187500000000000000e+01,1.316246060732320333e-06
1.189583333333333215e+01,1.236488467941194133e-06
1.191666666666666607e+01,1.155119015684051113e-06
1.193750000000000000e+01,1.072141081211797751e-06
1.195833333333333215e+01,9.875582875059525425e-07
1.197916666666666607e+01,9.013745133269342201e-07
1.200000000000000000e+01,8.135938882569854453e-07
1.202083333333333215e+01,7.242208041889208132e-07
1.204166666666666607e+01,6.332599129050080039e-07
1.206250000000000000e+01,5.407161357805916260e-07
1.208333333333333215e+01,4.465946631077265021e-07
1.210416666666666607e+01,3.509009587473712953e-07
1.212500000000000000e+01,2.536407643611611428e-07
1.214583333333333215e+01,1.548201040642107216e-07
1.216666666666666607e+01,5.444528610697913032e-08
1.218750000000000000e+01,-4.747709027623076945e-08
1.220833333333333215e+01,-1.509401304323816482e-07
1.222916666666666607e+01,-2.559366450038076845e-07
1.225000000000000000e+01,-3.624591405629725421e-07
1.227083333333333215e+01,-4.704998194841383202e-07
1.229166666666666607e+01,-5.800505710247802824e-07
1.231250000000000000e+01,-6.911029711118075204e-07
1.233333333333333215e+01,-8.036482764982200343e-07
1.235416666666666607e+01,-9.176774195603232567e-07
1.237500000000000000e+01,-1.033181008617845361e-06
1.239583333333333215e+01,-1.150149316496277205e-06
1.241666666666666607e+01,-1.268572279109189262e-06
1.243750000000000000e+01,-1.288837450839765993e-06
1.245833333333333215e+01,-1.208167466197076897e-06
1.247916666666666607e+01,-1.127516848882161444e-06
1.250000000000000000e+01,-1.043515982650089528e-06
1.252083333333333215e+01,-9.562570244377582925e-07
1.254166666666666607e+01,-8.657861501745862846e-07
1.256250000000000000e+01,-7.721272016513809135e-07
1.258333333333333215e+01,-6.752932808181621408e-07
1.260416666666666607e+01,-5.752924433649403664e-07
1.262500000000000000e+01,-4.721304904453605638e-07
1.264583333333333215e+01,-3.658123403884208640e-07
1.266666666666666607e+01,-2.563426987617509413e-07
1.268750000000000000e+01,-1.437263912608765805e-07
1.270833333333333215e+01,-2.796852377194060516e-08
1.272916666666666607e+01,9.092543485238750701e-08
1.275000000000000000e+01,2.129496147199092239e-07
1.277083333333333215e+01,3.380977215360651111e-07
1.279166666666666607e+01,4.663630285559385614e-07
1.281250000000000000e+01,5.977383643845947262e-07
1.283333333333333215e+01,7.322161135532404792e-07
1.285416666666666607e+01,8.697882106846745457e-07
1.287500000000000000e+01,1.010446140197787248e-06
1.289583333333333215e+01,1.154180926884005671e-06
1.291666666666666607e+01,1.300983141027390775e-06
1.293750000000000000e+01,1.450842892172076115e-06
1.295833333333333215e+01,1.603749830067453591e-06
1.297916666666666607e+01,1.759693136436628064e-06
1.300000000000000000e+01,1.918661527901056957e-06
1.302083333333333215e+01,2.080643254666622579e-06
1.304166666666666607e+01,2.245626093768539503e-06
1.306250000000000000e+01,2.413597348020708025e-06
1.308333333333333215e+01,2.584543847227079276e-06
1.310416666666666607e+01,2.758451943879155601e-06
1.312500000000000000e+01,2.935307512291501537e-06
1.314583333333333215e+01,3.115095943810822119e-06
1.316666666666666607e+01,3.297802146009187295e-06
1.318750000000000000e+01,3.483410543559912277e-06
1.320833333333333215e+01,3.671905072102604198e-06
1.322916666666666607e+01,3.863269181490586915e-06
1.325000000000000000e+01,4.057485827600753937e-06
1.327083333333333215e+01,4.254537477330530029e-06
1.329166666666666607e+01,4.294142794158833197e-06
1.331250000000000000e+01,4.192128242687251002e-06
1.333333333333333215e+01,4.086113567516300801e-06
1.335416666666666607e+01,3.976096009153578254e-06
1.337500000000000000e+01,3.862075481536859795e-06
1.339583333333333215e+01,3.744053453113482401e-06
1.341666666666666607e+01,3.622032395406017297e-06
1.343750000000000000e+01,3.496015514359427651e-06
1.345833333333333215e+01,3.366006622830194916e-06
1.347916666666666607e+01,3.232010077949695626e-06
1.350000000000000000e+01,3.094030754729700998e-06
1.352083333333333215e+01,2.952074040677337448e-06
1.354166666666666607e+01,2.806145825800626355e-06
1.356250000000000000e+01,2.656252511356275698e-06
1.358333333333333215e+01,2.502401010107739228e-06
1.360416666666666607e+01,2.344598752960537999e-06
1.362500000000000000e+01,2.182853696041150610e-06
1.364583333333333215e+01,2.017174323159105042e-06
1.366666666666666607e+01,1.847569654898936726e-06
1.368750000000000000e+01,1.674049252293635113e-06
1.370833333333333215e+01,1.496623224107987978e-06
1.372916666666666607e+01,1.315302234556571568e-06
1.375000000000000000e+01,1.130097507474354065e-06
1.377083333333333215e+01,9.410208345782266704e-07
1.379166666666666607e+01,7.480845823948578126e-07
1.381250000000000000e+01,5.513016947877964631e-07
1.383333333333333215e+01,3.506857045201902027e-07
1.385416666666666607e+01,1.462507383945451209e-07
1.387500000000000000e+01,-6.198847739939294430e-08
1.389583333333333215e+01,-2.740166097925484486e-07
1.391666666666666607e+01,-4.898177096219703927e-07
1.393750000000000000e+01,-7.093752092908586218e-07
1.395833333333333215e+01,-9.326719091380716009e-07
1.397916666666666607e+01,-1.159689976199051839e-06
1.400000000000000000e+01,-1.390410936573265045e-06
1.402083333333333215e+01,-1.624815663943281146e-06
1.404166666666666607e+01,-1.862884374606176218e-06
1.406250000000000000e+01,-2.104596623880862455e-06
1.408333333333333215e+01,-2.349931288864277836e-06
1.410416666666666607e+01,-2.598866572277311900e-06
1.412500000000000000e+01,-2.698802171564000527e-06
1.414583333333333215e+01,-2.681720464559781837e-06
1.416666666666666607e+01,-2.662117698968117080e-06
1.418750000000000000e+01,-2.639987259001058554e-06
1.420833333333333215e+01,-2.615323078792585925e-06
1.422916666666666607e+01,-2.588119530377680721e-06
1.425000000000000000e+01,-2.558371344905432226e-06
1.427083333333333215e+01,-2.526073573946469538e-06
1.429166666666666607e+01,-2.491221558921194947e-06
1.431250000000000000e+01,-2.453810923215815988e-06
1.433333333333333215e+01,-2.413837559681987790e-06
1.435416666666666607e+01,-2.371297634033460083e-06
1.437500000000000000e+01,-2.326187581624340375e-06
1.439583333333333215e+01,-2.278504111272721803e-06
1.441666666666666607e+01,-2.228244202997070589e-06
1.443750000000000000e+01,-2.175405112754353434e-06
1.445833333333333215e+01,-2.119984371690562439e-06
1.447916666666666607e+01,-2.061979791008573643e-06
1.450000000000000000e+01,-2.001389462608647499e-06
1.452083333333333215e+01,-1.938211760162288781e-06
1.454166666666666607e+01,-1.872445343978694170e-06
1.456250000000000000e+01,-1.804089160208614977e-06
1.458333333333333215e+01,-1.733142443730822027e-06
1.460416666666666607e+01,-1.659604719853403300e-06
1.462500000000000000e+01,-1.583475806346875313e-06
1.464583333333333215e+01,-1.504755817979829611e-06
1.466666666666666607e+01,-1.423445164380808157e-06
1.468750000000000000e+01,-1.339544551710828336e-06
1.470833333333333215e+01,-1.253054990450583527e-06
1.472916666666666607e+01,-1.163977792014353723e-06
1.475000000000000000e+01,-1.072314570357061239e-06
1.477083333333333215e+01,-9.780672466711268472e-07
1.479166666666666607e+01,-8.812380509600708594e-07
1.481250000000000000e+01,-7.818295192967481554e-07
1.483333333333333215e+01,-6.798445021132999780e-07
1.485416666666666607e+01,-5.752861614768483238e-07
1.487500000000000000e+01,-4.681579743323366465e-07
1.489583333333333215e+01,-3.584637347781288163e-07
1.491666666666666607e+01,-2.462075533018155705e-07
1.493750000000000000e+01,-1.313938608604781529e-07
1.495833333333333215e+01,-6.597881550527245301e-08
1.497916666666666607e+01,-3.394450627758601632e-08
1.500000000000000000e+01,-1.305995082588130513e-09
1.502083333333333215e+01,3.193384839063860966e-08
1.504166666666666607e+01,6.577350495512884809e-08
1.506250000000000000e+01,1.002120772494321570e-07
1.508333333333333215e+01,1.352489417620727302e-07
1.510416666666666607e+01,1.708835768609491499e-07
1.512500000000000000e+01,2.071154833612493253e-07
1.514583333333333215e+01,2.439441456571641068e-07
1.516666666666666607e+01,2.813690081567395152e-07
1.518750000000000000e+01,3.193894734891675066e-07
1.520833333333333215e+01,3.580048895095519953e-07
1.522916666666666607e+01,3.972145544301683263e-07
1.525000000000000000e+01,4.370177075359004597e-07
1.527083333333333215e+01,4.774135319558176355e-07
1.529166666666666607e+01,5.184011549138974506e-07
1.531250000000000000e+01,5.599796443170321448e-07
1.533333333333333215e+01,6.021480069404576059e-07
1.535416666666666607e+01,6.449051918839146094e-07
1.537500000000000000e+01,6.882500864516160833e-07
1.539583333333333215e+01,7.321815165841531247e-07
1.541666666666666607e+01,7.766982480647010458e-07
1.543750000000000000e+01,8.217989807245796367e-07
1.545833333333333215e+01,8.674823518328667328e-07
1.547916666666666607e+01,9.137469328258261285e-07
1.550000000000000000e+01,9.605912318703096438e-07
1.552083333333333215e+01,1.008013688294976917e-06
1.554166666666666607e+01,1.056012677547893800e-06
1.556250000000000000e+01,1.104586502627064562e-06
1.558333333333333215e+01,1.153733402574046829e-06
1.560416666666666607e+01,1.203451544375024243e-06
1.562500000000000000e+01,1.253739024520686461e-06
1.564583333333333215e+01,1.304593868373662404e-06
1.566666666666666607e+01,1.356014027976863167e-06
1.568750000000000000e+01,1.407997386292021546e-06
1.570833333333333215e+01,1.460541747038914982e-06
1.572916666666666607e+01,1.513644842626377511e-06
1.575000000000000000e+01,1.567304326118504602e-06
1.577083333333333215e+01,1.621517775969618155e-06
1.579166666666666607e+01,1.623253319012181131e-06
1.581250000000000000e+01,1.593536522577879755e-06
1.583333333333333215e+01,1.562504153397855186e-06
1.585416666666666607e+01,1.530163656146929153e-06
1.587500000000000000e+01,1.496522271505012891e-06
1.589583333333333215e+01,1.461587258581424862e-06
1.591666666666666607e+01,1.425365995387299821e-06
1.593750000000000000e+01,1.387866042047915742e-06
1.595833333333333215e+01,1.349095162935292460e-06
1.597916666666666607e+01,1.309061340209018761e-06
1.600000000000000000e+01,1.267772779881616666e-06
1.602083333333333215e+01,1.225237916768157281e-06
1.604166666666666430e+01,1.181465413169392231e-06
1.606250000000000000e+01,1.136464163663674203e-06
1.608333333333333215e+01,1.090243290122633507e-06
1.610416666666666430e+01,1.042812143489874196e-06
1.612500000000000000e+01,9.941803059270057422e-07
1.614583333333333215e+01,9.443575875589888078e-07
1.616666666666666430e+01,8.933540275810460586e-07
1.618750000000000000e+01,8.411798934985657116e-07
1.620833333333333215e+01,7.878456788750999093e-07
1.622916666666666430e+01,7.333621040075486578e-07
1.625000000000000000e+01,6.777401186510186546e-07
1.627083333333333215e+01,6.209908955440444658e-07
1.629166666666666430e+01,5.631258344951564717e-07
1.631250000000000000e+01,5.041565568912600679e-07
1.633333333333333215e+01,4.440949079562915293e-07
1.635416666666666430e+01,3.829529575337219229e-07
1.637500000000000000e+01,3.207429970681917287e-07
1.639583333333333215e+01,2.574775364736965670e-07
1.641666666666666430e+01,1.931693075488701527e-07
1.643750000000000000e+01,1.278312582731263673e-07
1.645833333333333215e+01,6.147655672135842330e-08
1.647916666666666430e+01,-5.881415942809424085e-09
1.650000000000000000e+01,-7.422905948154995475e-08
1.652083333333333215e+01,-1.435525625993721745e-07
1.654166666666666430e+01,-2.138379002676245000e-07
1.656250000000000000e+01,-2.850708360145916375e-07
1.658333333333333215e+01,-3.572369241336157948e-07
1.660416666666666430e+01,-4.303215120368888508e-07
1.662500000000000000e+01,-3.568593645810281295e-07
1.664583333333333215e+01,-2.070626658108996947e-07
1.666666666666666430e+01,-5.324528384176770331e-08
1.668750000000000000e+01,1.046147418465259857e-07
1.670833333333333215e+01,2.665258859065157237e-07
1.672916666666666430e+01,4.324898804231460208e-07
1.675000000000000000e+01,6.025049778742558485e-07
1.677083333333333215e+01,7.765675257138921198e-07
1.679166666666666430e+01,9.546727313721657549e-07
1.681250000000000000e+01,1.136815023884083051e-06
1.683333333333333215e+01,1.322988221288574618e-06
1.685416666666666430e+01,1.513185608505284867e-06
1.687500000000000000e+01,1.707399973198216467e-06
1.689583333333333215e+01,1.905623611654738267e-06
1.691666666666666430e+01,2.107848334432147485e-06
1.693750000000000000e+01,2.314065456041831201e-06
1.695833333333333215e+01,2.524265791410338563e-06
1.697916666666666430e+01,2.738439644600613839e-06
1.700000000000000000e+01,2.956576799286527533e-06
1.702083333333333215e+01,3.178666507617352237e-06
1.704166666666666430e+01,3.404697480649124498e-06
1.706250000000000000e+01,3.634657879174267181e-06
1.708333333333333215e+01,3.868535299056668765e-06
1.710416666666666430e+01,4.106316759485099463e-06
1.712500000000000000e+01,4.347988697585026701e-06
1.714583333333333215e+01,4.593536947707236539e-06
1.716666666666666430e+01,4.842946735481867362e-06
1.718750000000000000e+01,5.096202664385431267e-06
1.720833333333333215e+01,5.353288702104612749e-06
1.722916666666666430e+01,5.614188168268747282e-06
1.725000000000000000e+01,5.878883719914030364e-06
1.727083333333333215e+01,6.147357342305977368e-06
1.729166666666666430e+01,6.419590327848962993e-06
1.731250000000000000e+01,6.695563273672960871e-06
1.733333333333333215e+01,6.975256057817143798e-06
1.735416666666666430e+01,7.258647829819199461e-06
1.737500000000000000e+01,7.545716995210821787e-06
1.739583333333333215e+01,7.836441197902020096e-06
1.741666666666666430e+01,8.130797310573946056e-06
1.743750000000000000e+01,8.428761417593585227e-06
1.745833333333333215e+01,8.457776358701786854e-06
1.747916666666666430e+01,8.366959606181281046e-06
1.750000000000000000e+01,8.270970697445680778e-06
1.752083333333333215e+01,8.169835460099564059e-06
1.754166666666666430e+01,8.063574441401261640e-06
1.756250000000000000e+01,7.952205888199111229e-06
1.758333333333333215e+01,7.835747276214747597e-06
1.760416666666666430e+01,7.714216064927333804e-06
1.762500000000000000e+01,7.587630098090383194e-06
1.764583333333333215e+01,7.456007793838018883e-06
1.766666666666666430e+01,7.319368238371687317e-06
1.768750000000000000e+01,7.177731242090355913e-06
1.770833333333333215e+01,7.031117361697747718e-06
1.772916666666666430e+01,6.879547910189822088e-06
1.775000000000000000e+01,6.723044968003836540e-06
1.777083333333333215e+01,6.561631384268292939e-06
1.779166666666666430e+01,6.395330778724065829e-06
1.781250000000000000e+01,6.224167544866290724e-06
1.783333333333333215e+01,6.048166849805031427e-06
1.785416666666666430e+01,5.867354632022625627e-06
1.787500000000000000e+01,5.681757604101016634e-06
1.789583333333333215e+01,5.491403253031558224e-06
1.791666666666666430e+01,5.296319836193918845e-06
1.793750000000000000e+01,5.096536385800602403e-06
1.795833333333333215e+01,4.892082707225612501e-06
1.797916666666666430e+01,4.682989375325268265e-06
1.800000000000000000e+01,4.469287734527141113e-06
1.802083333333333215e+01,4.251009901938823219e-06
1.804166666666666430e+01,4.028188758958493922e-06
1.806250000000000000e+01,3.800857958700746188e-06
1.808333333333333215e+01,3.569051916297311862e-06
1.810416666666666430e+01,3.332805810790860466e-06
1.812500000000000000e+01,3.092155584299856060e-06
1.814583333333333215e+01,2.847137938097994936e-06
1.816666666666666430e+01,2.597790331849820221e-06
1.818750000000000000e+01,2.344150979197825909e-06
1.820833333333333215e+01,2.086258847374985451e-06
1.822916666666666430e+01,1.824153656198566400e-06
1.825000000000000000e+01,1.557875868342848302e-06
1.827083333333333215e+01,1.287466693066116581e-06
1.829166666666666430e+01,1.469265418416559133e-06
1.831250000000000000e+01,1.823398957841321097e-06
1.833333333333333215e+01,2.186999910601713439e-06
1.835416666666666430e+01,2.560041255471920058e-06
1.837500000000000000e+01,2.942494856652860139e-06
1.839583333333333215e+01,3.334331476642781362e-06
1.841666666666666430e+01,3.735520790880849349e-06
1.843750000000000000e+01,4.146031381636563050e-06
1.845833333333333215e+01,4.565830730032647889e-06
1.847916666666666430e+01,4.994885200495344781e-06
1.850000000000000000e+01,5.433160034406498310e-06
1.852083333333333215e+01,5.880619332374558291e-06
1.854166666666666430e+01,6.337226040549255640e-06
1.856250000000000000e+01,6.802941936874784490e-06
1.858333333333333215e+01,7.277727619080106585e-06
1.860416666666666430e+01,7.761542487047642849e-06
1.862500000000000000e+01,8.254344726937397532e-06
1.864583333333333215e+01,8.756091301770482774e-06
1.866666666666666430e+01,9.266737931524834525e-06
1.868750000000000000e+01,9.786239076275304638e-06
1.870833333333333215e+01,1.031454792585975727e-05
1.872916666666666430e+01,1.085161637855547353e-05
1.875000000000000000e+01,1.139739502532009500e-05
1.877083333333333215e+01,1.195183313823551433e-05
1.879166666666666430e+01,1.251487865027323216e-05
1.881250000000000000e+01,1.308647813722135404e-05
1.883333333333333215e+01,1.366657680487139433e-05
1.885416666666666430e+01,1.425511846804620626e-05
1.887500000000000000e+01,1.485204553317508442e-05
1.889583333333333215e+01,1.545729898120337580e-05
1.891666666666666430e+01,1.607081835207385367e-05
1.893750000000000000e+01,1.669254172450570324e-05
1.895833333333333215e+01,1.732240569747450719e-05
1.897916666666666430e+01,1.796034537137547124e-05
1.900000000000000000e+01,1.860629432787973722e-05
1.902083333333333215e+01,1.926018461664454458e-05
1.904166666666666430e+01,1.992194672833716559e-05
1.906250000000000000e+01,2.059150957805004433e-05
1.908333333333333215e+01,2.126880049050958207e-05
1.910416666666666430e+01,2.195374517033283623e-05
1.912500000000000000e+01,2.200044433264664419e-05
1.914583333333333215e+01,2.184353877298695918e-05
1.916666666666666430e+01,2.167586607233535053e-05
1.918750000000000000e+01,2.149738920876495633e-05
1.920833333333333215e+01,2.130808841803645236e-05
1.922916666666666430e+01,2.110795352856846769e-05
1.925000000000000000e+01,2.089697997769760076e-05
1.927083333333333215e+01,2.067516675171123582e-05
1.929166666666666430e+01,2.044251534260209675e-05
1.931250000000000000e+01,2.019902922079976149e-05
1.933333333333333215e+01,1.994471358035743895e-05
1.935416666666666430e+01,1.967957520552665815e-05
1.937500000000000000e+01,1.940362242185192365e-05
1.939583333333333215e+01,1.911686506928225775e-05
1.941666666666666430e+01,1.881931449651459584e-05
1.943750000000000000e+01,1.851098356753384981e-05
1.945833333333333215e+01,1.819188666138950476e-05
1.947916666666666430e+01,1.786203969019728162e-05
1.950000000000000000e+01,1.752146010193207239e-05
1.952083333333333215e+01,1.717016689299607614e-05
1.954166666666666430e+01,1.680818061973336829e-05
1.956250000000000000e+01,1.643552340686538647e-05
1.958333333333333215e+01,1.605221895768174661e-05
1.960416666666666430e+01,1.565829256803171949e-05
1.962500000000000000e+01,1.525377112779785966e-05
1.964583333333333215e+01,1.483868313876630345e-05
1.966666666666666430e+01,1.441305872246261307e-05
1.968750000000000000e+01,1.397692962864920615e-05
1.970833333333333215e+01,1.353032923932341046e-05
1.972916666666666430e+01,1.307329258951687132e-05
1.975000000000000000e+01,1.260585636307528268e-05
1.977083333333333215e+01,1.212805891008291034e-05
1.979166666666666430e+01,1.163994025224548290e-05
1.981250000000000000e+01,1.114154209145833999e-05
1.983333333333333215e+01,1.063290781431386896e-05
1.985416666666666430e+01,1.011408250497314125e-05
1.987500000000000000e+01,9.585112950598458106e-06
1.989583333333333215e+01,9.046047644806195701e-06
1.991666666666666430e+01,8.496936798108930755e-06
1.993750000000000000e+01,7.937832344603151894e-06
1.995833333333333215e+01,7.940335796712496864e-06
1.997916666666666430e+01,8.089422788719193732e-06
2.000000000000000000e+01,8.244740603156505462e-06
2.002083333333333215e+01,8.406219213632349277e-06
2.004166666666666430e+01,8.573815713182270169e-06
2.006250000000000000e+01,8.747500222496123142e-06
2.008333333333333215e+01,8.927248946943865904e-06
2.010416666666666430e+01,9.113040761884069234e-06
2.012500000000000000e+01,9.304855533696144195e-06
2.014583333333333215e+01,9.502673288938756629e-06
2.016666666666666430e+01,9.706473815188991405e-06
2.018750000000000000e+01,9.916236454032865218e-06
2.020833333333333215e+01,1.013194000019909147e-05
2.022916666666666430e+01,1.035356265376893250e-05
2.025000000000000000e+01,1.058108198898326263e-05
2.027083333333333215e+01,1.081447494256167889e-05
2.029166666666666430e+01,1.105371779372082949e-05
2.031250000000000000e+01,1.129878616859302888e-05
2.033333333333333215e+01,1.154965502445869380e-05
2.035416666666666430e+01,1.180629865021940940e-05
2.037500000000000000e+01,1.206869065647233961e-05
2.039583333333333215e+01,1.233680397350344684e-05
2.041666666666666430e+01,1.261061084627699563e-05
2.043750000000000000e+01,1.289008282524434392e-05
2.045833333333333215e+01,1.317519076625979204e-05
2.047916666666666430e+01,1.346590482289149543e-05
2.050000000000000000e+01,1.376219443893855875e-05
2.052083333333333215e+01,1.406402834867929614e-05
2.054166666666666430e+01,1.437137456910994798e-05
2.056250000000000000e+01,1.468420039372138238e-05
2.058333333333333215e+01,1.500247238672984205e-05
2.060416666666666430e+01,1.532615638190043241e-05
2.062500000000000000e+01,1.565521747190833866e-05
2.064583333333333215e+01,1.598962000827498155e-05
2.066666666666666430e+01,1.632932759383843484e-05
2.068750000000000000e+01,1.667430307746422806e-05
2.070833333333333215e+01,1.702450854905062695e-05
2.072916666666666430e+01,1.737990533367118721e-05
2.075000000000000000e+01,1.774045398797419025e-05
2.077083333333333215e+01,1.810611429193801744e-05
2.079166666666666430e+01,1.822178874078709689e-05
2.081250000000000000e+01,1.828606935366738852e-05
2.083333333333333215e+01,1.834906469896698536e-05
2.085416666666666430e+01,1.841079915258132070e-05
2.087500000000000000e+01,1.847128681205921659e-05
2.089583333333333215e+01,1.853053713123150510e-05
2.091666666666666430e+01,1.858855752477513835e-05
2.093750000000000000e+01,1.864535458525531450e-05
2.095833333333333215e+01,1.870093464300685287e-05
2.097916666666666430e+01,1.875530402684121449e-05
2.100000000000000000e+01,1.880846918574138245e-05
2.102083333333333215e+01,1.886043674986389747e-05
2.104166666666666430e+01,1.891121355205796704e-05
2.106250000000000000e+01,1.896080664479161981e-05
2.108333333333333215e+01,1.900922331105823056e-05
2.110416666666666430e+01,1.905647106304532320e-05
2.112500000000000000e+01,1.910255764740333598e-05
2.114583333333333215e+01,1.914749104947907515e-05
2.116666666666666430e+01,1.919127949325609745e-05
2.118750000000000000e+01,1.923393144498026860e-05
2.120833333333333215e+01,1.927545561452808064e-05
2.122916666666666430e+01,1.931586095576469280e-05
2.125000000000000000e+01,1.935515667218314138e-05
2.127083333333333215e+01,1.939335221673018305e-05
2.129166666666666430e+01,1.943045729199475625e-05
2.131250000000000000e+01,1.946648185552012124e-05
2.133333333333333215e+01,1.950143611935562044e-05
2.135416666666666430e+01,1.953533055465910307e-05
2.137500000000000000e+01,1.956817589009832327e-05
2.139583333333333215e+01,1.959998311830771640e-05
2.141666666666666430e+01,1.963076349370088225e-05
2.143750000000000000e+01,1.966052853983642421e-05
2.145833333333333215e+01,1.968929004219505875e-05
2.147916666666666430e+01,1.971706005911709101e-05
2.150000000000000000e+01,1.974385092113224908e-05
2.152083333333333215e+01,1.976967523040993254e-05
2.154166666666666430e+01,1.979454586769822494e-05
2.156250000000000000e+01,1.981847599047554929e-05
2.158333333333333215e+01,1.984147903585718715e-05
2.160416666666666430e+01,1.986356872283467781e-05
2.162500000000000000e+01,1.996892431319143531e-05
2.164583333333333215e+01,2.008823063182560984e-05
2.166666666666666430e+01,2.020876442486555340e-05
2.168750000000000000e+01,2.033051980813531718e-05
2.170833333333333215e+01,2.045349554824835628e-05
2.172916666666666430e+01,2.057769260441299315e-05
2.175000000000000000e+01,2.070311295520376534e-05
2.177083333333333215e+01,2.082975903876660027e-05
2.179166666666666430e+01,2.095763349775994584e-05
2.181250000000000000e+01,2.108673904409227219e-05
2.183333333333333215e+01,2.121707840672208407e-05
2.185416666666666430e+01,2.134865429726868135e-05
2.187500000000000000e+01,2.148146940327460484e-05
2.189583333333333215e+01,2.161552637271998682e-05
2.191666666666666430e+01,2.175082781742074898e-05
2.193750000000000000e+01,2.188737630754657807e-05
2.195833333333333215e+01,2.202517437191946437e-05
2.197916666666666430e+01,2.216422449790666379e-05
2.200000000000000000e+01,2.230452913179406668e-05
2.202083333333333215e+01,2.244609067316858376e-05
2.204166666666666430e+01,2.258891148209497504e-05
2.206250000000000000e+01,2.273299387139515461e-05
2.208333333333333215e+01,2.287834010976292056e-05
2.210416666666666430e+01,2.302495242281784015e-05
2.212500000000000000e+01,2.317283298981306650e-05
2.214583333333333215e+01,2.332198394486730738e-05
2.216666666666666430e+01,2.347240737746949079e-05
2.218750000000000000e+01,2.362410532820890242e-05
2.220833333333333215e+01,2.377707979369258795e-05
2.222916666666666430e+01,2.393133272220134122e-05
2.225000000000000000e+01,2.408686601372182369e-05
2.227083333333333215e+01,2.424368152109455837e-05
2.229166666666666430e+01,2.440178105030297136e-05
2.231250000000000000e+01,2.456116635456751559e-05
2.233333333333333215e+01,2.472183914235372699e-05
2.235416666666666430e+01,2.488380106948141462e-05
2.237500000000000000e+01,2.504705374607979728e-05
2.239583333333333215e+01,2.521159872571679113e-05
2.241666666666666430e+01,2.537743751682205865e-05
2.243750000000000000e+01,2.554457157312127255e-05
2.245833333333333215e+01,2.567484107472122731e-05
2.247916666666666430e+01,2.580133395171257897e-05
2.250000000000000000e+01,2.592822937241269523e-05
2.252083333333333215e+01,2.605553919397423951e-05
2.254166666666666430e+01,2.618327244846886206e-05
2.256250000000000000e+01,2.631143687780388766e-05
2.258333333333333215e+01,2.644003966000089742e-05
2.260416666666666430e+01,2.656908775125494464e-05
2.262500000000000000e+01,2.669858804775258624e-05
2.264583333333333215e+01,2.682854746524663354e-05
2.266666666666666430e+01,2.695897297170116120e-05
2.268750000000000000e+01,2.708987160614736864e-05
2.270833333333333215e+01,2.722125048774504702e-05
2.272916666666666430e+01,2.735311682055035153e-05
2.275000000000000000e+01,2.748547789618305734e-05
2.277083333333333215e+01,2.761834109129018036e-05
2.279166666666666430e+01,2.775171387607067614e-05
2.281250000000000000e+01,2.788560380856488260e-05
2.283333333333333215e+01,2.802001853910518692e-05
2.285416666666666430e+01,2.815496580948855565e-05
2.287500000000000000e+01,2.829045345058461190e-05
2.289583333333333215e+01,2.842648939174588347e-05
2.291666666666666430e+01,2.856308165396327170e-05
2.293750000000000000e+01,2.870023835245796899e-05
2.295833333333333215e+01,2.883796769619030500e-05
2.297916666666666430e+01,2.897627799328924479e-05
2.300000000000000000e+01,2.911517764513045964e-05
2.302083333333333215e+01,2.925467515401571406e-05
2.304166666666666430e+01,2.939477911568393582e-05
2.306250000000000000e+01,2.953549822767500223e-05
2.308333333333333215e+01,2.967684128569584681e-05
2.310416666666666430e+01,2.981881718760500392e-05
2.312500000000000000e+01,2.996143492913496702e-05
2.314583333333333215e+01,3.010470360921571622e-05
2.316666666666666430e+01,3.024863242892935424e-05
2.318750000000000000e+01,3.039323069207141141e-05
2.320833333333333215e+01,3.053850780643422940e-05
2.322916666666666430e+01,3.068447328544500089e-05
2.325000000000000000e+01,3.083113674502345019e-05
2.327083333333333215e+01,3.097850790922504114e-05
2.329166666666666430e+01,3.119021451214480038e-05
2.331250000000000000e+01,3.140857925818665240e-05
2.333333333333333215e+01,3.162910415237278676e-05
2.335416666666666430e+01,3.185177222154748699e-05
2.337500000000000000e+01,3.207657666370503064e-05
2.339583333333333215e+01,3.230351545857404347e-05
2.341666666666666430e+01,3.253258880823614948e-05
2.343750000000000000e+01,3.276379791905733587e-05
2.345833333333333215e+01,3.299714442600978280e-05
2.347916666666666430e+01,3.323263011479465483e-05
2.350000000000000000e+01,3.347025679338530579e-05
2.352083333333333215e+01,3.371002622726418992e-05
2.354166666666666430e+01,3.395194010937573688e-05
2.356250000000000000e+01,3.419600004991695522e-05
2.358333333333333215e+01,3.444220756179505575e-05
2.360416666666666430e+01,3.469056406083382942e-05
2.362500000000000000e+01,3.494107086549740613e-05
2.364583333333333215e+01,3.519372918861477678e-05
2.366666666666666430e+01,3.544854014658890481e-05
2.368750000000000000e+01,3.570550474745748517e-05
2.370833333333333215e+01,3.596462389812707996e-05
2.372916666666666430e+01,3.622589840020394098e-05
2.375000000000000000e+01,3.648932894891982967e-05
2.377083333333333215e+01,3.675491613430159339e-05
2.379166666666666430e+01,3.702266043948064354e-05
2.381250000000000000e+01,3.729256223888081326e-05
2.383333333333333215e+01,3.756462179882849898e-05
2.385416666666666430e+01,3.783883927544697039e-05
2.387500000000000000e+01,3.811521471726674981e-05
2.389583333333333215e+01,3.839374806168623419e-05
2.391666666666666430e+01,3.867443913251775259e-05
2.393750000000000000e+01,3.895728764469977984e-05
2.395833333333333215e+01,3.924229319675800451e-05
2.397916666666666430e+01,3.952945527605132922e-05
2.400000000000000000e+01,3.981877325422247024e-05
2.402083333333333215e+01,4.011024638748746655e-05
2.404166666666666430e+01,4.040387382012643815e-05
2.406250000000000000e+01,4.069965457350247477e-05
2.408333333333333215e+01,4.099758755496317285e-05
2.410416666666666430e+01,4.129767155573034444e-05
2.412500000000000000e+01,4.159990524337540339e-05
2.414583333333333215e+01,4.190428717194324547e-05
2.416666666666666430e+01,4.221081576926565313e-05
2.418750000000000000e+01,4.251948934501394286e-05
2.420833333333333215e+01,4.283030608814583851e-05
2.422916666666666430e+01,4.314326406224743379e-05
2.425000000000000000e+01,4.345836120825834122e-05
2.427083333333333215e+01,4.377559534393388722e-05
2.429166666666666430e+01,4.409496416320358964e-05
2.431250000000000000e+01,4.441646523156123858e-05
2.433333333333333215e+01,4.474009598881374189e-05
2.435416666666666430e+01,4.506585375026297334e-05
2.437500000000000000e+01,4.539373569992273273e-05
2.439583333333333215e+01,4.572373889539762181e-05
2.441666666666666430e+01,4.605586026321253175e-05
2.443750000000000000e+01,4.639009660153009415e-05
2.445833333333333215e+01,4.672644457659588037e-05
2.447916666666666430e+01,4.706490072360732175e-05
2.450000000000000000e+01,4.740546144377703284e-05
2.452083333333333215e+01,4.774812300589059309e-05
2.454166666666666430e+01,4.809288154553834896e-05
2.456250000000000000e+01,4.843973306268553386e-05
2.458333333333333215e+01,4.878867342179987201e-05
2.460416666666666430e+01,4.913969834961513360e-05
2.462500000000000000e+01,4.949280343809665816e-05
2.464583333333333215e+01,4.984798414063398885e-05
2.466666666666666430e+01,5.020523577177424008e-05
2.468750000000000000e+01,5.056455350519680782e-05
2.470833333333333215e+01,5.092593237742891016e-05
2.472916666666666430e+01,5.128936728092146560e-05
2.475000000000000000e+01,5.165485296714167140e-05
2.477083333333333215e+01,5.202238404489700990e-05
2.479166666666666430e+01,5.239195498082331576e-05
2.481250000000000000e+01,5.276356009508407791e-05
2.483333333333333215e+01,5.313719356621762969e-05
2.485416666666666430e+01,5.351284942252205800e-05
2.487500000000000000e+01,5.389052155015246567e-05
2.489583333333333215e+01,5.427020368406430535e-05
2.491666666666666430e+01,5.465188941356467767e-05
2.493750000000000000e+01,5.503557217791482073e-05
