0.000000000000000000e+00,0.000000000000000000e+00
2.083333333333333218e-02,-3.081908100515896856e-15
4.166666666666666435e-02,-7.913346795911571846e-14
6.250000000000000000e-02,-3.298233726511741840e-13
8.333333333333332871e-02,-9.003043641499540093e-13
1.041666666666666574e-01,-1.970872208573931138e-12
1.250000000000000000e-01,-3.750413765357069842e-12
1.458333333333333148e-01,-6.473147879961272727e-12
1.666666666666666574e-01,-1.039370954692897231e-11
1.875000000000000000e-01,-1.578058534807358001e-11
2.083333333333333148e-01,-2.291422991653382557e-11
2.291666666666666574e-01,-3.208041053962538457e-11
2.500000000000000000e-01,-4.356636224210771776e-11
2.708333333333333148e-01,-5.765812496095280464e-11
2.916666666666666297e-01,-7.463481828044111839e-11
3.125000000000000000e-01,-9.476268651971440312e-11
3.333333333333333148e-01,-1.182952418425307394e-10
3.541666666666666297e-01,-1.454678856333684759e-10
3.750000000000000000e-01,-1.764913451379637971e-10
3.958333333333333148e-01,-2.115508755904614028e-10
4.166666666666666297e-01,-2.508030649806936121e-10
4.375000000000000000e-01,-2.943712022884571079e-10
4.583333333333333148e-01,-3.423407498513453144e-10
4.791666666666666297e-01,-3.947579174744669689e-10
5.000000000000000000e-01,-4.516265480569362565e-10
5.208333333333332593e-01,-5.129041085741511043e-10
5.416666666666666297e-01,-5.784989508991938133e-10
5.625000000000000000e-01,-6.482665522695191226e-10
5.833333333333332593e-01,-7.220097319546539558e-10
6.041666666666666297e-01,-7.994741813173022271e-10
6.250000000000000000e-01,-8.803442255486672298e-10
6.458333333333332593e-01,-9.642418950233122615e-10
6.666666666666666297e-01,-1.050726473668577803e-09
6.875000000000000000e-01,-1.139289445679068972e-09
7.083333333333332593e-01,-1.229353378694023531e-09
7.291666666666666297e-01,-1.320269992453903860e-09
7.500000000000000000e-01,-1.411319372549151371e-09
7.708333333333332593e-01,-1.501706662907507374e-09
7.916666666666666297e-01,-1.590559071730669184e-09
8.125000000000000000e-01,-1.676927726126260602e-09
8.333333333333332593e-01,-1.759784089563184652e-09
8.541666666666666297e-01,-1.838017650336800135e-09
8.750000000000000000e-01,-1.910437541370734304e-09
8.958333333333332593e-01,-1.975768639844816609e-09
9.166666666666666297e-01,-2.032652766830592695e-09
9.375000000000000000e-01,-2.079645697002877132e-09
9.583333333333332593e-01,-2.115215771406242649e-09
9.791666666666666297e-01,-2.137745731398870145e-09
1.000000000000000000e+00,-2.145530446823315296e-09
1.020833333333333259e+00,-2.136776369203454744e-09
1.041666666666666519e+00,-2.109602082321950155e-09
1.062500000000000000e+00,-2.062036994905807288e-09
1.083333333333333259e+00,-1.992021256289613266e-09
1.104166666666666519e+00,-1.897404271220955683e-09
1.125000000000000000e+00,-1.775947351100419293e-09
1.145833333333333259e+00,-1.625321505465845282e-09
1.166666666666666519e+00,-1.443107539330665916e-09
1.187500000000000000e+00,-1.226797785145467465e-09
1.208333333333333259e+00,-9.737959729449211017e-10
1.229166666666666519e+00,-6.814169870642106285e-10
1.250000000000000000e+00,-3.468877998876990134e-10
1.270833333333333259e+00,3.265324989789663841e-11
1.291666666666666519e+00,4.601524227134840407e-10
1.312500000000000000e+00,9.386433655950848733e-10
1.333333333333333259e+00,1.471244433153338293e-09
1.354166666666666519e+00,2.061158711098388513e-09
1.375000000000000000e+00,2.711672531568323589e-09
1.395833333333333259e+00,3.426153401907292843e-09
1.416666666666666519e+00,4.208048760369791112e-09
1.437500000000000000e+00,5.060887184257610009e-09
1.458333333333333259e+00,5.988274929571874353e-09
1.479166666666666519e+00,6.993894510311800520e-09
1.500000000000000000e+00,8.081503067019211738e-09
1.520833333333333259e+00,9.254930776542235082e-09
1.541666666666666519e+00,1.051808067629102291e-08
1.562500000000000000e+00,1.187492553305959819e-08
1.583333333333333259e+00,1.332950429845042938e-08
1.604166666666666519e+00,1.486886733881768997e-08
1.625000000000000000e+00,1.623950948798460866e-08
1.645833333333333259e+00,1.748400511902049166e-08
1.666666666666666519e+00,1.875235831720400496e-08
1.687500000000000000e+00,2.004282770326956955e-08
1.708333333333333259e+00,2.135358486651915882e-08
1.729166666666666519e+00,2.268270717265209670e-08
1.750000000000000000e+00,2.402817454646371392e-08
1.770833333333333259e+00,2.538786672109375177e-08
1.791666666666666519e+00,2.675956150111361696e-08
1.812500000000000000e+00,2.814092985389998318e-08
1.833333333333333259e+00,2.952953310636589807e-08
1.854166666666666519e+00,3.092282331591859122e-08
1.875000000000000000e+00,3.231813825379561801e-08
1.895833333333333259e+00,3.371269644479493510e-08
1.916666666666666519e+00,3.510359579183872645e-08
1.937500000000000000e+00,3.648781407071633479e-08
1.958333333333333259e+00,3.786220059227334518e-08
1.979166666666666519e+00,3.922347468981027042e-08
2.000000000000000000e+00,4.056822219868352325e-08
2.020833333333333037e+00,4.189289380392754541e-08
2.041666666666666519e+00,4.319380112068258314e-08
2.062500000000000000e+00,4.446710917783379510e-08
2.083333333333333037e+00,4.570883625580854576e-08
2.104166666666666519e+00,4.691485033280067969e-08
2.125000000000000000e+00,4.808086438871480335e-08
2.145833333333333037e+00,4.920243106402443573e-08
2.166666666666666519e+00,5.027493925602514043e-08
2.187500000000000000e+00,5.129361122743020022e-08
2.208333333333333037e+00,5.225349744214388062e-08
2.229166666666666519e+00,5.314947104067098469e-08
2.250000000000000000e+00,5.397622436794208443e-08
2.270833333333333037e+00,5.472826384459085852e-08
2.291666666666666519e+00,5.539990505547886398e-08
2.312500000000000000e+00,5.598526796966340989e-08
2.333333333333333037e+00,5.647827245581105255e-08
2.354166666666666519e+00,5.687263150994080095e-08
2.375000000000000000e+00,5.716184898339524332e-08
2.395833333333333037e+00,5.733921122662663550e-08
2.416666666666666519e+00,5.739778256303992485e-08
2.437500000000000000e+00,5.746822193262488853e-08
2.458333333333333037e+00,5.878891320375418568e-08
2.479166666666666519e+00,6.089740603204784527e-08
2.500000000000000000e+00,6.296365870380651570e-08
2.520833333333333037e+00,6.498603199691516621e-08
2.541666666666666519e+00,6.696286919641724268e-08
2.562500000000000000e+00,6.889249932038088435e-08
2.583333333333333037e+00,7.077323345387118904e-08
2.604166666666666519e+00,7.260335939418188002e-08
2.625000000000000000e+00,7.438113175991109044e-08
2.645833333333333037e+00,7.610476753620100617e-08
2.666666666666666519e+00,7.777243400318492584e-08
2.687500000000000000e+00,7.938224294656651181e-08
2.708333333333333037e+00,8.093223783123026298e-08
2.729166666666666519e+00,8.242038346321508726e-08
2.750000000000000000e+00,8.384455834389982890e-08
2.770833333333333037e+00,8.520254010888783002e-08
2.791666666666666519e+00,8.649199703905046240e-08
2.812500000000000000e+00,8.771047484942127060e-08
2.833333333333333037e+00,8.885538338403197677e-08
2.854166666666666519e+00,8.992398374277721674e-08
2.875000000000000000e+00,9.091337692205219597e-08
2.895833333333333037e+00,9.182048979899200261e-08
2.916666666666666519e+00,9.264206062095738791e-08
2.937500000000000000e+00,9.337462378065159352e-08
2.958333333333333037e+00,9.401449608410416112e-08
2.979166666666666519e+00,9.455775908963757070e-08
3.000000000000000000e+00,9.500024417746756579e-08
3.020833333333333037e+00,9.533751725564301183e-08
3.041666666666666519e+00,9.556486039638091700e-08
3.062500000000000000e+00,9.567725580593190658e-08
3.083333333333333037e+00,9.566936596065938150e-08
3.104166666666666519e+00,9.553551602477386797e-08
3.125000000000000000e+00,9.526967596314948228e-08
3.145833333333333037e+00,9.486543969161047515e-08
3.166666666666666519e+00,9.431600490820177259e-08
3.187500000000000000e+00,9.361415262906249389e-08
3.208333333333333037e+00,9.275222771331864394e-08
3.229166666666666519e+00,9.172211609088100011e-08
3.250000000000000000e+00,9.051522289964954686e-08
3.270833333333333037e+00,8.893120670242454125e-08
3.291666666666666519e+00,8.584201980941044176e-08
3.312500000000000000e+00,8.193730626086859766e-08
3.333333333333333037e+00,7.807406909154012149e-08
3.354166666666666519e+00,7.425539750512445488e-08
3.375000000000000000e+00,7.048412707704243278e-08
3.395833333333333037e+00,6.676296863917473144e-08
3.416666666666666519e+00,6.309456981697722234e-08
3.437500000000000000e+00,5.948154188307089585e-08
3.458333333333333037e+00,5.592647255438016444e-08
3.479166666666666519e+00,5.243193067003536776e-08
3.500000000000000000e+00,4.900046637111358757e-08
3.520833333333333037e+00,4.563461507771308026e-08
3.541666666666666519e+00,4.233689471156464179e-08
3.562500000000000000e+00,3.910980321638797089e-08
3.583333333333333037e+00,3.595582032036606196e-08
3.604166666666666519e+00,3.287740307522840066e-08
3.625000000000000000e+00,2.987698712350839126e-08
3.645833333333333037e+00,2.695698536887400064e-08
3.666666666666666519e+00,2.411978389870596777e-08
3.687500000000000000e+00,2.136774323752784174e-08
3.708333333333333037e+00,1.870319689385700971e-08
3.729166666666666519e+00,1.612844732547082587e-08
3.750000000000000000e+00,1.364576528339145228e-08
3.770833333333333037e+00,1.125739010846512792e-08
3.791666666666666519e+00,8.965525324006645745e-09
3.812500000000000000e+00,6.772338269132765804e-09
3.833333333333333037e+00,4.679960184655167774e-09
3.854166666666666519e+00,2.690480094696351621e-09
3.875000000000000000e+00,8.059454329370944006e-10
3.895833333333333037e+00,-9.716392958425666161e-10
3.916666666666666519e+00,-2.640314730252200475e-09
3.937500000000000000e+00,-4.198169537861183294e-09
3.958333333333333037e+00,-5.643341767283087125e-09
3.979166666666666519e+00,-6.974020953861046835e-09
4.000000000000000000e+00,-8.188450775246916335e-09
4.020833333333333037e+00,-9.284931337301365316e-09
4.041666666666666075e+00,-1.026182038835923133e-08
4.062500000000000000e+00,-1.111753599893513898e-08
4.083333333333333037e+00,-1.185056008356833351e-08
4.104166666666666075e+00,-1.254763963777472984e-08
4.125000000000000000e+00,-1.372010991583909266e-08
4.145833333333333037e+00,-1.531879919486860351e-08
4.166666666666666075e+00,-1.706953132258945332e-08
4.187500000000000000e+00,-1.897418314595372661e-08
4.208333333333333037e+00,-2.103416137067774111e-08
4.229166666666666075e+00,-2.325043509224965959e-08
4.250000000000000000e+00,-2.562355245742416318e-08
4.270833333333333037e+00,-2.815364351636703800e-08
4.291666666666666075e+00,-3.084042340410457229e-08
4.312500000000000000e+00,-3.368319036896755077e-08
4.333333333333333037e+00,-3.668082043138317787e-08
4.354166666666666075e+00,-3.983176492719408055e-08
4.375000000000000000e+00,-4.313404543878233545e-08
4.395833333333333037e+00,-4.658525030951025627e-08
4.416666666666666075e+00,-5.018252984270228503e-08
4.437500000000000000e+00,-5.392259290497722857e-08
4.458333333333333037e+00,-5.780170328765009759e-08
4.479166666666666075e+00,-6.181567804209001911e-08
4.500000000000000000e+00,-6.595988276380988079e-08
4.520833333333333037e+00,-7.022922928390026780e-08
4.541666666666666075e+00,-7.461817556031299579e-08
4.562500000000000000e+00,-7.912072286053783703e-08
4.583333333333333037e+00,-8.373041369419372533e-08
4.604166666666666075e+00,-8.844033170232642034e-08
4.625000000000000000e+00,-9.324309830060296152e-08
4.645833333333333037e+00,-9.813087648883684266e-08
4.666666666666666075e+00,-1.030953683302503599e-07
4.687500000000000000e+00,-1.081278144779503718e-07
4.708333333333333037e+00,-1.132189970773682196e-07
4.729166666666666075e+00,-1.183592384243746745e-07
4.750000000000000000e+00,-1.235384033787838533e-07
4.770833333333333037e+00,-1.287459012791760161e-07
4.791666666666666075e+00,-1.339706879055705259e-07
4.812500000000000000e+00,-1.392012669894820934e-07
4.833333333333333037e+00,-1.444256931043876758e-07
4.854166666666666075e+00,-1.496315748912137516e-07
4.875000000000000000e+00,-1.548060788309996807e-07
4.895833333333333037e+00,-1.599359315246940808e-07
4.916666666666666075e+00,-1.650074249725017599e-07
4.937500000000000000e+00,-1.692988742250667712e-07
4.958333333333333037e+00,-1.701969266180382731e-07
4.979166666666666075e+00,-1.691207529384230342e-07
5.000000000000000000e+00,-1.679504285243594344e-07
5.020833333333333037e+00,-1.666873551337209918e-07
5.041666666666666075e+00,-1.653327159070092466e-07
5.062500000000000000e+00,-1.638875580801979294e-07
5.083333333333333037e+00,-1.623528358551179115e-07
5.104166666666666075e+00,-1.607294264520556801e-07
5.125000000000000000e+00,-1.590181390647692507e-07
5.145833333333333037e+00,-1.572197154305239766e-07
5.166666666666666075e+00,-1.553348333801859844e-07
5.187500000000000000e+00,-1.533641051480717417e-07
5.208333333333333037e+00,-1.513080750272497925e-07
5.229166666666666075e+00,-1.491672183375933703e-07
5.250000000000000000e+00,-1.469419390018035815e-07
5.270833333333333037e+00,-1.446325680996501871e-07
5.291666666666666075e+00,-1.422393642776901739e-07
5.312500000000000000e+00,-1.397625131158105127e-07
5.333333333333333037e+00,-1.372021240904651964e-07
5.354166666666666075e+00,-1.345582307635593791e-07
5.375000000000000000e+00,-1.318307925712811042e-07
5.395833333333333037e+00,-1.290196937135721047e-07
5.416666666666666075e+00,-1.261247416970307308e-07
5.437500000000000000e+00,-1.231456702701063433e-07
5.458333333333333037e+00,-1.200821390454292928e-07
5.479166666666666075e+00,-1.169337326888806867e-07
5.500000000000000000e+00,-1.136999647551469132e-07
5.520833333333333037e+00,-1.103802784999586187e-07
5.541666666666666075e+00,-1.069740471360371713e-07
5.562500000000000000e+00,-1.034805771494505986e-07
5.583333333333333037e+00,-9.989910905772422174e-08
5.604166666666666075e+00,-9.622882110392752155e-08
5.625000000000000000e+00,-9.246883109765705042e-08
5.645833333333333037e+00,-8.861819894936705750e-08
5.666666666666666075e+00,-8.467593043052635371e-08
5.687500000000000000e+00,-8.064097887713111180e-08
5.708333333333333037e+00,-7.651224937151817362e-08
5.729166666666666075e+00,-7.228860290750938429e-08
5.750000000000000000e+00,-6.796886103211836775e-08
5.770833333333333037e+00,-6.445069397906055239e-08
5.791666666666666075e+00,-6.442401928800164222e-08
5.812500000000000000e+00,-6.642875505769049102e-08
5.833333333333333037e+00,-6.855541490847884846e-08
5.854166666666666075e+00,-7.081166791951821073e-08
5.875000000000000000e+00,-7.320539980051357108e-08
5.895833333333333037e+00,-7.574482740284839532e-08
5.916666666666666075e+00,-7.843856140662597573e-08
5.937500000000000000e+00,-8.129564639923579955e-08
5.958333333333333037e+00,-8.432558511980702698e-08
5.979166666666666075e+00,-8.753836171116212465e-08
6.000000000000000000e+00,-9.094446227964430645e-08
6.020833333333333037e+00,-9.455489181654978359e-08
6.041666666666666075e+00,-9.838119374290088521e-08
6.062500000000000000e+00,-1.024354675572730117e-07
6.083333333333333037e+00,-1.067303860902328060e-07
6.104166666666666075e+00,-1.112792169989628013e-07
6.125000000000000000e+00,-1.160958422118228152e-07
6.145833333333333037e+00,-1.211947737753779748e-07
6.166666666666666075e+00,-1.265911784015812409e-07
6.187500000000000000e+00,-1.323008963600479322e-07
6.208333333333333037e+00,-1.383404625144751480e-07
6.229166666666666075e+00,-1.447271287227888946e-07
6.250000000000000000e+00,-1.514788854809388579e-07
6.270833333333333037e+00,-1.586144847418427600e-07
6.291666666666666075e+00,-1.661534615794934057e-07
6.312500000000000000e+00,-1.741161624552127915e-07
6.333333333333333037e+00,-1.825237642692948205e-07
6.354166666666666075e+00,-1.913983012025745577e-07
6.375000000000000000e+00,-2.007626902691597766e-07
6.395833333333333037e+00,-2.106407560138102121e-07
6.416666666666666075e+00,-2.210572589819115637e-07
6.437500000000000000e+00,-2.320379214287984463e-07
6.458333333333333037e+00,-2.436094542496560529e-07
6.479166666666666075e+00,-2.557995861572378309e-07
6.500000000000000000e+00,-2.686370898899254555e-07
6.520833333333333037e+00,-2.821518150291589386e-07
6.541666666666666075e+00,-2.963747184791040842e-07
6.562500000000000000e+00,-3.113378910831153263e-07
6.583333333333333037e+00,-3.270745910906389385e-07
6.604166666666666075e+00,-3.416179599089030584e-07
6.625000000000000000e+00,-3.498047992347066491e-07
6.645833333333333037e+00,-3.541986377555220099e-07
6.666666666666666075e+00,-3.583166228871251047e-07
6.687500000000000000e+00,-3.621496971975544039e-07
6.708333333333333037e+00,-3.656884638277471955e-07
6.729166666666666075e+00,-3.689233278744331884e-07
6.750000000000000000e+00,-3.718445690722711576e-07
6.770833333333333037e+00,-3.744423773906808740e-07
6.791666666666666075e+00,-3.767068724812232121e-07
6.812500000000000000e+00,-3.786281177396523520e-07
6.833333333333333037e+00,-3.801961258263945680e-07
6.854166666666666075e+00,-3.814008655174942779e-07
6.875000000000000000e+00,-3.822322673987362801e-07
6.895833333333333037e+00,-3.826802262175102345e-07
6.916666666666666075e+00,-3.827346075010161993e-07
6.937500000000000000e+00,-3.823852501150673078e-07
6.958333333333333037e+00,-3.816219696818016422e-07
6.979166666666666075e+00,-3.804345655396198242e-07
7.000000000000000000e+00,-3.788128241092160201e-07
7.020833333333333037e+00,-3.767465239568012394e-07
7.041666666666666075e+00,-3.742254390325000274e-07
7.062500000000000000e+00,-3.712393446973795205e-07
7.083333333333333037e+00,-3.677780242173418851e-07
7.104166666666666075e+00,-3.638312709286004704e-07
7.125000000000000000e+00,-3.593888968769381431e-07
7.145833333333333037e+00,-3.544407361322454665e-07
7.166666666666666075e+00,-3.489766502908535014e-07
7.187500000000000000e+00,-3.429865344375513891e-07
7.208333333333333037e+00,-3.364603243069060241e-07
7.229166666666666075e+00,-3.293880010833139107e-07
7.250000000000000000e+00,-3.217595980139669528e-07
7.270833333333333037e+00,-3.135652065826757066e-07
7.291666666666666075e+00,-3.047949830091896078e-07
7.312500000000000000e+00,-2.954391545173178606e-07
7.333333333333333037e+00,-2.854880269338924009e-07
7.354166666666666075e+00,-2.749319907729792984e-07
7.375000000000000000e+00,-2.637615287607991812e-07
7.395833333333333037e+00,-2.519672233238881247e-07
7.416666666666666075e+00,-2.395397638657882950e-07
7.437500000000000000e+00,-2.304971945652440826e-07
7.458333333333333037e+00,-2.332189878765335145e-07
7.479166666666666075e+00,-2.424318256944824561e-07
7.500000000000000000e+00,-2.520271157280981703e-07
7.520833333333333037e+00,-2.620128796591263273e-07
7.541666666666666075e+00,-2.723968571665919631e-07
7.562500000000000000e+00,-2.831866134696523786e-07
7.583333333333333037e+00,-2.943895889526554333e-07
7.604166666666666075e+00,-3.060131208345682888e-07
7.625000000000000000e+00,-3.180644527921238051e-07
7.645833333333333037e+00,-3.305507402548301695e-07
7.666666666666666075e+00,-3.434790496113755638e-07
7.687500000000000000e+00,-3.568563568995646571e-07
7.708333333333333037e+00,-3.706895459902155918e-07
7.729166666666666075e+00,-3.849854040864724412e-07
7.750000000000000000e+00,-3.997506221861479799e-07
7.770833333333333037e+00,-4.149917911472488668e-07
7.791666666666666075e+00,-4.307154001112390611e-07
7.812500000000000000e+00,-4.469278339746464744e-07
7.833333333333333037e+00,-4.636353712431049985e-07
7.854166666666666075e+00,-4.808441812850466863e-07
7.875000000000000000e+00,-4.985603229055913415e-07
7.895833333333333037e+00,-5.167897435614079630e-07
7.916666666666666075e+00,-5.355382759420931579e-07
7.937500000000000000e+00,-5.548116364089352597e-07
7.958333333333333037e+00,-5.746154251192807881e-07
7.979166666666666075e+00,-5.949551228611994297e-07
8.000000000000000000e+00,-6.158360903215560921e-07
8.020833333333332149e+00,-6.372635672067805408e-07
8.041666666666666075e+00,-6.592426720683244011e-07
8.062500000000000000e+00,-6.817784005674108283e-07
8.083333333333332149e+00,-7.048756235279073556e-07
8.104166666666666075e+00,-7.285390864137082596e-07
8.125000000000000000e+00,-7.527734106744649316e-07
8.145833333333332149e+00,-7.775830926193149668e-07
8.166666666666666075e+00,-8.029725007855387383e-07
8.187500000000000000e+00,-8.289458776111716408e-07
8.208333333333332149e+00,-8.555073401300301996e-07
8.229166666666666075e+00,-8.826608773378224635e-07
8.250000000000000000e+00,-9.104103529077542682e-07
8.270833333333332149e+00,-9.352095093361971576e-07
8.291666666666666075e+00,-9.509549298142792038e-07
8.312500000000000000e+00,-9.620765569327498727e-07
8.333333333333332149e+00,-9.732128198864583863e-07
8.354166666666666075e+00,-9.843630885796621135e-07
8.375000000000000000e+00,-9.955267404177897380e-07
8.395833333333332149e+00,-1.006703161056918033e-06
8.416666666666666075e+00,-1.017891740512368671e-06
8.437500000000000000e+00,-1.029091873422636913e-06
8.458333333333332149e+00,-1.040302960808909432e-06
8.479166666666666075e+00,-1.051524409606699142e-06
8.500000000000000000e+00,-1.062755631120023618e-06
8.520833333333332149e+00,-1.073996041532989282e-06
8.541666666666666075e+00,-1.085245062879413734e-06
8.562500000000000000e+00,-1.096502121993077491e-06
8.583333333333332149e+00,-1.107766650691414939e-06
8.604166666666666075e+00,-1.119038085084681042e-06
8.625000000000000000e+00,-1.130315867212124223e-06
8.645833333333332149e+00,-1.141599444214868859e-06
8.666666666666666075e+00,-1.152888266785590877e-06
8.687500000000000000e+00,-1.164181791379182264e-06
8.708333333333332149e+00,-1.175479479621162934e-06
8.729166666666666075e+00,-1.186780798508762954e-06
8.750000000000000000e+00,-1.198085218795058127e-06
8.770833333333332149e+00,-1.209392216271442240e-06
8.791666666666666075e+00,-1.220701271798536999e-06
8.812500000000000000e+00,-1.232011871512437770e-06
8.833333333333332149e+00,-1.243323507120588966e-06
8.854166666666666075e+00,-1.254635674452290442e-06
8.875000000000000000e+00,-1.265947875474602034e-06
8.895833333333332149e+00,-1.277259616604169623e-06
8.916666666666666075e+00,-1.288570410452340008e-06
8.937500000000000000e+00,-1.299879774179555465e-06
8.958333333333332149e+00,-1.311187229924148928e-06
8.979166666666666075e+00,-1.322492306934041316e-06
9.000000000000000000e+00,-1.333794539070670958e-06
9.020833333333332149e+00,-1.345093465364172874e-06
9.041666666666666075e+00,-1.356388630669419341e-06
9.062500000000000000e+00,-1.367679586694859993e-06
9.083333333333332149e+00,-1.378965891246453437e-06
9.104166666666666075e+00,-1.393423252318137247e-06
9.125000000000000000e+00,-1.415617750564531217e-06
9.145833333333332149e+00,-1.441812939991384234e-06
9.166666666666666075e+00,-1.468417223249913366e-06
9.187500000000000000e+00,-1.495430142775387066e-06
9.208333333333332149e+00,-1.522851390506581098e-06
9.229166666666666075e+00,-1.550680658812418275e-06
9.250000000000000000e+00,-1.578917568644279119e-06
9.270833333333332149e+00,-1.607561635678421224e-06
9.291666666666666075e+00,-1.636612254357370307e-06
9.312500000000000000e+00,-1.666068688344556851e-06
9.333333333333332149e+00,-1.695930067259735928e-06
9.354166666666666075e+00,-1.726195383205935275e-06
9.375000000000000000e+00,-1.756863491022487753e-06
9.395833333333332149e+00,-1.787933107391723295e-06
9.416666666666666075e+00,-1.819402810108453809e-06
9.437500000000000000e+00,-1.851271037685106753e-06
9.458333333333332149e+00,-1.883536089920707652e-06
9.479166666666666075e+00,-1.916196127770613210e-06
9.500000000000000000e+00,-1.949249173066827808e-06
9.520833333333332149e+00,-1.982693109605736107e-06
9.541666666666666075e+00,-2.016525680910045493e-06
9.562500000000000000e+00,-2.050744492622277567e-06
9.583333333333332149e+00,-2.085347014137535959e-06
9.604166666666666075e+00,-2.120330574244037815e-06
9.625000000000000000e+00,-2.155692366349645892e-06
9.645833333333332149e+00,-2.191429446674923666e-06
9.666666666666666075e+00,-2.227538733987458367e-06
9.687500000000000000e+00,-2.264017012779698202e-06
9.708333333333332149e+00,-2.300860931594103946e-06
9.729166666666666075e+00,-2.338067004643028300e-06
9.750000000000000000e+00,-2.375631612009726978e-06
9.770833333333332149e+00,-2.413551000975767752e-06
9.791666666666666075e+00,-2.451821287253991939e-06
9.812500000000000000e+00,-2.490438455101176563e-06
9.833333333333332149e+00,-2.529398358102502055e-06
9.854166666666666075e+00,-2.568696720484202605e-06
9.875000000000000000e+00,-2.608329138588907816e-06
9.895833333333332149e+00,-2.648291081803753650e-06
9.916666666666666075e+00,-2.688577892344287375e-06
9.937500000000000000e+00,-2.721899642005514515e-06
9.958333333333332149e+00,-2.739551225503442913e-06
9.979166666666666075e+00,-2.749727262825045785e-06
1.000000000000000000e+01,-2.759604942265177371e-06
1.002083333333333215e+01,-2.769186753163382713e-06
1.004166666666666607e+01,-2.778475136287159595e-06
1.006250000000000000e+01,-2.787472478472008582e-06
1.008333333333333215e+01,-2.796181114117428737e-06
1.010416666666666607e+01,-2.804603325748825722e-06
1.012500000000000000e+01,-2.812741342245227497e-06
1.014583333333333215e+01,-2.820597342840071645e-06
1.016666666666666607e+01,-2.828173455744092436e-06
1.018750000000000000e+01,-2.835471757742526167e-06
1.020833333333333215e+01,-2.842494274625593630e-06
1.022916666666666607e+01,-2.849242982276090422e-06
1.025000000000000000e+01,-2.855719806115102131e-06
1.027083333333333215e+01,-2.861926624329077899e-06
1.029166666666666607e+01,-2.867865267046839652e-06
1.031250000000000000e+01,-2.873537517104879759e-06
1.033333333333333215e+01,-2.878945111971074498e-06
1.035416666666666607e+01,-2.884089746855802191e-06
1.037500000000000000e+01,-2.888973074615340791e-06
1.039583333333333215e+01,-2.893596708533090396e-06
1.041666666666666607e+01,-2.897962224258370683e-06
1.043750000000000000e+01,-2.902071162010996948e-06
1.045833333333333215e+01,-2.905925031129969003e-06
1.047916666666666607e+01,-2.909525311435906731e-06
1.050000000000000000e+01,-2.912873455739338263e-06
1.052083333333333215e+01,-2.915970892397939875e-06
1.054166666666666607e+01,-2.918819032429417239e-06
1.056250000000000000e+01,-2.921419270141250701e-06
1.058333333333333215e+01,-2.923772986359232510e-06
1.060416666666666607e+01,-2.925881555430735227e-06
1.062500000000000000e+01,-2.927746347760240477e-06
1.064583333333333215e+01,-2.929368734321354710e-06
1.066666666666666607e+01,-2.930750091011886699e-06
1.068750000000000000e+01,-2.931891803542433818e-06
1.070833333333333215e+01,-2.932795273256352201e-06
1.072916666666666607e+01,-2.933461921889661777e-06
1.075000000000000000e+01,-2.933893196775907877e-06
1.077083333333333215e+01,-2.940060620403413738e-06
1.079166666666666607e+01,-2.957968411436225531e-06
1.081250000000000000e+01,-2.981281866777711577e-06
1.083333333333333215e+01,-3.004873699222426840e-06
1.085416666666666607e+01,-3.028744381265379934e-06
1.087500000000000000e+01,-3.052894013128484960e-06
1.089583333333333215e+01,-3.077322473898656059e-06
1.091666666666666607e+01,-3.102029492051025213e-06
1.093750000000000000e+01,-3.127014681522422056e-06
1.095833333333333215e+01,-3.152277557475944517e-06
1.097916666666666607e+01,-3.177817541605309527e-06
1.100000000000000000e+01,-3.203633965469750481e-06
1.102083333333333215e+01,-3.229726071896134591e-06
1.104166666666666607e+01,-3.256093013286428433e-06
1.106250000000000000e+01,-3.282733850375771454e-06
1.108333333333333215e+01,-3.309647552085214221e-06
1.110416666666666607e+01,-3.336832992950858226e-06
1.112500000000000000e+01,-3.364288951355007143e-06
1.114583333333333215e+01,-3.392014109235465128e-06
1.116666666666666607e+01,-3.420007049177543955e-06
1.118750000000000000e+01,-3.448266254267167178e-06
1.120833333333333215e+01,-3.476790105350630457e-06
1.122916666666666607e+01,-3.505576879412201420e-06
1.125000000000000000e+01,-3.534624750136170076e-06
1.127083333333333215e+01,-3.563931785334118374e-06
1.129166666666666607e+01,-3.593495945570368685e-06
1.131250000000000000e+01,-3.623315082283196965e-06
1.133333333333333215e+01,-3.653386935700033951e-06
1.135416666666666607e+01,-3.683709135980878322e-06
1.137500000000000000e+01,-3.714279201935184087e-06
1.139583333333333215e+01,-3.745094537030587128e-06
1.141666666666666607e+01,-3.776152430179629399e-06
1.143750000000000000e+01,-3.807450053167679010e-06
1.145833333333333215e+01,-3.838984461236773097e-06
1.147916666666666607e+01,-3.870752590139894724e-06
1.150000000000000000e+01,-3.902751256099258213e-06
1.152083333333333215e+01,-3.934977155298821205e-06
1.154166666666666607e+01,-3.967426861338388226e-06
1.156250000000000000e+01,-4.000096825306469076e-06
1.158333333333333215e+01,-4.032983373208524165e-06
1.160416666666666607e+01,-4.077872522419341041e-06
1.162500000000000000e+01,-4.144750251645537955e-06
1.164583333333333215e+01,-4.221871701840212553e-06
1.166666666666666607e+01,-4.300445470298665859e-06
1.168750000000000000e+01,-4.380478131325556482e-06
1.170833333333333215e+01,-4.461976052371477907e-06
1.172916666666666607e+01,-4.544945391815737945e-06
1.175000000000000000e+01,-4.629392096939578295e-06
1.177083333333333215e+01,-4.715321904378774742e-06
1.179166666666666607e+01,-4.802740336171232348e-06
1.181250000000000000e+01,-4.891652700210886691e-06
1.183333333333333215e+01,-4.982064090622322821e-06
1.185416666666666607e+01,-5.073979386835652649e-06
1.187500000000000000e+01,-5.167403250658599879e-06
1.189583333333333215e+01,-5.262340128004609850e-06
1.191666666666666607e+01,-5.358794248051888115e-06
1.193750000000000000e+01,-5.456769621812822789e-06
1.195833333333333215e+01,-5.556270044585067498e-06
1.197916666666666607e+01,-5.657299093416947753e-06
1.200000000000000000e+01,-5.759860129873721479e-06
1.202083333333333215e+01,-5.863956299184745584e-06
1.204166666666666607e+01,-5.969590531277072995e-06
1.206250000000000000e+01,-6.076765540308540995e-06
1.208333333333333215e+01,-6.185483825756012046e-06
1.210416666666666607e+01,-6.295747674695694905e-06
1.212500000000000000e+01,-6.407559162311852281e-06
1.214583333333333215e+01,-6.520920152549680281e-06
1.216666666666666607e+01,-6.635832300566066105e-06
1.218750000000000000e+01,-6.752297053463294759e-06
1.220833333333333215e+01,-6.870315650541370008e-06
1.222916666666666607e+01,-6.989889127847516426e-06
1.225000000000000000e+01,-7.111018318901022759e-06
1.227083333333333215e+01,-7.233703857105374920e-06
1.229166666666666607e+01,-7.357946176783235377e-06
1.231250000000000000e+01,-7.483745516094763043e-06
1.233333333333333215e+01,-7.611101920221915052e-06
1.235416666666666607e+01,-7.740015242896114726e-06
1.237500000000000000e+01,-7.870485151697886005e-06
1.239583333333333215e+01,-8.002511128648909147e-06
1.241666666666666607e+01,-8.136092472331663081e-06
1.243750000000000000e+01,-8.233372463582397383e-06
1.245833333333333215e+01,-8.268010485908036363e-06
1.247916666666666607e+01,-8.277427894607660916e-06
1.250000000000000000e+01,-8.286036837107699877e-06
1.252083333333333215e+01,-8.293148867574365183e-06
1.254166666666666607e+01,-8.298774974306388037e-06
1.256250000000000000e+01,-8.302919168243623428e-06
1.258333333333333215e+01,-8.305581737492930688e-06
1.260416666666666607e+01,-8.306760951921508471e-06
1.262500000000000000e+01,-8.306453945742972534e-06
1.264583333333333215e+01,-8.304657170663421340e-06
1.266666666666666607e+01,-8.301366625350792977e-06
1.268750000000000000e+01,-8.296577971984376090e-06
1.270833333333333215e+01,-8.290286593178432598e-06
1.272916666666666607e+01,-8.282487620004622565e-06
1.275000000000000000e+01,-8.273175944327839683e-06
1.277083333333333215e+01,-8.262346224850692592e-06
1.279166666666666607e+01,-8.249992888160518918e-06
1.281250000000000000e+01,-8.236110131205919872e-06
1.283333333333333215e+01,-8.220691920370255291e-06
1.285416666666666607e+01,-8.203731990796402519e-06
1.287500000000000000e+01,-8.185223845789740479e-06
1.289583333333333215e+01,-8.165160760163943376e-06
1.291666666666666607e+01,-8.143535778999298150e-06
1.293750000000000000e+01,-8.120341717852334971e-06
1.295833333333333215e+01,-8.095571163562148391e-06
1.297916666666666607e+01,-8.069216478136611616e-06
1.300000000000000000e+01,-8.041269799960394562e-06
1.302083333333333215e+01,-8.011723043451325979e-06
1.304166666666666607e+01,-7.980567904115269239e-06
1.306250000000000000e+01,-7.947795862661807993e-06
1.308333333333333215e+01,-7.913398185884238864e-06
1.310416666666666607e+01,-7.877365930294684491e-06
1.312500000000000000e+01,-7.839689946285315677e-06
1.314583333333333215e+01,-7.800360883575003634e-06
1.316666666666666607e+01,-7.759369196305991763e-06
1.318750000000000000e+01,-7.716705145788770297e-06
1.320833333333333215e+01,-7.672358807204722551e-06
1.322916666666666607e+01,-7.626320073804752041e-06
1.325000000000000000e+01,-7.578578664578278137e-06
1.327083333333333215e+01,-7.529124128937802595e-06
1.329166666666666607e+01,-7.536162708043263672e-06
1.331250000000000000e+01,-7.633053715680123991e-06
1.333333333333333215e+01,-7.766241583678551354e-06
1.335416666666666607e+01,-7.902421500239665848e-06
1.337500000000000000e+01,-8.041606144913423029e-06
1.339583333333333215e+01,-8.183806015710974689e-06
1.341666666666666607e+01,-8.329030241129920572e-06
1.343750000000000000e+01,-8.477286969982614738e-06
1.345833333333333215e+01,-8.628583555048737874e-06
1.347916666666666607e+01,-8.782926639161220839e-06
1.350000000000000000e+01,-8.940322193587977358e-06
1.352083333333333215e+01,-9.100775529899852046e-06
1.354166666666666607e+01,-9.264291306838173812e-06
1.356250000000000000e+01,-9.430873528513137108e-06
1.358333333333333215e+01,-9.600525540721526092e-06
1.360416666666666607e+01,-9.773250027330629332e-06
1.362500000000000000e+01,-9.949049004483233403e-06
1.364583333333333215e+01,-1.012792381774606275e-05
1.366666666666666607e+01,-1.030987513769176427e-05
1.368750000000000000e+01,-1.049490295653359795e-05
1.370833333333333215e+01,-1.068300658520638519e-05
1.372916666666666607e+01,-1.087418464924529366e-05
1.375000000000000000e+01,-1.106843508704959600e-05
1.377083333333333215e+01,-1.126575514763332973e-05
1.379166666666666607e+01,-1.146614138788074793e-05
1.381250000000000000e+01,-1.166958967357690754e-05
1.383333333333333215e+01,-1.187609517718630180e-05
1.385416666666666607e+01,-1.208565237625241519e-05
1.387500000000000000e+01,-1.229825505484757279e-05
1.389583333333333215e+01,-1.251389630397756452e-05
1.391666666666666607e+01,-1.273256852062049993e-05
1.393750000000000000e+01,-1.295426341064293257e-05
1.395833333333333215e+01,-1.317897198814917603e-05
1.397916666666666607e+01,-1.340668457815201919e-05
1.400000000000000000e+01,-1.363739082088779664e-05
1.402083333333333215e+01,-1.387107967167294873e-05
1.404166666666666607e+01,-1.410773940359766766e-05
1.406250000000000000e+01,-1.434735761403127313e-05
1.408333333333333215e+01,-1.458992122398762884e-05
1.410416666666666607e+01,-1.483541648515565147e-05
1.412500000000000000e+01,-1.502315961577759418e-05
1.414583333333333215e+01,-1.512532998799553507e-05
1.416666666666666607e+01,-1.519587429120862303e-05
1.418750000000000000e+01,-1.526514798901566512e-05
1.420833333333333215e+01,-1.533314448943351709e-05
1.422916666666666607e+01,-1.539985646225282279e-05
1.425000000000000000e+01,-1.546527623072892557e-05
1.427083333333333215e+01,-1.552939594844527510e-05
1.429166666666666607e+01,-1.559220767473974614e-05
1.431250000000000000e+01,-1.565370340778592367e-05
1.433333333333333215e+01,-1.571387509535565261e-05
1.435416666666666607e+01,-1.577271463947449350e-05
1.437500000000000000e+01,-1.583021389682374470e-05
1.439583333333333215e+01,-1.588636467763260458e-05
1.441666666666666607e+01,-1.594115874216991014e-05
1.443750000000000000e+01,-1.599458779847967235e-05
1.445833333333333215e+01,-1.604664349925857391e-05
1.447916666666666607e+01,-1.609731743986342247e-05
1.450000000000000000e+01,-1.614660115608278993e-05
1.452083333333333215e+01,-1.619448612045896498e-05
1.454166666666666607e+01,-1.624096374126208098e-05
1.456250000000000000e+01,-1.628602535955951756e-05
1.458333333333333215e+01,-1.632966224641963469e-05
1.460416666666666607e+01,-1.637186560091922604e-05
1.462500000000000000e+01,-1.641262654804200982e-05
1.464583333333333215e+01,-1.645193613827628139e-05
1.466666666666666607e+01,-1.648978534433498486e-05
1.468750000000000000e+01,-1.652616505760581833e-05
1.470833333333333215e+01,-1.656106608987576584e-05
1.472916666666666607e+01,-1.659447917095994724e-05
1.475000000000000000e+01,-1.662639494495298919e-05
1.477083333333333215e+01,-1.665680397038417446e-05
1.479166666666666607e+01,-1.668569671994162094e-05
1.481250000000000000e+01,-1.671306357642929168e-05
1.483333333333333215e+01,-1.673889483371350344e-05
1.485416666666666607e+01,-1.676318069561638993e-05
1.487500000000000000e+01,-1.678591127408696117e-05
1.489583333333333215e+01,-1.680707658931006581e-05
1.491666666666666607e+01,-1.682666656771254331e-05
1.493750000000000000e+01,-1.684467104177717490e-05
1.495833333333333215e+01,-1.690064924821977916e-05
1.497916666666666607e+01,-1.700901515077322696e-05
1.500000000000000000e+01,-1.713596583325619101e-05
1.502083333333333215e+01,-1.726429131047651708e-05
1.504166666666666607e+01,-1.739400934319971972e-05
1.506250000000000000e+01,-1.752514025131219743e-05
1.508333333333333215e+01,-1.765770573834875290e-05
1.510416666666666607e+01,-1.779172833620565677e-05
1.512500000000000000e+01,-1.792723114288818833e-05
1.514583333333333215e+01,-1.806423769871447985e-05
1.516666666666666607e+01,-1.820277193259937053e-05
1.518750000000000000e+01,-1.834285813476308619e-05
1.520833333333333215e+01,-1.848452094902906708e-05
1.522916666666666607e+01,-1.862778536936059246e-05
1.525000000000000000e+01,-1.877267674264013284e-05
1.527083333333333215e+01,-1.891922077243261575e-05
1.529166666666666607e+01,-1.906744352063742456e-05
1.531250000000000000e+01,-1.921737141293976703e-05
1.533333333333333215e+01,-1.936903124507259339e-05
1.535416666666666607e+01,-1.952245018541900676e-05
1.537500000000000000e+01,-1.967765578020927789e-05
1.539583333333333215e+01,-1.983467595906588873e-05
1.541666666666666607e+01,-1.999353903840673467e-05
1.543750000000000000e+01,-2.015427372872803571e-05
1.545833333333333215e+01,-2.031690913925068495e-05
1.547916666666666607e+01,-2.048147478300439781e-05
1.550000000000000000e+01,-2.064800058105414893e-05
1.552083333333333215e+01,-2.081651686941065997e-05
1.554166666666666607e+01,-2.098705440289352041e-05
1.556250000000000000e+01,-2.115964436294102101e-05
1.558333333333333215e+01,-2.133431836075022018e-05
1.560416666666666607e+01,-2.151110844352650212e-05
1.562500000000000000e+01,-2.169004710166565729e-05
1.564583333333333215e+01,-2.187116727345812719e-05
1.566666666666666607e+01,-2.205450235159389216e-05
1.568750000000000000e+01,-2.224008618668634526e-05
1.570833333333333215e+01,-2.242795309678876844e-05
1.572916666666666607e+01,-2.261813787185593290e-05
1.575000000000000000e+01,-2.281067578074240723e-05
1.577083333333333215e+01,-2.300560257685070869e-05
1.579166666666666607e+01,-2.316944600480261036e-05
1.581250000000000000e+01,-2.329266048848829037e-05
1.583333333333333215e+01,-2.340266760785881042e-05
1.585416666666666607e+01,-2.351203066281880218e-05
1.587500000000000000e+01,-2.362071181206720945e-05
1.589583333333333215e+01,-2.372867312134250596e-05
1.591666666666666607e+01,-2.383587636016503732e-05
1.593750000000000000e+01,-2.394228290427346216e-05
1.595833333333333215e+01,-2.404785369114568333e-05
1.597916666666666607e+01,-2.415254920217196205e-05
1.600000000000000000e+01,-2.425632945448111775e-05
1.602083333333333215e+01,-2.435915399713172586e-05
1.604166666666666430e+01,-2.446098191164749677e-05
1.606250000000000000e+01,-2.456177181143310781e-05
1.608333333333333215e+01,-2.466148184473537612e-05
1.610416666666666430e+01,-2.476006969755304050e-05
1.612500000000000000e+01,-2.485749259366473382e-05
1.614583333333333215e+01,-2.495370729797721614e-05
1.616666666666666430e+01,-2.504867011935774448e-05
1.618750000000000000e+01,-2.514233691305726472e-05
1.620833333333333215e+01,-2.523466308494985884e-05
1.622916666666666430e+01,-2.532560359459930244e-05
1.625000000000000000e+01,-2.541511295624655602e-05
1.627083333333333215e+01,-2.550314524443872584e-05
1.629166666666666430e+01,-2.558965409726020324e-05
1.631250000000000000e+01,-2.567459272120962283e-05
1.633333333333333215e+01,-2.575791389535213999e-05
1.635416666666666430e+01,-2.583956997342386729e-05
1.637500000000000000e+01,-2.591951288891114480e-05
1.639583333333333215e+01,-2.599769416196232898e-05
1.641666666666666430e+01,-2.607406490244133963e-05
1.643750000000000000e+01,-2.614857581609980608e-05
1.645833333333333215e+01,-2.622117720862135806e-05
1.647916666666666430e+01,-2.629181899266742201e-05
1.650000000000000000e+01,-2.636045069166260447e-05
1.652083333333333215e+01,-2.642702144682292434e-05
1.654166666666666430e+01,-2.649148002352896998e-05
1.656250000000000000e+01,-2.655377481670831256e-05
1.658333333333333215e+01,-2.661385385813955923e-05
1.660416666666666430e+01,-2.667166482411939717e-05
1.662500000000000000e+01,-2.678586926144308107e-05
1.664583333333333215e+01,-2.696848041729735072e-05
1.666666666666666430e+01,-2.717283861464604537e-05
1.668750000000000000e+01,-2.737999858093724190e-05
1.670833333333333215e+01,-2.759005896862888781e-05
1.672916666666666430e+01,-2.780311171470960414e-05
1.675000000000000000e+01,-2.801924635018309545e-05
1.677083333333333215e+01,-2.823855206787761508e-05
1.679166666666666430e+01,-2.846111871764142771e-05
1.681250000000000000e+01,-2.868703729492724265e-05
1.683333333333333215e+01,-2.891640019249191659e-05
1.685416666666666430e+01,-2.914930133679906159e-05
1.687500000000000000e+01,-2.938583626732344661e-05
1.689583333333333215e+01,-2.962610219434786384e-05
1.691666666666666430e+01,-2.987019804203999880e-05
1.693750000000000000e+01,-3.011822448879841220e-05
1.695833333333333215e+01,-3.037028400409156129e-05
1.697916666666666430e+01,-3.062648088495139448e-05
1.700000000000000000e+01,-3.088692129348436129e-05
1.702083333333333215e+01,-3.115171329470833340e-05
1.704166666666666430e+01,-3.142096689420868089e-05
1.706250000000000000e+01,-3.169479407550746843e-05
1.708333333333333215e+01,-3.197330884110289283e-05
1.710416666666666430e+01,-3.225662725438041903e-05
1.712500000000000000e+01,-3.254486747745685693e-05
1.714583333333333215e+01,-3.283814981603250423e-05
1.716666666666666430e+01,-3.313659676233986391e-05
1.718750000000000000e+01,-3.344033303724733459e-05
1.720833333333333215e+01,-3.374948563626602865e-05
1.722916666666666430e+01,-3.406418387530158604e-05
1.725000000000000000e+01,-3.438455943810710125e-05
1.727083333333333215e+01,-3.471074642205835593e-05
1.729166666666666430e+01,-3.504288138966404724e-05
1.731250000000000000e+01,-3.538110341434102038e-05
1.733333333333333215e+01,-3.572555413231285823e-05
1.735416666666666430e+01,-3.607637779510499895e-05
1.737500000000000000e+01,-3.643372132085070068e-05
1.739583333333333215e+01,-3.679773434988199005e-05
1.741666666666666430e+01,-3.716856929725665531e-05
1.743750000000000000e+01,-3.754638140729665147e-05
1.745833333333333215e+01,-3.786754600729712317e-05
1.747916666666666430e+01,-3.812304713145015130e-05
1.750000000000000000e+01,-3.836181888924026541e-05
1.752083333333333215e+01,-3.860146283306211019e-05
1.754166666666666430e+01,-3.884190732893763945e-05
1.756250000000000000e+01,-3.908308519762811878e-05
1.758333333333333215e+01,-3.932493074047349428e-05
1.760416666666666430e+01,-3.956737833026632151e-05
1.762500000000000000e+01,-3.981036173582655491e-05
1.764583333333333215e+01,-4.005381379866058446e-05
1.766666666666666430e+01,-4.029766628352673442e-05
1.768750000000000000e+01,-4.054184980206015920e-05
1.770833333333333215e+01,-4.078629377573346135e-05
1.772916666666666430e+01,-4.103092642092007192e-05
1.775000000000000000e+01,-4.127567473848005493e-05
1.777083333333333215e+01,-4.152046450907049928e-05
1.779166666666666430e+01,-4.176522029187049699e-05
1.781250000000000000e+01,-4.200986542285400915e-05
1.783333333333333215e+01,-4.225432201452250167e-05
1.785416666666666430e+01,-4.249851095853825547e-05
1.787500000000000000e+01,-4.274235192648807857e-05
1.789583333333333215e+01,-4.298576337049414553e-05
1.791666666666666430e+01,-4.322866252753996413e-05
1.793750000000000000e+01,-4.347096542085208265e-05
1.795833333333333215e+01,-4.371258686187767459e-05
1.797916666666666430e+01,-4.395344045623941071e-05
1.800000000000000000e+01,-4.419343860841921240e-05
1.802083333333333215e+01,-4.443249252362004367e-05
1.804166666666666430e+01,-4.467051221553443655e-05
1.806250000000000000e+01,-4.490740650958408714e-05
1.808333333333333215e+01,-4.514308305042426944e-05
1.810416666666666430e+01,-4.537744830962519085e-05
1.812500000000000000e+01,-4.561040759087356053e-05
1.814583333333333215e+01,-4.584186503814443800e-05
1.816666666666666430e+01,-4.607172364372736501e-05
1.818750000000000000e+01,-4.629988525761078583e-05
1.820833333333333215e+01,-4.652625059610535768e-05
1.822916666666666430e+01,-4.675071924953831670e-05
1.825000000000000000e+01,-4.697318969588710341e-05
1.827083333333333215e+01,-4.719355931015207367e-05
1.829166666666666430e+01,-4.741811641899599736e-05
1.831250000000000000e+01,-4.764841799110566475e-05
1.833333333333333215e+01,-4.788055327343155448e-05
1.835416666666666430e+01,-4.811325921560234350e-05
1.837500000000000000e+01,-4.834661948291277614e-05
1.839583333333333215e+01,-4.858071879384638289e-05
1.841666666666666430e+01,-4.881564294394440812e-05
1.843750000000000000e+01,-4.905147882368083440e-05
1.845833333333333215e+01,-4.928831443750574318e-05
1.847916666666666430e+01,-4.952623892466589961e-05
1.850000000000000000e+01,-4.976534257578133641e-05
1.852083333333333215e+01,-5.000571685243905551e-05
1.854166666666666430e+01,-5.024745440875780927e-05
1.856250000000000000e+01,-5.049064911169997769e-05
1.858333333333333215e+01,-5.073539606077455758e-05
1.860416666666666430e+01,-5.098179161089127706e-05
1.862500000000000000e+01,-5.122993339691257059e-05
1.864583333333333215e+01,-5.147992035418142917e-05
1.866666666666666430e+01,-5.173185274309679421e-05
1.868750000000000000e+01,-5.198583217674249829e-05
1.870833333333333215e+01,-5.224196164388839742e-05
1.872916666666666430e+01,-5.250034553624331052e-05
1.875000000000000000e+01,-5.276108967774799374e-05
1.877083333333333215e+01,-5.302430134906856857e-05
1.879166666666666430e+01,-5.329008931659025630e-05
1.881250000000000000e+01,-5.355856386383885809e-05
1.883333333333333215e+01,-5.382983681954944810e-05
1.885416666666666430e+01,-5.410402158880552731e-05
1.887500000000000000e+01,-5.438123318611152654e-05
1.889583333333333215e+01,-5.466158826716166486e-05
1.891666666666666430e+01,-5.494520516004545649e-05
1.893750000000000000e+01,-5.523220389926867396e-05
1.895833333333333215e+01,-5.552270626110267573e-05
1.897916666666666430e+01,-5.581683579878021079e-05
1.900000000000000000e+01,-5.611471787932273067e-05
1.902083333333333215e+01,-5.641647971719836174e-05
1.904166666666666430e+01,-5.672225041386189104e-05
1.906250000000000000e+01,-5.703216099718936768e-05
1.908333333333333215e+01,-5.734634445615869464e-05
1.910416666666666430e+01,-5.766493578403253384e-05
1.912500000000000000e+01,-5.802728895289979358e-05
1.914583333333333215e+01,-5.843206583492927680e-05
1.916666666666666430e+01,-5.884915626650725345e-05
1.918750000000000000e+01,-5.927061653415765033e-05
1.920833333333333215e+01,-5.969643085482851871e-05
1.922916666666666430e+01,-6.012656253867989034e-05
1.925000000000000000e+01,-6.056096380522126357e-05
1.927083333333333215e+01,-6.099958048793501300e-05
1.929166666666666430e+01,-6.144235427994488435e-05
1.931250000000000000e+01,-6.188922379833129706e-05
1.933333333333333215e+01,-6.234012507997949842e-05
1.935416666666666430e+01,-6.279499181195517810e-05
1.937500000000000000e+01,-6.325375542796116482e-05
1.939583333333333215e+01,-6.371634514350590917e-05
1.941666666666666430e+01,-6.418268796443311885e-05
1.943750000000000000e+01,-6.465270867755295095e-05
1.945833333333333215e+01,-6.512632984003591252e-05
1.947916666666666430e+01,-6.560347176066223460e-05
1.950000000000000000e+01,-6.608405248316072053e-05
1.952083333333333215e+01,-6.656798777006801143e-05
1.954166666666666430e+01,-6.705519108392591840e-05
1.956250000000000000e+01,-6.754557357062287298e-05
1.958333333333333215e+01,-6.803904404389720870e-05
1.960416666666666430e+01,-6.853550896679340074e-05
1.962500000000000000e+01,-6.903487243971329068e-05
1.964583333333333215e+01,-6.953703618392016728e-05
1.966666666666666430e+01,-7.004189952477353140e-05
1.968750000000000000e+01,-7.054935937933276210e-05
1.970833333333333215e+01,-7.105931024635340001e-05
1.972916666666666430e+01,-7.157164418871916900e-05
1.975000000000000000e+01,-7.208625082421758409e-05
1.977083333333333215e+01,-7.260301731399840253e-05
1.979166666666666430e+01,-7.312182834987284580e-05
1.981250000000000000e+01,-7.364256614490706163e-05
1.983333333333333215e+01,-7.416511042557813807e-05
1.985416666666666430e+01,-7.468933842088567795e-05
1.987500000000000000e+01,-7.521512485283987637e-05
1.989583333333333215e+01,-7.574234193177516519e-05
1.991666666666666430e+01,-7.627085934840864903e-05
1.993750000000000000e+01,-7.680054426579705981e-05
1.995833333333333215e+01,-7.732638606078442653e-05
1.997916666666666430e+01,-7.784995122271263709e-05
2.000000000000000000e+01,-7.837554891414102304e-05
2.002083333333333215e+01,-7.890402370395836751e-05
2.004166666666666430e+01,-7.943536929966559662e-05
2.006250000000000000e+01,-7.996962113411207329e-05
2.008333333333333215e+01,-8.050683481519889384e-05
2.010416666666666430e+01,-8.104707597084582354e-05
2.012500000000000000e+01,-8.159041546091771319e-05
2.014583333333333215e+01,-8.213692712358972026e-05
2.016666666666666430e+01,-8.268668671152380051e-05
2.018750000000000000e+01,-8.323977139470389863e-05
2.020833333333333215e+01,-8.379625953195725396e-05
2.022916666666666430e+01,-8.435623056348047488e-05
2.025000000000000000e+01,-8.491976496614091902e-05
2.027083333333333215e+01,-8.548694423509035911e-05
2.029166666666666430e+01,-8.605785088383523934e-05
2.031250000000000000e+01,-8.663256844355232689e-05
2.033333333333333215e+01,-8.721118146980209179e-05
2.035416666666666430e+01,-8.779377554976250386e-05
2.037500000000000000e+01,-8.838043731068580960e-05
2.039583333333333215e+01,-8.897125442832928832e-05
2.041666666666666430e+01,-8.956631563454813677e-05
2.043750000000000000e+01,-9.016571072833611672e-05
2.045833333333333215e+01,-9.076953058397008167e-05
2.047916666666666430e+01,-9.137786715976078944e-05
2.050000000000000000e+01,-9.199081350984815442e-05
2.052083333333333215e+01,-9.260846379172908011e-05
2.054166666666666430e+01,-9.323091327507852799e-05
2.056250000000000000e+01,-9.385825835364885322e-05
2.058333333333333215e+01,-9.449059655576401429e-05
2.060416666666666430e+01,-9.512802655233919963e-05
2.062500000000000000e+01,-9.577064816878276543e-05
2.064583333333333215e+01,-9.641856239441057991e-05
2.066666666666666430e+01,-9.707187139205031984e-05
2.068750000000000000e+01,-9.773067850985753952e-05
2.070833333333333215e+01,-9.839508829146640517e-05
2.072916666666666430e+01,-9.906520648735560319e-05
2.075000000000000000e+01,-9.974114006479871397e-05
2.077083333333333215e+01,-1.004229972198468143e-04
2.079166666666666430e+01,-1.010894557746848735e-04
2.081250000000000000e+01,-1.017421869082555178e-04
2.083333333333333215e+01,-1.023961985659061630e-04
2.085416666666666430e+01,-1.030543570413027660e-04
2.087500000000000000e+01,-1.037167269157908064e-04
2.089583333333333215e+01,-1.043833440546237598e-04
2.091666666666666430e+01,-1.050542306310440349e-04
2.093750000000000000e+01,-1.057294022445785103e-04
2.095833333333333215e+01,-1.064088712919332436e-04
2.097916666666666430e+01,-1.070926485639295961e-04
2.100000000000000000e+01,-1.077807440003873685e-04
2.102083333333333215e+01,-1.084731670440916562e-04
2.104166666666666430e+01,-1.091699268107350351e-04
2.106250000000000000e+01,-1.098710321671388448e-04
2.108333333333333215e+01,-1.105764917640290543e-04
2.110416666666666430e+01,-1.112863140535144679e-04
2.112500000000000000e+01,-1.120005072966145585e-04
2.114583333333333215e+01,-1.127190795627182329e-04
2.116666666666666430e+01,-1.134420387299090935e-04
2.118750000000000000e+01,-1.141693924835316884e-04
2.120833333333333215e+01,-1.149011483141020376e-04
2.122916666666666430e+01,-1.156373135161080715e-04
2.125000000000000000e+01,-1.163778951842652301e-04
2.127083333333333215e+01,-1.171229002112084139e-04
2.129166666666666430e+01,-1.178723352867764099e-04
2.131250000000000000e+01,-1.186262068943793810e-04
2.133333333333333215e+01,-1.193845213088885748e-04
2.135416666666666430e+01,-1.201472845933550943e-04
2.137500000000000000e+01,-1.209145025978910007e-04
2.139583333333333215e+01,-1.216861809558546573e-04
2.141666666666666430e+01,-1.224623250822426401e-04
2.143750000000000000e+01,-1.232429401696200771e-04
2.145833333333333215e+01,-1.240280311891094403e-04
2.147916666666666430e+01,-1.248176028859748071e-04
2.150000000000000000e+01,-1.256116597756042411e-04
2.152083333333333215e+01,-1.264102061433848914e-04
2.154166666666666430e+01,-1.272132460403418985e-04
2.156250000000000000e+01,-1.280207832808459567e-04
2.158333333333333215e+01,-1.288328214413539050e-04
2.160416666666666430e+01,-1.296493638572497956e-04
2.162500000000000000e+01,-1.304753295426541379e-04
2.164583333333333215e+01,-1.313101990734226107e-04
2.166666666666666430e+01,-1.321506451197737228e-04
2.168750000000000000e+01,-1.329961788920815124e-04
2.170833333333333215e+01,-1.338468141088566821e-04
2.172916666666666430e+01,-1.347025753578919710e-04
2.175000000000000000e+01,-1.355634924952659262e-04
2.177083333333333215e+01,-1.364295980012236037e-04
2.179166666666666430e+01,-1.373009257247667300e-04
2.181250000000000000e+01,-1.381775102939691510e-04
2.183333333333333215e+01,-1.390593868368693656e-04
2.185416666666666430e+01,-1.399465908503306349e-04
2.187500000000000000e+01,-1.408391581369716414e-04
2.189583333333333215e+01,-1.417371247794474778e-04
2.191666666666666430e+01,-1.426405271272466677e-04
2.193750000000000000e+01,-1.435494017911357126e-04
2.195833333333333215e+01,-1.444637856422795880e-04
2.197916666666666430e+01,-1.453837158111540712e-04
2.200000000000000000e+01,-1.463092296879256460e-04
2.202083333333333215e+01,-1.472403649260579928e-04
2.204166666666666430e+01,-1.481771594414376877e-04
2.206250000000000000e+01,-1.491196514152312927e-04
2.208333333333333215e+01,-1.500678792962246294e-04
2.210416666666666430e+01,-1.510218817999562854e-04
2.212500000000000000e+01,-1.519816979117074099e-04
2.214583333333333215e+01,-1.529473668881124043e-04
2.216666666666666430e+01,-1.539189282577886272e-04
2.218750000000000000e+01,-1.548964218245265506e-04
2.220833333333333215e+01,-1.558798876676592560e-04
2.222916666666666430e+01,-1.568693661437511877e-04
2.225000000000000000e+01,-1.578648978895983573e-04
2.227083333333333215e+01,-1.588665238227045251e-04
2.229166666666666430e+01,-1.598742851420826422e-04
2.231250000000000000e+01,-1.608882233325378830e-04
2.233333333333333215e+01,-1.619083801640275322e-04
2.235416666666666430e+01,-1.629347976941277615e-04
2.237500000000000000e+01,-1.639675182681793464e-04
2.239583333333333215e+01,-1.650065845246167368e-04
2.241666666666666430e+01,-1.660520393936253808e-04
2.243750000000000000e+01,-1.671039260994783976e-04
2.245833333333333215e+01,-1.681695295117167227e-04
2.247916666666666430e+01,-1.692474251907740562e-04
2.250000000000000000e+01,-1.703326945570130674e-04
2.252083333333333215e+01,-1.714248809902337717e-04
2.254166666666666430e+01,-1.725240404611486089e-04
2.256250000000000000e+01,-1.736302214126583116e-04
2.258333333333333215e+01,-1.747434688471084796e-04
2.260416666666666430e+01,-1.758638262617465836e-04
2.262500000000000000e+01,-1.769913365658008775e-04
2.264583333333333215e+01,-1.781260425132592112e-04
2.266666666666666430e+01,-1.792679869108537022e-04
2.268750000000000000e+01,-1.804172127170960982e-04
2.270833333333333215e+01,-1.815737630885844861e-04
2.272916666666666430e+01,-1.827376814030941959e-04
2.275000000000000000e+01,-1.839090112709437091e-04
2.277083333333333215e+01,-1.850877965432953104e-04
2.279166666666666430e+01,-1.862740813132375550e-04
2.281250000000000000e+01,-1.874679099191211423e-04
2.283333333333333215e+01,-1.886693269470152839e-04
2.285416666666666430e+01,-1.898783772315507795e-04
2.287500000000000000e+01,-1.910951058600625363e-04
2.289583333333333215e+01,-1.923195581702945300e-04
2.291666666666666430e+01,-1.935517797523773897e-04
2.293750000000000000e+01,-1.947918164528252005e-04
2.295833333333333215e+01,-1.960397143754566418e-04
2.297916666666666430e+01,-1.972955198804166033e-04
2.300000000000000000e+01,-1.985592795882094169e-04
2.302083333333333215e+01,-1.998310403792408901e-04
2.304166666666666430e+01,-2.011108493976641876e-04
2.306250000000000000e+01,-2.023987540512965644e-04
2.308333333333333215e+01,-2.036948020128995923e-04
2.310416666666666430e+01,-2.049990412214593855e-04
2.312500000000000000e+01,-2.063115198852778776e-04
2.314583333333333215e+01,-2.076322864828835518e-04
2.316666666666666430e+01,-2.089613897635050205e-04
2.318750000000000000e+01,-2.102988787499593393e-04
2.320833333333333215e+01,-2.116448027394846748e-04
2.322916666666666430e+01,-2.129992113047395053e-04
2.325000000000000000e+01,-2.143621542970500227e-04
2.327083333333333215e+01,-2.157336818471283085e-04
2.329166666666666430e+01,-2.170724702718271337e-04
2.331250000000000000e+01,-2.183882407275003490e-04
2.333333333333333215e+01,-2.197087730652965559e-04
2.335416666666666430e+01,-2.210359462579015305e-04
2.337500000000000000e+01,-2.223697504657017737e-04
2.339583333333333215e+01,-2.237101957439351779e-04
2.341666666666666430e+01,-2.250573015655510378e-04
2.343750000000000000e+01,-2.264110918719242777e-04
2.345833333333333215e+01,-2.277715927323578637e-04
2.347916666666666430e+01,-2.291388312389095600e-04
2.350000000000000000e+01,-2.305128349824100281e-04
2.352083333333333215e+01,-2.318936318048952366e-04
2.354166666666666430e+01,-2.332812496831371263e-04
2.356250000000000000e+01,-2.346757166694045382e-04
2.358333333333333215e+01,-2.360770608671597381e-04
2.360416666666666430e+01,-2.374853104177669649e-04
2.362500000000000000e+01,-2.389004934911197198e-04
2.364583333333333215e+01,-2.403226382849850407e-04
2.366666666666666430e+01,-2.417517730188261521e-04
2.368750000000000000e+01,-2.431879259351867745e-04
2.370833333333333215e+01,-2.446311252972243472e-04
2.372916666666666430e+01,-2.460813993864306021e-04
2.375000000000000000e+01,-2.475387765030218762e-04
2.377083333333333215e+01,-2.490032849635920309e-04
2.379166666666666430e+01,-2.504749530996552842e-04
2.381250000000000000e+01,-2.519538092571674270e-04
2.383333333333333215e+01,-2.534398817952403932e-04
2.385416666666666430e+01,-2.549331990847215207e-04
2.387500000000000000e+01,-2.564337895057632044e-04
2.389583333333333215e+01,-2.579416814465634866e-04
2.391666666666666430e+01,-2.594569033041570910e-04
2.393750000000000000e+01,-2.609794834804862740e-04
2.395833333333333215e+01,-2.625094503827703207e-04
2.397916666666666430e+01,-2.640468324213406104e-04
2.400000000000000000e+01,-2.655916580077306854e-04
2.402083333333333215e+01,-2.671439555545773725e-04
2.404166666666666430e+01,-2.687037534706247788e-04
2.406250000000000000e+01,-2.702710801637895482e-04
2.408333333333333215e+01,-2.718459640380747888e-04
2.410416666666666430e+01,-2.734284334889227480e-04
2.412500000000000000e+01,-2.750185169054994438e-04
2.414583333333333215e+01,-2.766162426663127533e-04
2.416666666666666430e+01,-2.782216391393529248e-04
2.418750000000000000e+01,-2.798347346805157149e-04
2.420833333333333215e+01,-2.814555576290903721e-04
2.422916666666666430e+01,-2.830841363090710883e-04
2.425000000000000000e+01,-2.847204990270389008e-04
2.427083333333333215e+01,-2.863646740684355069e-04
2.429166666666666430e+01,-2.880166896956585371e-04
2.431250000000000000e+01,-2.896765741489150392e-04
2.433333333333333215e+01,-2.913443556428647885e-04
2.435416666666666430e+01,-2.930200623627692014e-04
2.437500000000000000e+01,-2.947037224649545067e-04
2.439583333333333215e+01,-2.963953640739130230e-04
2.441666666666666430e+01,-2.980950152805493525e-04
2.443750000000000000e+01,-2.998027041392972714e-04
2.445833333333333215e+01,-3.015184586658767318e-04
2.447916666666666430e+01,-3.032423068363987451e-04
2.450000000000000000e+01,-3.049742765846748249e-04
2.452083333333333215e+01,-3.067143957999687864e-04
2.454166666666666430e+01,-3.084626923236868934e-04
2.456250000000000000e+01,-3.102191939481808991e-04
2.458333333333333215e+01,-3.119839284142604530e-04
2.460416666666666430e+01,-3.137569234094340909e-04
2.462500000000000000e+01,-3.155382065641310074e-04
2.464583333333333215e+01,-3.173278054487450872e-04
2.466666666666666430e+01,-3.191257475731665294e-04
2.468750000000000000e+01,-3.209320603839091457e-04
2.470833333333333215e+01,-3.227467712595619154e-04
2.472916666666666430e+01,-3.245699075100083597e-04
2.475000000000000000e+01,-3.264014963741783404e-04
2.477083333333333215e+01,-3.282415650159679898e-04
2.479166666666666430e+01,-3.300901405211692508e-04
2.481250000000000000e+01,-3.319472498963665918e-04
2.483333333333333215e+01,-3.338129200639201877e-04
2.485416666666666430e+01,-3.356871778620491853e-04
2.487500000000000000e+01,-3.375700500387324166e-04
2.489583333333333215e+01,-3.394615632513024728e-04
2.491666666666666430e+01,-3.413617440619493015e-04
2.493750000000000000e+01,-3.432706189348787296e-04
